id,category,question,best_structure,sample_answer_short,sample_answer_long,personalization_fields,follow_up_questions,red_flags_to_avoid
"IC-TellMeAboutYourself-0001","TellMeAboutYourself","Tell me about yourself (internship screening).","Elevator 3-stop","[Point] Brief truthful headline for your situation. [Proof] One concrete artifact you owned. [Integrity] Mention VERIFY anywhere numbers aren't confirmed. [Close] Invite one thread. [Set 1] Replace bracket fields with truthful details; omit unknowns rather than guessing.","Use Elevator 3-stop: keep Situation/Task short; expand Actions YOU took; Results honest (metric or qualitative); Technology only where necessary (STAR+T). End with polite branch offer. Only substitute facts you can verify; say VERIFY for numbers.","[degree_major]; [graduation_month_year]; [location_constraints]; [top_project_hook]; [one_metric_or_VERIFY]; [one_failure_learning]; [one_tool_you_can_define]; Do not use scripts to cheat on live assessments—practice and communication rehearsal only.","`Drill-down: quantify impact?`|`Who else was involved—what was uniquely yours?`|`What trade-off did you consciously accept?`","Fake KPIs/unverifiable prestige; blaming-only answers; jargon without definitions; unethical shortcuts presented as heroic; contradictory timelines; exaggerated titles; mocking users/teammates"
"IC-TellMeAboutYourself-0002","TellMeAboutYourself","Give me a concise introduction (fresher full-time loop), then what you want next.","WHO+PROOF+AIM","[Point] Brief truthful headline for your situation. [Proof] One concrete artifact you owned. [Integrity] Mention VERIFY anywhere numbers aren't confirmed. [Close] Invite one thread. [Set 2] Replace bracket fields with truthful details; omit unknowns rather than guessing.","Use WHO+PROOF+AIM: keep Situation/Task short; expand Actions YOU took; Results honest (metric or qualitative); Technology only where necessary (STAR+T). End with polite branch offer. Only substitute facts you can verify; say VERIFY for numbers.","[degree_major]; [graduation_month_year]; [location_constraints]; [top_project_hook]; [one_metric_or_VERIFY]; [one_failure_learning]; [one_tool_you_can_define]; Do not use scripts to cheat on live assessments—practice and communication rehearsal only.","`Drill-down: quantify impact?`|`Who else was involved—what was uniquely yours?`|`What trade-off did you consciously accept?`","Fake KPIs/unverifiable prestige; blaming-only answers; jargon without definitions; unethical shortcuts presented as heroic; contradictory timelines; exaggerated titles; mocking users/teammates"
"IC-TellMeAboutYourself-0003","TellMeAboutYourself","Walk me through your background in about 45–60 seconds (off-campus HR round).","Elevator 3-stop","[Point] Brief truthful headline for your situation. [Proof] One concrete artifact you owned. [Integrity] Mention VERIFY anywhere numbers aren't confirmed. [Close] Invite one thread. [Set 3] Replace bracket fields with truthful details; omit unknowns rather than guessing.","Use Elevator 3-stop: keep Situation/Task short; expand Actions YOU took; Results honest (metric or qualitative); Technology only where necessary (STAR+T). End with polite branch offer. Only substitute facts you can verify; say VERIFY for numbers.","[degree_major]; [graduation_month_year]; [location_constraints]; [top_project_hook]; [one_metric_or_VERIFY]; [one_failure_learning]; [one_tool_you_can_define]; Do not use scripts to cheat on live assessments—practice and communication rehearsal only.","`Drill-down: quantify impact?`|`Who else was involved—what was uniquely yours?`|`What trade-off did you consciously accept?`","Fake KPIs/unverifiable prestige; blaming-only answers; jargon without definitions; unethical shortcuts presented as heroic; contradictory timelines; exaggerated titles; mocking users/teammates"
"IC-TellMeAboutYourself-0004","TellMeAboutYourself","How would you describe yourself academically and professionally (mentor introduction)?","PREP lite","[Point] Brief truthful headline for your situation. [Proof] One concrete artifact you owned. [Integrity] Mention VERIFY anywhere numbers aren't confirmed. [Close] Invite one thread. [Set 4] Replace bracket fields with truthful details; omit unknowns rather than guessing.","Use PREP lite: keep Situation/Task short; expand Actions YOU took; Results honest (metric or qualitative); Technology only where necessary (STAR+T). End with polite branch offer. Only substitute facts you can verify; say VERIFY for numbers.","[degree_major]; [graduation_month_year]; [location_constraints]; [top_project_hook]; [one_metric_or_VERIFY]; [one_failure_learning]; [one_tool_you_can_define]; Do not use scripts to cheat on live assessments—practice and communication rehearsal only.","`Drill-down: quantify impact?`|`Who else was involved—what was uniquely yours?`|`What trade-off did you consciously accept?`","Fake KPIs/unverifiable prestige; blaming-only answers; jargon without definitions; unethical shortcuts presented as heroic; contradictory timelines; exaggerated titles; mocking users/teammates"
"IC-TellMeAboutYourself-0005","TellMeAboutYourself","Tell me about yourself (alumni referral chat).","Elevator 3-stop","[Point] Brief truthful headline for your situation. [Proof] One concrete artifact you owned. [Integrity] Mention VERIFY anywhere numbers aren't confirmed. [Close] Invite one thread. [Set 5] Replace bracket fields with truthful details; omit unknowns rather than guessing.","Use Elevator 3-stop: keep Situation/Task short; expand Actions YOU took; Results honest (metric or qualitative); Technology only where necessary (STAR+T). End with polite branch offer. Only substitute facts you can verify; say VERIFY for numbers.","[degree_major]; [graduation_month_year]; [location_constraints]; [top_project_hook]; [one_metric_or_VERIFY]; [one_failure_learning]; [one_tool_you_can_define]; Do not use scripts to cheat on live assessments—practice and communication rehearsal only.","`Drill-down: quantify impact?`|`Who else was involved—what was uniquely yours?`|`What trade-off did you consciously accept?`","Fake KPIs/unverifiable prestige; blaming-only answers; jargon without definitions; unethical shortcuts presented as heroic; contradictory timelines; exaggerated titles; mocking users/teammates"
"IC-TellMeAboutYourself-0006","TellMeAboutYourself","Give me a concise introduction (internship screening), then what you want next.","WHO+PROOF+AIM","[Point] Brief truthful headline for your situation. [Proof] One concrete artifact you owned. [Integrity] Mention VERIFY anywhere numbers aren't confirmed. [Close] Invite one thread. [Set 6] Replace bracket fields with truthful details; omit unknowns rather than guessing.","Use WHO+PROOF+AIM: keep Situation/Task short; expand Actions YOU took; Results honest (metric or qualitative); Technology only where necessary (STAR+T). End with polite branch offer. Only substitute facts you can verify; say VERIFY for numbers.","[degree_major]; [graduation_month_year]; [location_constraints]; [top_project_hook]; [one_metric_or_VERIFY]; [one_failure_learning]; [one_tool_you_can_define]; Do not use scripts to cheat on live assessments—practice and communication rehearsal only.","`Drill-down: quantify impact?`|`Who else was involved—what was uniquely yours?`|`What trade-off did you consciously accept?`","Fake KPIs/unverifiable prestige; blaming-only answers; jargon without definitions; unethical shortcuts presented as heroic; contradictory timelines; exaggerated titles; mocking users/teammates"
"IC-TellMeAboutYourself-0007","TellMeAboutYourself","Walk me through your background in about 45–60 seconds (fresher full-time loop).","Elevator 3-stop","[Point] Brief truthful headline for your situation. [Proof] One concrete artifact you owned. [Integrity] Mention VERIFY anywhere numbers aren't confirmed. [Close] Invite one thread. [Set 1] Replace bracket fields with truthful details; omit unknowns rather than guessing.","Use Elevator 3-stop: keep Situation/Task short; expand Actions YOU took; Results honest (metric or qualitative); Technology only where necessary (STAR+T). End with polite branch offer. Only substitute facts you can verify; say VERIFY for numbers.","[degree_major]; [graduation_month_year]; [location_constraints]; [top_project_hook]; [one_metric_or_VERIFY]; [one_failure_learning]; [one_tool_you_can_define]; Do not use scripts to cheat on live assessments—practice and communication rehearsal only.","`Drill-down: quantify impact?`|`Who else was involved—what was uniquely yours?`|`What trade-off did you consciously accept?`","Fake KPIs/unverifiable prestige; blaming-only answers; jargon without definitions; unethical shortcuts presented as heroic; contradictory timelines; exaggerated titles; mocking users/teammates"
"IC-TellMeAboutYourself-0008","TellMeAboutYourself","How would you describe yourself academically and professionally (off-campus HR round)?","PREP lite","[Point] Brief truthful headline for your situation. [Proof] One concrete artifact you owned. [Integrity] Mention VERIFY anywhere numbers aren't confirmed. [Close] Invite one thread. [Set 2] Replace bracket fields with truthful details; omit unknowns rather than guessing.","Use PREP lite: keep Situation/Task short; expand Actions YOU took; Results honest (metric or qualitative); Technology only where necessary (STAR+T). End with polite branch offer. Only substitute facts you can verify; say VERIFY for numbers.","[degree_major]; [graduation_month_year]; [location_constraints]; [top_project_hook]; [one_metric_or_VERIFY]; [one_failure_learning]; [one_tool_you_can_define]; Do not use scripts to cheat on live assessments—practice and communication rehearsal only.","`Drill-down: quantify impact?`|`Who else was involved—what was uniquely yours?`|`What trade-off did you consciously accept?`","Fake KPIs/unverifiable prestige; blaming-only answers; jargon without definitions; unethical shortcuts presented as heroic; contradictory timelines; exaggerated titles; mocking users/teammates"
"IC-TellMeAboutYourself-0009","TellMeAboutYourself","Tell me about yourself (mentor introduction).","Elevator 3-stop","[Point] Brief truthful headline for your situation. [Proof] One concrete artifact you owned. [Integrity] Mention VERIFY anywhere numbers aren't confirmed. [Close] Invite one thread. [Set 3] Replace bracket fields with truthful details; omit unknowns rather than guessing.","Use Elevator 3-stop: keep Situation/Task short; expand Actions YOU took; Results honest (metric or qualitative); Technology only where necessary (STAR+T). End with polite branch offer. Only substitute facts you can verify; say VERIFY for numbers.","[degree_major]; [graduation_month_year]; [location_constraints]; [top_project_hook]; [one_metric_or_VERIFY]; [one_failure_learning]; [one_tool_you_can_define]; Do not use scripts to cheat on live assessments—practice and communication rehearsal only.","`Drill-down: quantify impact?`|`Who else was involved—what was uniquely yours?`|`What trade-off did you consciously accept?`","Fake KPIs/unverifiable prestige; blaming-only answers; jargon without definitions; unethical shortcuts presented as heroic; contradictory timelines; exaggerated titles; mocking users/teammates"
"IC-TellMeAboutYourself-0010","TellMeAboutYourself","Give me a concise introduction (alumni referral chat), then what you want next.","WHO+PROOF+AIM","[Point] Brief truthful headline for your situation. [Proof] One concrete artifact you owned. [Integrity] Mention VERIFY anywhere numbers aren't confirmed. [Close] Invite one thread. [Set 4] Replace bracket fields with truthful details; omit unknowns rather than guessing.","Use WHO+PROOF+AIM: keep Situation/Task short; expand Actions YOU took; Results honest (metric or qualitative); Technology only where necessary (STAR+T). End with polite branch offer. Only substitute facts you can verify; say VERIFY for numbers.","[degree_major]; [graduation_month_year]; [location_constraints]; [top_project_hook]; [one_metric_or_VERIFY]; [one_failure_learning]; [one_tool_you_can_define]; Do not use scripts to cheat on live assessments—practice and communication rehearsal only.","`Drill-down: quantify impact?`|`Who else was involved—what was uniquely yours?`|`What trade-off did you consciously accept?`","Fake KPIs/unverifiable prestige; blaming-only answers; jargon without definitions; unethical shortcuts presented as heroic; contradictory timelines; exaggerated titles; mocking users/teammates"
"IC-TellMeAboutYourself-0011","TellMeAboutYourself","Walk me through your background in about 45–60 seconds (internship screening).","Elevator 3-stop","[Point] Brief truthful headline for your situation. [Proof] One concrete artifact you owned. [Integrity] Mention VERIFY anywhere numbers aren't confirmed. [Close] Invite one thread. [Set 5] Replace bracket fields with truthful details; omit unknowns rather than guessing.","Use Elevator 3-stop: keep Situation/Task short; expand Actions YOU took; Results honest (metric or qualitative); Technology only where necessary (STAR+T). End with polite branch offer. Only substitute facts you can verify; say VERIFY for numbers.","[degree_major]; [graduation_month_year]; [location_constraints]; [top_project_hook]; [one_metric_or_VERIFY]; [one_failure_learning]; [one_tool_you_can_define]; Do not use scripts to cheat on live assessments—practice and communication rehearsal only.","`Drill-down: quantify impact?`|`Who else was involved—what was uniquely yours?`|`What trade-off did you consciously accept?`","Fake KPIs/unverifiable prestige; blaming-only answers; jargon without definitions; unethical shortcuts presented as heroic; contradictory timelines; exaggerated titles; mocking users/teammates"
"IC-TellMeAboutYourself-0012","TellMeAboutYourself","How would you describe yourself academically and professionally (fresher full-time loop)?","PREP lite","[Point] Brief truthful headline for your situation. [Proof] One concrete artifact you owned. [Integrity] Mention VERIFY anywhere numbers aren't confirmed. [Close] Invite one thread. [Set 6] Replace bracket fields with truthful details; omit unknowns rather than guessing.","Use PREP lite: keep Situation/Task short; expand Actions YOU took; Results honest (metric or qualitative); Technology only where necessary (STAR+T). End with polite branch offer. Only substitute facts you can verify; say VERIFY for numbers.","[degree_major]; [graduation_month_year]; [location_constraints]; [top_project_hook]; [one_metric_or_VERIFY]; [one_failure_learning]; [one_tool_you_can_define]; Do not use scripts to cheat on live assessments—practice and communication rehearsal only.","`Drill-down: quantify impact?`|`Who else was involved—what was uniquely yours?`|`What trade-off did you consciously accept?`","Fake KPIs/unverifiable prestige; blaming-only answers; jargon without definitions; unethical shortcuts presented as heroic; contradictory timelines; exaggerated titles; mocking users/teammates"
"IC-TellMeAboutYourself-0013","TellMeAboutYourself","Tell me about yourself (off-campus HR round).","Elevator 3-stop","[Point] Brief truthful headline for your situation. [Proof] One concrete artifact you owned. [Integrity] Mention VERIFY anywhere numbers aren't confirmed. [Close] Invite one thread. [Set 1] Replace bracket fields with truthful details; omit unknowns rather than guessing.","Use Elevator 3-stop: keep Situation/Task short; expand Actions YOU took; Results honest (metric or qualitative); Technology only where necessary (STAR+T). End with polite branch offer. Only substitute facts you can verify; say VERIFY for numbers.","[degree_major]; [graduation_month_year]; [location_constraints]; [top_project_hook]; [one_metric_or_VERIFY]; [one_failure_learning]; [one_tool_you_can_define]; Do not use scripts to cheat on live assessments—practice and communication rehearsal only.","`Drill-down: quantify impact?`|`Who else was involved—what was uniquely yours?`|`What trade-off did you consciously accept?`","Fake KPIs/unverifiable prestige; blaming-only answers; jargon without definitions; unethical shortcuts presented as heroic; contradictory timelines; exaggerated titles; mocking users/teammates"
"IC-TellMeAboutYourself-0014","TellMeAboutYourself","Give me a concise introduction (mentor introduction), then what you want next.","WHO+PROOF+AIM","[Point] Brief truthful headline for your situation. [Proof] One concrete artifact you owned. [Integrity] Mention VERIFY anywhere numbers aren't confirmed. [Close] Invite one thread. [Set 2] Replace bracket fields with truthful details; omit unknowns rather than guessing.","Use WHO+PROOF+AIM: keep Situation/Task short; expand Actions YOU took; Results honest (metric or qualitative); Technology only where necessary (STAR+T). End with polite branch offer. Only substitute facts you can verify; say VERIFY for numbers.","[degree_major]; [graduation_month_year]; [location_constraints]; [top_project_hook]; [one_metric_or_VERIFY]; [one_failure_learning]; [one_tool_you_can_define]; Do not use scripts to cheat on live assessments—practice and communication rehearsal only.","`Drill-down: quantify impact?`|`Who else was involved—what was uniquely yours?`|`What trade-off did you consciously accept?`","Fake KPIs/unverifiable prestige; blaming-only answers; jargon without definitions; unethical shortcuts presented as heroic; contradictory timelines; exaggerated titles; mocking users/teammates"
"IC-TellMeAboutYourself-0015","TellMeAboutYourself","Walk me through your background in about 45–60 seconds (alumni referral chat).","Elevator 3-stop","[Point] Brief truthful headline for your situation. [Proof] One concrete artifact you owned. [Integrity] Mention VERIFY anywhere numbers aren't confirmed. [Close] Invite one thread. [Set 3] Replace bracket fields with truthful details; omit unknowns rather than guessing.","Use Elevator 3-stop: keep Situation/Task short; expand Actions YOU took; Results honest (metric or qualitative); Technology only where necessary (STAR+T). End with polite branch offer. Only substitute facts you can verify; say VERIFY for numbers.","[degree_major]; [graduation_month_year]; [location_constraints]; [top_project_hook]; [one_metric_or_VERIFY]; [one_failure_learning]; [one_tool_you_can_define]; Do not use scripts to cheat on live assessments—practice and communication rehearsal only.","`Drill-down: quantify impact?`|`Who else was involved—what was uniquely yours?`|`What trade-off did you consciously accept?`","Fake KPIs/unverifiable prestige; blaming-only answers; jargon without definitions; unethical shortcuts presented as heroic; contradictory timelines; exaggerated titles; mocking users/teammates"
"IC-TellMeAboutYourself-0016","TellMeAboutYourself","How would you describe yourself academically and professionally (internship screening)?","PREP lite","[Point] Brief truthful headline for your situation. [Proof] One concrete artifact you owned. [Integrity] Mention VERIFY anywhere numbers aren't confirmed. [Close] Invite one thread. [Set 4] Replace bracket fields with truthful details; omit unknowns rather than guessing.","Use PREP lite: keep Situation/Task short; expand Actions YOU took; Results honest (metric or qualitative); Technology only where necessary (STAR+T). End with polite branch offer. Only substitute facts you can verify; say VERIFY for numbers.","[degree_major]; [graduation_month_year]; [location_constraints]; [top_project_hook]; [one_metric_or_VERIFY]; [one_failure_learning]; [one_tool_you_can_define]; Do not use scripts to cheat on live assessments—practice and communication rehearsal only.","`Drill-down: quantify impact?`|`Who else was involved—what was uniquely yours?`|`What trade-off did you consciously accept?`","Fake KPIs/unverifiable prestige; blaming-only answers; jargon without definitions; unethical shortcuts presented as heroic; contradictory timelines; exaggerated titles; mocking users/teammates"
"IC-TellMeAboutYourself-0017","TellMeAboutYourself","Tell me about yourself (fresher full-time loop).","Elevator 3-stop","[Point] Brief truthful headline for your situation. [Proof] One concrete artifact you owned. [Integrity] Mention VERIFY anywhere numbers aren't confirmed. [Close] Invite one thread. [Set 5] Replace bracket fields with truthful details; omit unknowns rather than guessing.","Use Elevator 3-stop: keep Situation/Task short; expand Actions YOU took; Results honest (metric or qualitative); Technology only where necessary (STAR+T). End with polite branch offer. Only substitute facts you can verify; say VERIFY for numbers.","[degree_major]; [graduation_month_year]; [location_constraints]; [top_project_hook]; [one_metric_or_VERIFY]; [one_failure_learning]; [one_tool_you_can_define]; Do not use scripts to cheat on live assessments—practice and communication rehearsal only.","`Drill-down: quantify impact?`|`Who else was involved—what was uniquely yours?`|`What trade-off did you consciously accept?`","Fake KPIs/unverifiable prestige; blaming-only answers; jargon without definitions; unethical shortcuts presented as heroic; contradictory timelines; exaggerated titles; mocking users/teammates"
"IC-TellMeAboutYourself-0018","TellMeAboutYourself","Give me a concise introduction (off-campus HR round), then what you want next.","WHO+PROOF+AIM","[Point] Brief truthful headline for your situation. [Proof] One concrete artifact you owned. [Integrity] Mention VERIFY anywhere numbers aren't confirmed. [Close] Invite one thread. [Set 6] Replace bracket fields with truthful details; omit unknowns rather than guessing.","Use WHO+PROOF+AIM: keep Situation/Task short; expand Actions YOU took; Results honest (metric or qualitative); Technology only where necessary (STAR+T). End with polite branch offer. Only substitute facts you can verify; say VERIFY for numbers.","[degree_major]; [graduation_month_year]; [location_constraints]; [top_project_hook]; [one_metric_or_VERIFY]; [one_failure_learning]; [one_tool_you_can_define]; Do not use scripts to cheat on live assessments—practice and communication rehearsal only.","`Drill-down: quantify impact?`|`Who else was involved—what was uniquely yours?`|`What trade-off did you consciously accept?`","Fake KPIs/unverifiable prestige; blaming-only answers; jargon without definitions; unethical shortcuts presented as heroic; contradictory timelines; exaggerated titles; mocking users/teammates"
"IC-TellMeAboutYourself-0019","TellMeAboutYourself","Walk me through your background in about 45–60 seconds (mentor introduction).","Elevator 3-stop","[Point] Brief truthful headline for your situation. [Proof] One concrete artifact you owned. [Integrity] Mention VERIFY anywhere numbers aren't confirmed. [Close] Invite one thread. [Set 1] Replace bracket fields with truthful details; omit unknowns rather than guessing.","Use Elevator 3-stop: keep Situation/Task short; expand Actions YOU took; Results honest (metric or qualitative); Technology only where necessary (STAR+T). End with polite branch offer. Only substitute facts you can verify; say VERIFY for numbers.","[degree_major]; [graduation_month_year]; [location_constraints]; [top_project_hook]; [one_metric_or_VERIFY]; [one_failure_learning]; [one_tool_you_can_define]; Do not use scripts to cheat on live assessments—practice and communication rehearsal only.","`Drill-down: quantify impact?`|`Who else was involved—what was uniquely yours?`|`What trade-off did you consciously accept?`","Fake KPIs/unverifiable prestige; blaming-only answers; jargon without definitions; unethical shortcuts presented as heroic; contradictory timelines; exaggerated titles; mocking users/teammates"
"IC-TellMeAboutYourself-0020","TellMeAboutYourself","How would you describe yourself academically and professionally (alumni referral chat)?","PREP lite","[Point] Brief truthful headline for your situation. [Proof] One concrete artifact you owned. [Integrity] Mention VERIFY anywhere numbers aren't confirmed. [Close] Invite one thread. [Set 2] Replace bracket fields with truthful details; omit unknowns rather than guessing.","Use PREP lite: keep Situation/Task short; expand Actions YOU took; Results honest (metric or qualitative); Technology only where necessary (STAR+T). End with polite branch offer. Only substitute facts you can verify; say VERIFY for numbers.","[degree_major]; [graduation_month_year]; [location_constraints]; [top_project_hook]; [one_metric_or_VERIFY]; [one_failure_learning]; [one_tool_you_can_define]; Do not use scripts to cheat on live assessments—practice and communication rehearsal only.","`Drill-down: quantify impact?`|`Who else was involved—what was uniquely yours?`|`What trade-off did you consciously accept?`","Fake KPIs/unverifiable prestige; blaming-only answers; jargon without definitions; unethical shortcuts presented as heroic; contradictory timelines; exaggerated titles; mocking users/teammates"
"IC-TellMeAboutYourself-0021","TellMeAboutYourself","Tell me about yourself (internship screening).","Elevator 3-stop","[Point] Brief truthful headline for your situation. [Proof] One concrete artifact you owned. [Integrity] Mention VERIFY anywhere numbers aren't confirmed. [Close] Invite one thread. [Set 3] Replace bracket fields with truthful details; omit unknowns rather than guessing.","Use Elevator 3-stop: keep Situation/Task short; expand Actions YOU took; Results honest (metric or qualitative); Technology only where necessary (STAR+T). End with polite branch offer. Only substitute facts you can verify; say VERIFY for numbers.","[degree_major]; [graduation_month_year]; [location_constraints]; [top_project_hook]; [one_metric_or_VERIFY]; [one_failure_learning]; [one_tool_you_can_define]; Do not use scripts to cheat on live assessments—practice and communication rehearsal only.","`Drill-down: quantify impact?`|`Who else was involved—what was uniquely yours?`|`What trade-off did you consciously accept?`","Fake KPIs/unverifiable prestige; blaming-only answers; jargon without definitions; unethical shortcuts presented as heroic; contradictory timelines; exaggerated titles; mocking users/teammates"
"IC-TellMeAboutYourself-0022","TellMeAboutYourself","Give me a concise introduction (fresher full-time loop), then what you want next.","WHO+PROOF+AIM","[Point] Brief truthful headline for your situation. [Proof] One concrete artifact you owned. [Integrity] Mention VERIFY anywhere numbers aren't confirmed. [Close] Invite one thread. [Set 4] Replace bracket fields with truthful details; omit unknowns rather than guessing.","Use WHO+PROOF+AIM: keep Situation/Task short; expand Actions YOU took; Results honest (metric or qualitative); Technology only where necessary (STAR+T). End with polite branch offer. Only substitute facts you can verify; say VERIFY for numbers.","[degree_major]; [graduation_month_year]; [location_constraints]; [top_project_hook]; [one_metric_or_VERIFY]; [one_failure_learning]; [one_tool_you_can_define]; Do not use scripts to cheat on live assessments—practice and communication rehearsal only.","`Drill-down: quantify impact?`|`Who else was involved—what was uniquely yours?`|`What trade-off did you consciously accept?`","Fake KPIs/unverifiable prestige; blaming-only answers; jargon without definitions; unethical shortcuts presented as heroic; contradictory timelines; exaggerated titles; mocking users/teammates"
"IC-TellMeAboutYourself-0023","TellMeAboutYourself","Walk me through your background in about 45–60 seconds (off-campus HR round).","Elevator 3-stop","[Point] Brief truthful headline for your situation. [Proof] One concrete artifact you owned. [Integrity] Mention VERIFY anywhere numbers aren't confirmed. [Close] Invite one thread. [Set 5] Replace bracket fields with truthful details; omit unknowns rather than guessing.","Use Elevator 3-stop: keep Situation/Task short; expand Actions YOU took; Results honest (metric or qualitative); Technology only where necessary (STAR+T). End with polite branch offer. Only substitute facts you can verify; say VERIFY for numbers.","[degree_major]; [graduation_month_year]; [location_constraints]; [top_project_hook]; [one_metric_or_VERIFY]; [one_failure_learning]; [one_tool_you_can_define]; Do not use scripts to cheat on live assessments—practice and communication rehearsal only.","`Drill-down: quantify impact?`|`Who else was involved—what was uniquely yours?`|`What trade-off did you consciously accept?`","Fake KPIs/unverifiable prestige; blaming-only answers; jargon without definitions; unethical shortcuts presented as heroic; contradictory timelines; exaggerated titles; mocking users/teammates"
"IC-TellMeAboutYourself-0024","TellMeAboutYourself","How would you describe yourself academically and professionally (mentor introduction)?","PREP lite","[Point] Brief truthful headline for your situation. [Proof] One concrete artifact you owned. [Integrity] Mention VERIFY anywhere numbers aren't confirmed. [Close] Invite one thread. [Set 6] Replace bracket fields with truthful details; omit unknowns rather than guessing.","Use PREP lite: keep Situation/Task short; expand Actions YOU took; Results honest (metric or qualitative); Technology only where necessary (STAR+T). End with polite branch offer. Only substitute facts you can verify; say VERIFY for numbers.","[degree_major]; [graduation_month_year]; [location_constraints]; [top_project_hook]; [one_metric_or_VERIFY]; [one_failure_learning]; [one_tool_you_can_define]; Do not use scripts to cheat on live assessments—practice and communication rehearsal only.","`Drill-down: quantify impact?`|`Who else was involved—what was uniquely yours?`|`What trade-off did you consciously accept?`","Fake KPIs/unverifiable prestige; blaming-only answers; jargon without definitions; unethical shortcuts presented as heroic; contradictory timelines; exaggerated titles; mocking users/teammates"
"IC-TellMeAboutYourself-0025","TellMeAboutYourself","Tell me about yourself (alumni referral chat).","Elevator 3-stop","[Point] Brief truthful headline for your situation. [Proof] One concrete artifact you owned. [Integrity] Mention VERIFY anywhere numbers aren't confirmed. [Close] Invite one thread. [Set 1] Replace bracket fields with truthful details; omit unknowns rather than guessing.","Use Elevator 3-stop: keep Situation/Task short; expand Actions YOU took; Results honest (metric or qualitative); Technology only where necessary (STAR+T). End with polite branch offer. Only substitute facts you can verify; say VERIFY for numbers.","[degree_major]; [graduation_month_year]; [location_constraints]; [top_project_hook]; [one_metric_or_VERIFY]; [one_failure_learning]; [one_tool_you_can_define]; Do not use scripts to cheat on live assessments—practice and communication rehearsal only.","`Drill-down: quantify impact?`|`Who else was involved—what was uniquely yours?`|`What trade-off did you consciously accept?`","Fake KPIs/unverifiable prestige; blaming-only answers; jargon without definitions; unethical shortcuts presented as heroic; contradictory timelines; exaggerated titles; mocking users/teammates"
"IC-TellMeAboutYourself-0026","TellMeAboutYourself","Give me a concise introduction (internship screening), then what you want next.","WHO+PROOF+AIM","[Point] Brief truthful headline for your situation. [Proof] One concrete artifact you owned. [Integrity] Mention VERIFY anywhere numbers aren't confirmed. [Close] Invite one thread. [Set 2] Replace bracket fields with truthful details; omit unknowns rather than guessing.","Use WHO+PROOF+AIM: keep Situation/Task short; expand Actions YOU took; Results honest (metric or qualitative); Technology only where necessary (STAR+T). End with polite branch offer. Only substitute facts you can verify; say VERIFY for numbers.","[degree_major]; [graduation_month_year]; [location_constraints]; [top_project_hook]; [one_metric_or_VERIFY]; [one_failure_learning]; [one_tool_you_can_define]; Do not use scripts to cheat on live assessments—practice and communication rehearsal only.","`Drill-down: quantify impact?`|`Who else was involved—what was uniquely yours?`|`What trade-off did you consciously accept?`","Fake KPIs/unverifiable prestige; blaming-only answers; jargon without definitions; unethical shortcuts presented as heroic; contradictory timelines; exaggerated titles; mocking users/teammates"
"IC-TellMeAboutYourself-0027","TellMeAboutYourself","Walk me through your background in about 45–60 seconds (fresher full-time loop).","Elevator 3-stop","[Point] Brief truthful headline for your situation. [Proof] One concrete artifact you owned. [Integrity] Mention VERIFY anywhere numbers aren't confirmed. [Close] Invite one thread. [Set 3] Replace bracket fields with truthful details; omit unknowns rather than guessing.","Use Elevator 3-stop: keep Situation/Task short; expand Actions YOU took; Results honest (metric or qualitative); Technology only where necessary (STAR+T). End with polite branch offer. Only substitute facts you can verify; say VERIFY for numbers.","[degree_major]; [graduation_month_year]; [location_constraints]; [top_project_hook]; [one_metric_or_VERIFY]; [one_failure_learning]; [one_tool_you_can_define]; Do not use scripts to cheat on live assessments—practice and communication rehearsal only.","`Drill-down: quantify impact?`|`Who else was involved—what was uniquely yours?`|`What trade-off did you consciously accept?`","Fake KPIs/unverifiable prestige; blaming-only answers; jargon without definitions; unethical shortcuts presented as heroic; contradictory timelines; exaggerated titles; mocking users/teammates"
"IC-TellMeAboutYourself-0028","TellMeAboutYourself","How would you describe yourself academically and professionally (off-campus HR round)?","PREP lite","[Point] Brief truthful headline for your situation. [Proof] One concrete artifact you owned. [Integrity] Mention VERIFY anywhere numbers aren't confirmed. [Close] Invite one thread. [Set 4] Replace bracket fields with truthful details; omit unknowns rather than guessing.","Use PREP lite: keep Situation/Task short; expand Actions YOU took; Results honest (metric or qualitative); Technology only where necessary (STAR+T). End with polite branch offer. Only substitute facts you can verify; say VERIFY for numbers.","[degree_major]; [graduation_month_year]; [location_constraints]; [top_project_hook]; [one_metric_or_VERIFY]; [one_failure_learning]; [one_tool_you_can_define]; Do not use scripts to cheat on live assessments—practice and communication rehearsal only.","`Drill-down: quantify impact?`|`Who else was involved—what was uniquely yours?`|`What trade-off did you consciously accept?`","Fake KPIs/unverifiable prestige; blaming-only answers; jargon without definitions; unethical shortcuts presented as heroic; contradictory timelines; exaggerated titles; mocking users/teammates"
"IC-Behavioral-0001","Behavioral","Tell me about a time you faced deadline slip.","STAR + PREP bridge","[Point] Brief truthful headline for your situation. [Proof] One concrete artifact you owned. [Integrity] Mention VERIFY anywhere numbers aren't confirmed. [Close] Invite one thread. [Set 1] Replace bracket fields with truthful details; omit unknowns rather than guessing.","Use STAR + PREP bridge: keep Situation/Task short; expand Actions YOU took; Results honest (metric or qualitative); Technology only where necessary (STAR+T). End with polite branch offer. Only substitute facts you can verify; say VERIFY for numbers.","[degree_major]; [graduation_month_year]; [location_constraints]; [top_project_hook]; [one_metric_or_VERIFY]; [one_failure_learning]; [one_tool_you_can_define]; Do not use scripts to cheat on live assessments—practice and communication rehearsal only.","`Drill-down: quantify impact?`|`Who else was involved—what was uniquely yours?`|`What trade-off did you consciously accept?`","Fake KPIs/unverifiable prestige; blaming-only answers; jargon without definitions; unethical shortcuts presented as heroic; contradictory timelines; exaggerated titles; mocking users/teammates"
"IC-Behavioral-0002","Behavioral","Give a real example related to conflict.","STAR","[Point] Brief truthful headline for your situation. [Proof] One concrete artifact you owned. [Integrity] Mention VERIFY anywhere numbers aren't confirmed. [Close] Invite one thread. [Set 2] Replace bracket fields with truthful details; omit unknowns rather than guessing.","Use STAR: keep Situation/Task short; expand Actions YOU took; Results honest (metric or qualitative); Technology only where necessary (STAR+T). End with polite branch offer. Only substitute facts you can verify; say VERIFY for numbers.","[degree_major]; [graduation_month_year]; [location_constraints]; [top_project_hook]; [one_metric_or_VERIFY]; [one_failure_learning]; [one_tool_you_can_define]; Do not use scripts to cheat on live assessments—practice and communication rehearsal only.","`Drill-down: quantify impact?`|`Who else was involved—what was uniquely yours?`|`What trade-off did you consciously accept?`","Fake KPIs/unverifiable prestige; blaming-only answers; jargon without definitions; unethical shortcuts presented as heroic; contradictory timelines; exaggerated titles; mocking users/teammates"
"IC-Behavioral-0003","Behavioral","Describe team disagreement; focus on YOUR actions.","STAR","[Point] Brief truthful headline for your situation. [Proof] One concrete artifact you owned. [Integrity] Mention VERIFY anywhere numbers aren't confirmed. [Close] Invite one thread. [Set 3] Replace bracket fields with truthful details; omit unknowns rather than guessing.","Use STAR: keep Situation/Task short; expand Actions YOU took; Results honest (metric or qualitative); Technology only where necessary (STAR+T). End with polite branch offer. Only substitute facts you can verify; say VERIFY for numbers.","[degree_major]; [graduation_month_year]; [location_constraints]; [top_project_hook]; [one_metric_or_VERIFY]; [one_failure_learning]; [one_tool_you_can_define]; Do not use scripts to cheat on live assessments—practice and communication rehearsal only.","`Drill-down: quantify impact?`|`Who else was involved—what was uniquely yours?`|`What trade-off did you consciously accept?`","Fake KPIs/unverifiable prestige; blaming-only answers; jargon without definitions; unethical shortcuts presented as heroic; contradictory timelines; exaggerated titles; mocking users/teammates"
"IC-Behavioral-0004","Behavioral","Behavioral: mistake shipping code—what happened?","STAR","[Point] Brief truthful headline for your situation. [Proof] One concrete artifact you owned. [Integrity] Mention VERIFY anywhere numbers aren't confirmed. [Close] Invite one thread. [Set 4] Replace bracket fields with truthful details; omit unknowns rather than guessing.","Use STAR: keep Situation/Task short; expand Actions YOU took; Results honest (metric or qualitative); Technology only where necessary (STAR+T). End with polite branch offer. Only substitute facts you can verify; say VERIFY for numbers.","[degree_major]; [graduation_month_year]; [location_constraints]; [top_project_hook]; [one_metric_or_VERIFY]; [one_failure_learning]; [one_tool_you_can_define]; Do not use scripts to cheat on live assessments—practice and communication rehearsal only.","`Drill-down: quantify impact?`|`Who else was involved—what was uniquely yours?`|`What trade-off did you consciously accept?`","Fake KPIs/unverifiable prestige; blaming-only answers; jargon without definitions; unethical shortcuts presented as heroic; contradictory timelines; exaggerated titles; mocking users/teammates"
"IC-Behavioral-0005","Behavioral","Tell me about a time you faced miscommunication with teammate.","STAR","[Point] Brief truthful headline for your situation. [Proof] One concrete artifact you owned. [Integrity] Mention VERIFY anywhere numbers aren't confirmed. [Close] Invite one thread. [Set 5] Replace bracket fields with truthful details; omit unknowns rather than guessing.","Use STAR: keep Situation/Task short; expand Actions YOU took; Results honest (metric or qualitative); Technology only where necessary (STAR+T). End with polite branch offer. Only substitute facts you can verify; say VERIFY for numbers.","[degree_major]; [graduation_month_year]; [location_constraints]; [top_project_hook]; [one_metric_or_VERIFY]; [one_failure_learning]; [one_tool_you_can_define]; Do not use scripts to cheat on live assessments—practice and communication rehearsal only.","`Drill-down: quantify impact?`|`Who else was involved—what was uniquely yours?`|`What trade-off did you consciously accept?`","Fake KPIs/unverifiable prestige; blaming-only answers; jargon without definitions; unethical shortcuts presented as heroic; contradictory timelines; exaggerated titles; mocking users/teammates"
"IC-Behavioral-0006","Behavioral","Give a real example related to priority conflict.","STAR + PREP bridge","[Point] Brief truthful headline for your situation. [Proof] One concrete artifact you owned. [Integrity] Mention VERIFY anywhere numbers aren't confirmed. [Close] Invite one thread. [Set 6] Replace bracket fields with truthful details; omit unknowns rather than guessing.","Use STAR + PREP bridge: keep Situation/Task short; expand Actions YOU took; Results honest (metric or qualitative); Technology only where necessary (STAR+T). End with polite branch offer. Only substitute facts you can verify; say VERIFY for numbers.","[degree_major]; [graduation_month_year]; [location_constraints]; [top_project_hook]; [one_metric_or_VERIFY]; [one_failure_learning]; [one_tool_you_can_define]; Do not use scripts to cheat on live assessments—practice and communication rehearsal only.","`Drill-down: quantify impact?`|`Who else was involved—what was uniquely yours?`|`What trade-off did you consciously accept?`","Fake KPIs/unverifiable prestige; blaming-only answers; jargon without definitions; unethical shortcuts presented as heroic; contradictory timelines; exaggerated titles; mocking users/teammates"
"IC-Behavioral-0007","Behavioral","Describe learning a new tool fast; focus on YOUR actions.","STAR","[Point] Brief truthful headline for your situation. [Proof] One concrete artifact you owned. [Integrity] Mention VERIFY anywhere numbers aren't confirmed. [Close] Invite one thread. [Set 7] Replace bracket fields with truthful details; omit unknowns rather than guessing.","Use STAR: keep Situation/Task short; expand Actions YOU took; Results honest (metric or qualitative); Technology only where necessary (STAR+T). End with polite branch offer. Only substitute facts you can verify; say VERIFY for numbers.","[degree_major]; [graduation_month_year]; [location_constraints]; [top_project_hook]; [one_metric_or_VERIFY]; [one_failure_learning]; [one_tool_you_can_define]; Do not use scripts to cheat on live assessments—practice and communication rehearsal only.","`Drill-down: quantify impact?`|`Who else was involved—what was uniquely yours?`|`What trade-off did you consciously accept?`","Fake KPIs/unverifiable prestige; blaming-only answers; jargon without definitions; unethical shortcuts presented as heroic; contradictory timelines; exaggerated titles; mocking users/teammates"
"IC-Behavioral-0008","Behavioral","Behavioral: handling negative feedback—what happened?","STAR","[Point] Brief truthful headline for your situation. [Proof] One concrete artifact you owned. [Integrity] Mention VERIFY anywhere numbers aren't confirmed. [Close] Invite one thread. [Set 8] Replace bracket fields with truthful details; omit unknowns rather than guessing.","Use STAR: keep Situation/Task short; expand Actions YOU took; Results honest (metric or qualitative); Technology only where necessary (STAR+T). End with polite branch offer. Only substitute facts you can verify; say VERIFY for numbers.","[degree_major]; [graduation_month_year]; [location_constraints]; [top_project_hook]; [one_metric_or_VERIFY]; [one_failure_learning]; [one_tool_you_can_define]; Do not use scripts to cheat on live assessments—practice and communication rehearsal only.","`Drill-down: quantify impact?`|`Who else was involved—what was uniquely yours?`|`What trade-off did you consciously accept?`","Fake KPIs/unverifiable prestige; blaming-only answers; jargon without definitions; unethical shortcuts presented as heroic; contradictory timelines; exaggerated titles; mocking users/teammates"
"IC-Behavioral-0009","Behavioral","Tell me about a time you faced persuading without authority.","STAR","[Point] Brief truthful headline for your situation. [Proof] One concrete artifact you owned. [Integrity] Mention VERIFY anywhere numbers aren't confirmed. [Close] Invite one thread. [Set 9] Replace bracket fields with truthful details; omit unknowns rather than guessing.","Use STAR: keep Situation/Task short; expand Actions YOU took; Results honest (metric or qualitative); Technology only where necessary (STAR+T). End with polite branch offer. Only substitute facts you can verify; say VERIFY for numbers.","[degree_major]; [graduation_month_year]; [location_constraints]; [top_project_hook]; [one_metric_or_VERIFY]; [one_failure_learning]; [one_tool_you_can_define]; Do not use scripts to cheat on live assessments—practice and communication rehearsal only.","`Drill-down: quantify impact?`|`Who else was involved—what was uniquely yours?`|`What trade-off did you consciously accept?`","Fake KPIs/unverifiable prestige; blaming-only answers; jargon without definitions; unethical shortcuts presented as heroic; contradictory timelines; exaggerated titles; mocking users/teammates"
"IC-Behavioral-0010","Behavioral","Give a real example related to leading when not the leader.","STAR","[Point] Brief truthful headline for your situation. [Proof] One concrete artifact you owned. [Integrity] Mention VERIFY anywhere numbers aren't confirmed. [Close] Invite one thread. [Set 1] Replace bracket fields with truthful details; omit unknowns rather than guessing.","Use STAR: keep Situation/Task short; expand Actions YOU took; Results honest (metric or qualitative); Technology only where necessary (STAR+T). End with polite branch offer. Only substitute facts you can verify; say VERIFY for numbers.","[degree_major]; [graduation_month_year]; [location_constraints]; [top_project_hook]; [one_metric_or_VERIFY]; [one_failure_learning]; [one_tool_you_can_define]; Do not use scripts to cheat on live assessments—practice and communication rehearsal only.","`Drill-down: quantify impact?`|`Who else was involved—what was uniquely yours?`|`What trade-off did you consciously accept?`","Fake KPIs/unverifiable prestige; blaming-only answers; jargon without definitions; unethical shortcuts presented as heroic; contradictory timelines; exaggerated titles; mocking users/teammates"
"IC-Behavioral-0011","Behavioral","Describe failure in coursework; focus on YOUR actions.","STAR + PREP bridge","[Point] Brief truthful headline for your situation. [Proof] One concrete artifact you owned. [Integrity] Mention VERIFY anywhere numbers aren't confirmed. [Close] Invite one thread. [Set 2] Replace bracket fields with truthful details; omit unknowns rather than guessing.","Use STAR + PREP bridge: keep Situation/Task short; expand Actions YOU took; Results honest (metric or qualitative); Technology only where necessary (STAR+T). End with polite branch offer. Only substitute facts you can verify; say VERIFY for numbers.","[degree_major]; [graduation_month_year]; [location_constraints]; [top_project_hook]; [one_metric_or_VERIFY]; [one_failure_learning]; [one_tool_you_can_define]; Do not use scripts to cheat on live assessments—practice and communication rehearsal only.","`Drill-down: quantify impact?`|`Who else was involved—what was uniquely yours?`|`What trade-off did you consciously accept?`","Fake KPIs/unverifiable prestige; blaming-only answers; jargon without definitions; unethical shortcuts presented as heroic; contradictory timelines; exaggerated titles; mocking users/teammates"
"IC-Behavioral-0012","Behavioral","Behavioral: ethical dilemma (light)—what happened?","STAR","[Point] Brief truthful headline for your situation. [Proof] One concrete artifact you owned. [Integrity] Mention VERIFY anywhere numbers aren't confirmed. [Close] Invite one thread. [Set 3] Replace bracket fields with truthful details; omit unknowns rather than guessing.","Use STAR: keep Situation/Task short; expand Actions YOU took; Results honest (metric or qualitative); Technology only where necessary (STAR+T). End with polite branch offer. Only substitute facts you can verify; say VERIFY for numbers.","[degree_major]; [graduation_month_year]; [location_constraints]; [top_project_hook]; [one_metric_or_VERIFY]; [one_failure_learning]; [one_tool_you_can_define]; Do not use scripts to cheat on live assessments—practice and communication rehearsal only.","`Drill-down: quantify impact?`|`Who else was involved—what was uniquely yours?`|`What trade-off did you consciously accept?`","Fake KPIs/unverifiable prestige; blaming-only answers; jargon without definitions; unethical shortcuts presented as heroic; contradictory timelines; exaggerated titles; mocking users/teammates"
"IC-Behavioral-0013","Behavioral","Tell me about a time you faced working with a difficult teammate.","STAR","[Point] Brief truthful headline for your situation. [Proof] One concrete artifact you owned. [Integrity] Mention VERIFY anywhere numbers aren't confirmed. [Close] Invite one thread. [Set 4] Replace bracket fields with truthful details; omit unknowns rather than guessing.","Use STAR: keep Situation/Task short; expand Actions YOU took; Results honest (metric or qualitative); Technology only where necessary (STAR+T). End with polite branch offer. Only substitute facts you can verify; say VERIFY for numbers.","[degree_major]; [graduation_month_year]; [location_constraints]; [top_project_hook]; [one_metric_or_VERIFY]; [one_failure_learning]; [one_tool_you_can_define]; Do not use scripts to cheat on live assessments—practice and communication rehearsal only.","`Drill-down: quantify impact?`|`Who else was involved—what was uniquely yours?`|`What trade-off did you consciously accept?`","Fake KPIs/unverifiable prestige; blaming-only answers; jargon without definitions; unethical shortcuts presented as heroic; contradictory timelines; exaggerated titles; mocking users/teammates"
"IC-Behavioral-0014","Behavioral","Give a real example related to extra responsibility.","STAR","[Point] Brief truthful headline for your situation. [Proof] One concrete artifact you owned. [Integrity] Mention VERIFY anywhere numbers aren't confirmed. [Close] Invite one thread. [Set 5] Replace bracket fields with truthful details; omit unknowns rather than guessing.","Use STAR: keep Situation/Task short; expand Actions YOU took; Results honest (metric or qualitative); Technology only where necessary (STAR+T). End with polite branch offer. Only substitute facts you can verify; say VERIFY for numbers.","[degree_major]; [graduation_month_year]; [location_constraints]; [top_project_hook]; [one_metric_or_VERIFY]; [one_failure_learning]; [one_tool_you_can_define]; Do not use scripts to cheat on live assessments—practice and communication rehearsal only.","`Drill-down: quantify impact?`|`Who else was involved—what was uniquely yours?`|`What trade-off did you consciously accept?`","Fake KPIs/unverifiable prestige; blaming-only answers; jargon without definitions; unethical shortcuts presented as heroic; contradictory timelines; exaggerated titles; mocking users/teammates"
"IC-Behavioral-0015","Behavioral","Describe scope creep moment; focus on YOUR actions.","STAR","[Point] Brief truthful headline for your situation. [Proof] One concrete artifact you owned. [Integrity] Mention VERIFY anywhere numbers aren't confirmed. [Close] Invite one thread. [Set 6] Replace bracket fields with truthful details; omit unknowns rather than guessing.","Use STAR: keep Situation/Task short; expand Actions YOU took; Results honest (metric or qualitative); Technology only where necessary (STAR+T). End with polite branch offer. Only substitute facts you can verify; say VERIFY for numbers.","[degree_major]; [graduation_month_year]; [location_constraints]; [top_project_hook]; [one_metric_or_VERIFY]; [one_failure_learning]; [one_tool_you_can_define]; Do not use scripts to cheat on live assessments—practice and communication rehearsal only.","`Drill-down: quantify impact?`|`Who else was involved—what was uniquely yours?`|`What trade-off did you consciously accept?`","Fake KPIs/unverifiable prestige; blaming-only answers; jargon without definitions; unethical shortcuts presented as heroic; contradictory timelines; exaggerated titles; mocking users/teammates"
"IC-Behavioral-0016","Behavioral","Behavioral: surprise blocker before demo—what happened?","STAR + PREP bridge","[Point] Brief truthful headline for your situation. [Proof] One concrete artifact you owned. [Integrity] Mention VERIFY anywhere numbers aren't confirmed. [Close] Invite one thread. [Set 7] Replace bracket fields with truthful details; omit unknowns rather than guessing.","Use STAR + PREP bridge: keep Situation/Task short; expand Actions YOU took; Results honest (metric or qualitative); Technology only where necessary (STAR+T). End with polite branch offer. Only substitute facts you can verify; say VERIFY for numbers.","[degree_major]; [graduation_month_year]; [location_constraints]; [top_project_hook]; [one_metric_or_VERIFY]; [one_failure_learning]; [one_tool_you_can_define]; Do not use scripts to cheat on live assessments—practice and communication rehearsal only.","`Drill-down: quantify impact?`|`Who else was involved—what was uniquely yours?`|`What trade-off did you consciously accept?`","Fake KPIs/unverifiable prestige; blaming-only answers; jargon without definitions; unethical shortcuts presented as heroic; contradictory timelines; exaggerated titles; mocking users/teammates"
"IC-Behavioral-0017","Behavioral","Tell me about a time you faced bug found late.","STAR","[Point] Brief truthful headline for your situation. [Proof] One concrete artifact you owned. [Integrity] Mention VERIFY anywhere numbers aren't confirmed. [Close] Invite one thread. [Set 8] Replace bracket fields with truthful details; omit unknowns rather than guessing.","Use STAR: keep Situation/Task short; expand Actions YOU took; Results honest (metric or qualitative); Technology only where necessary (STAR+T). End with polite branch offer. Only substitute facts you can verify; say VERIFY for numbers.","[degree_major]; [graduation_month_year]; [location_constraints]; [top_project_hook]; [one_metric_or_VERIFY]; [one_failure_learning]; [one_tool_you_can_define]; Do not use scripts to cheat on live assessments—practice and communication rehearsal only.","`Drill-down: quantify impact?`|`Who else was involved—what was uniquely yours?`|`What trade-off did you consciously accept?`","Fake KPIs/unverifiable prestige; blaming-only answers; jargon without definitions; unethical shortcuts presented as heroic; contradictory timelines; exaggerated titles; mocking users/teammates"
"IC-Behavioral-0018","Behavioral","Give a real example related to organizing chaotic tasks.","STAR","[Point] Brief truthful headline for your situation. [Proof] One concrete artifact you owned. [Integrity] Mention VERIFY anywhere numbers aren't confirmed. [Close] Invite one thread. [Set 9] Replace bracket fields with truthful details; omit unknowns rather than guessing.","Use STAR: keep Situation/Task short; expand Actions YOU took; Results honest (metric or qualitative); Technology only where necessary (STAR+T). End with polite branch offer. Only substitute facts you can verify; say VERIFY for numbers.","[degree_major]; [graduation_month_year]; [location_constraints]; [top_project_hook]; [one_metric_or_VERIFY]; [one_failure_learning]; [one_tool_you_can_define]; Do not use scripts to cheat on live assessments—practice and communication rehearsal only.","`Drill-down: quantify impact?`|`Who else was involved—what was uniquely yours?`|`What trade-off did you consciously accept?`","Fake KPIs/unverifiable prestige; blaming-only answers; jargon without definitions; unethical shortcuts presented as heroic; contradictory timelines; exaggerated titles; mocking users/teammates"
"IC-Behavioral-0019","Behavioral","Describe helping juniors; focus on YOUR actions.","STAR","[Point] Brief truthful headline for your situation. [Proof] One concrete artifact you owned. [Integrity] Mention VERIFY anywhere numbers aren't confirmed. [Close] Invite one thread. [Set 1] Replace bracket fields with truthful details; omit unknowns rather than guessing.","Use STAR: keep Situation/Task short; expand Actions YOU took; Results honest (metric or qualitative); Technology only where necessary (STAR+T). End with polite branch offer. Only substitute facts you can verify; say VERIFY for numbers.","[degree_major]; [graduation_month_year]; [location_constraints]; [top_project_hook]; [one_metric_or_VERIFY]; [one_failure_learning]; [one_tool_you_can_define]; Do not use scripts to cheat on live assessments—practice and communication rehearsal only.","`Drill-down: quantify impact?`|`Who else was involved—what was uniquely yours?`|`What trade-off did you consciously accept?`","Fake KPIs/unverifiable prestige; blaming-only answers; jargon without definitions; unethical shortcuts presented as heroic; contradictory timelines; exaggerated titles; mocking users/teammates"
"IC-Behavioral-0020","Behavioral","Behavioral: improving reliability—what happened?","STAR","[Point] Brief truthful headline for your situation. [Proof] One concrete artifact you owned. [Integrity] Mention VERIFY anywhere numbers aren't confirmed. [Close] Invite one thread. [Set 2] Replace bracket fields with truthful details; omit unknowns rather than guessing.","Use STAR: keep Situation/Task short; expand Actions YOU took; Results honest (metric or qualitative); Technology only where necessary (STAR+T). End with polite branch offer. Only substitute facts you can verify; say VERIFY for numbers.","[degree_major]; [graduation_month_year]; [location_constraints]; [top_project_hook]; [one_metric_or_VERIFY]; [one_failure_learning]; [one_tool_you_can_define]; Do not use scripts to cheat on live assessments—practice and communication rehearsal only.","`Drill-down: quantify impact?`|`Who else was involved—what was uniquely yours?`|`What trade-off did you consciously accept?`","Fake KPIs/unverifiable prestige; blaming-only answers; jargon without definitions; unethical shortcuts presented as heroic; contradictory timelines; exaggerated titles; mocking users/teammates"
"IC-Behavioral-0021","Behavioral","Tell me about a time you faced disagreement with mentor/TA.","STAR + PREP bridge","[Point] Brief truthful headline for your situation. [Proof] One concrete artifact you owned. [Integrity] Mention VERIFY anywhere numbers aren't confirmed. [Close] Invite one thread. [Set 3] Replace bracket fields with truthful details; omit unknowns rather than guessing.","Use STAR + PREP bridge: keep Situation/Task short; expand Actions YOU took; Results honest (metric or qualitative); Technology only where necessary (STAR+T). End with polite branch offer. Only substitute facts you can verify; say VERIFY for numbers.","[degree_major]; [graduation_month_year]; [location_constraints]; [top_project_hook]; [one_metric_or_VERIFY]; [one_failure_learning]; [one_tool_you_can_define]; Do not use scripts to cheat on live assessments—practice and communication rehearsal only.","`Drill-down: quantify impact?`|`Who else was involved—what was uniquely yours?`|`What trade-off did you consciously accept?`","Fake KPIs/unverifiable prestige; blaming-only answers; jargon without definitions; unethical shortcuts presented as heroic; contradictory timelines; exaggerated titles; mocking users/teammates"
"IC-Behavioral-0022","Behavioral","Give a real example related to when you improved process.","STAR","[Point] Brief truthful headline for your situation. [Proof] One concrete artifact you owned. [Integrity] Mention VERIFY anywhere numbers aren't confirmed. [Close] Invite one thread. [Set 4] Replace bracket fields with truthful details; omit unknowns rather than guessing.","Use STAR: keep Situation/Task short; expand Actions YOU took; Results honest (metric or qualitative); Technology only where necessary (STAR+T). End with polite branch offer. Only substitute facts you can verify; say VERIFY for numbers.","[degree_major]; [graduation_month_year]; [location_constraints]; [top_project_hook]; [one_metric_or_VERIFY]; [one_failure_learning]; [one_tool_you_can_define]; Do not use scripts to cheat on live assessments—practice and communication rehearsal only.","`Drill-down: quantify impact?`|`Who else was involved—what was uniquely yours?`|`What trade-off did you consciously accept?`","Fake KPIs/unverifiable prestige; blaming-only answers; jargon without definitions; unethical shortcuts presented as heroic; contradictory timelines; exaggerated titles; mocking users/teammates"
"IC-Behavioral-0023","Behavioral","Describe when you simplified complexity; focus on YOUR actions.","STAR","[Point] Brief truthful headline for your situation. [Proof] One concrete artifact you owned. [Integrity] Mention VERIFY anywhere numbers aren't confirmed. [Close] Invite one thread. [Set 5] Replace bracket fields with truthful details; omit unknowns rather than guessing.","Use STAR: keep Situation/Task short; expand Actions YOU took; Results honest (metric or qualitative); Technology only where necessary (STAR+T). End with polite branch offer. Only substitute facts you can verify; say VERIFY for numbers.","[degree_major]; [graduation_month_year]; [location_constraints]; [top_project_hook]; [one_metric_or_VERIFY]; [one_failure_learning]; [one_tool_you_can_define]; Do not use scripts to cheat on live assessments—practice and communication rehearsal only.","`Drill-down: quantify impact?`|`Who else was involved—what was uniquely yours?`|`What trade-off did you consciously accept?`","Fake KPIs/unverifiable prestige; blaming-only answers; jargon without definitions; unethical shortcuts presented as heroic; contradictory timelines; exaggerated titles; mocking users/teammates"
"IC-Behavioral-0024","Behavioral","Behavioral: when you rescued integration—what happened?","STAR","[Point] Brief truthful headline for your situation. [Proof] One concrete artifact you owned. [Integrity] Mention VERIFY anywhere numbers aren't confirmed. [Close] Invite one thread. [Set 6] Replace bracket fields with truthful details; omit unknowns rather than guessing.","Use STAR: keep Situation/Task short; expand Actions YOU took; Results honest (metric or qualitative); Technology only where necessary (STAR+T). End with polite branch offer. Only substitute facts you can verify; say VERIFY for numbers.","[degree_major]; [graduation_month_year]; [location_constraints]; [top_project_hook]; [one_metric_or_VERIFY]; [one_failure_learning]; [one_tool_you_can_define]; Do not use scripts to cheat on live assessments—practice and communication rehearsal only.","`Drill-down: quantify impact?`|`Who else was involved—what was uniquely yours?`|`What trade-off did you consciously accept?`","Fake KPIs/unverifiable prestige; blaming-only answers; jargon without definitions; unethical shortcuts presented as heroic; contradictory timelines; exaggerated titles; mocking users/teammates"
"IC-Behavioral-0025","Behavioral","Tell me about a time you faced when you coordinated remote work.","STAR","[Point] Brief truthful headline for your situation. [Proof] One concrete artifact you owned. [Integrity] Mention VERIFY anywhere numbers aren't confirmed. [Close] Invite one thread. [Set 7] Replace bracket fields with truthful details; omit unknowns rather than guessing.","Use STAR: keep Situation/Task short; expand Actions YOU took; Results honest (metric or qualitative); Technology only where necessary (STAR+T). End with polite branch offer. Only substitute facts you can verify; say VERIFY for numbers.","[degree_major]; [graduation_month_year]; [location_constraints]; [top_project_hook]; [one_metric_or_VERIFY]; [one_failure_learning]; [one_tool_you_can_define]; Do not use scripts to cheat on live assessments—practice and communication rehearsal only.","`Drill-down: quantify impact?`|`Who else was involved—what was uniquely yours?`|`What trade-off did you consciously accept?`","Fake KPIs/unverifiable prestige; blaming-only answers; jargon without definitions; unethical shortcuts presented as heroic; contradictory timelines; exaggerated titles; mocking users/teammates"
"IC-Behavioral-0026","Behavioral","Give a real example related to culture clash politely handled.","STAR + PREP bridge","[Point] Brief truthful headline for your situation. [Proof] One concrete artifact you owned. [Integrity] Mention VERIFY anywhere numbers aren't confirmed. [Close] Invite one thread. [Set 8] Replace bracket fields with truthful details; omit unknowns rather than guessing.","Use STAR + PREP bridge: keep Situation/Task short; expand Actions YOU took; Results honest (metric or qualitative); Technology only where necessary (STAR+T). End with polite branch offer. Only substitute facts you can verify; say VERIFY for numbers.","[degree_major]; [graduation_month_year]; [location_constraints]; [top_project_hook]; [one_metric_or_VERIFY]; [one_failure_learning]; [one_tool_you_can_define]; Do not use scripts to cheat on live assessments—practice and communication rehearsal only.","`Drill-down: quantify impact?`|`Who else was involved—what was uniquely yours?`|`What trade-off did you consciously accept?`","Fake KPIs/unverifiable prestige; blaming-only answers; jargon without definitions; unethical shortcuts presented as heroic; contradictory timelines; exaggerated titles; mocking users/teammates"
"IC-Behavioral-0027","Behavioral","Describe when you apologized rightly; focus on YOUR actions.","STAR","[Point] Brief truthful headline for your situation. [Proof] One concrete artifact you owned. [Integrity] Mention VERIFY anywhere numbers aren't confirmed. [Close] Invite one thread. [Set 9] Replace bracket fields with truthful details; omit unknowns rather than guessing.","Use STAR: keep Situation/Task short; expand Actions YOU took; Results honest (metric or qualitative); Technology only where necessary (STAR+T). End with polite branch offer. Only substitute facts you can verify; say VERIFY for numbers.","[degree_major]; [graduation_month_year]; [location_constraints]; [top_project_hook]; [one_metric_or_VERIFY]; [one_failure_learning]; [one_tool_you_can_define]; Do not use scripts to cheat on live assessments—practice and communication rehearsal only.","`Drill-down: quantify impact?`|`Who else was involved—what was uniquely yours?`|`What trade-off did you consciously accept?`","Fake KPIs/unverifiable prestige; blaming-only answers; jargon without definitions; unethical shortcuts presented as heroic; contradictory timelines; exaggerated titles; mocking users/teammates"
"IC-Behavioral-0028","Behavioral","Behavioral: when you delegated fairly—what happened?","STAR","[Point] Brief truthful headline for your situation. [Proof] One concrete artifact you owned. [Integrity] Mention VERIFY anywhere numbers aren't confirmed. [Close] Invite one thread. [Set 1] Replace bracket fields with truthful details; omit unknowns rather than guessing.","Use STAR: keep Situation/Task short; expand Actions YOU took; Results honest (metric or qualitative); Technology only where necessary (STAR+T). End with polite branch offer. Only substitute facts you can verify; say VERIFY for numbers.","[degree_major]; [graduation_month_year]; [location_constraints]; [top_project_hook]; [one_metric_or_VERIFY]; [one_failure_learning]; [one_tool_you_can_define]; Do not use scripts to cheat on live assessments—practice and communication rehearsal only.","`Drill-down: quantify impact?`|`Who else was involved—what was uniquely yours?`|`What trade-off did you consciously accept?`","Fake KPIs/unverifiable prestige; blaming-only answers; jargon without definitions; unethical shortcuts presented as heroic; contradictory timelines; exaggerated titles; mocking users/teammates"
"IC-Behavioral-0029","Behavioral","Tell me about a time you faced when you defended quality.","STAR","[Point] Brief truthful headline for your situation. [Proof] One concrete artifact you owned. [Integrity] Mention VERIFY anywhere numbers aren't confirmed. [Close] Invite one thread. [Set 2] Replace bracket fields with truthful details; omit unknowns rather than guessing.","Use STAR: keep Situation/Task short; expand Actions YOU took; Results honest (metric or qualitative); Technology only where necessary (STAR+T). End with polite branch offer. Only substitute facts you can verify; say VERIFY for numbers.","[degree_major]; [graduation_month_year]; [location_constraints]; [top_project_hook]; [one_metric_or_VERIFY]; [one_failure_learning]; [one_tool_you_can_define]; Do not use scripts to cheat on live assessments—practice and communication rehearsal only.","`Drill-down: quantify impact?`|`Who else was involved—what was uniquely yours?`|`What trade-off did you consciously accept?`","Fake KPIs/unverifiable prestige; blaming-only answers; jargon without definitions; unethical shortcuts presented as heroic; contradictory timelines; exaggerated titles; mocking users/teammates"
"IC-Behavioral-0030","Behavioral","Give a real example related to when you sacrificed polish for deadline.","STAR","[Point] Brief truthful headline for your situation. [Proof] One concrete artifact you owned. [Integrity] Mention VERIFY anywhere numbers aren't confirmed. [Close] Invite one thread. [Set 3] Replace bracket fields with truthful details; omit unknowns rather than guessing.","Use STAR: keep Situation/Task short; expand Actions YOU took; Results honest (metric or qualitative); Technology only where necessary (STAR+T). End with polite branch offer. Only substitute facts you can verify; say VERIFY for numbers.","[degree_major]; [graduation_month_year]; [location_constraints]; [top_project_hook]; [one_metric_or_VERIFY]; [one_failure_learning]; [one_tool_you_can_define]; Do not use scripts to cheat on live assessments—practice and communication rehearsal only.","`Drill-down: quantify impact?`|`Who else was involved—what was uniquely yours?`|`What trade-off did you consciously accept?`","Fake KPIs/unverifiable prestige; blaming-only answers; jargon without definitions; unethical shortcuts presented as heroic; contradictory timelines; exaggerated titles; mocking users/teammates"
"IC-Behavioral-0031","Behavioral","Describe when user needs changed suddenly; focus on YOUR actions.","STAR + PREP bridge","[Point] Brief truthful headline for your situation. [Proof] One concrete artifact you owned. [Integrity] Mention VERIFY anywhere numbers aren't confirmed. [Close] Invite one thread. [Set 4] Replace bracket fields with truthful details; omit unknowns rather than guessing.","Use STAR + PREP bridge: keep Situation/Task short; expand Actions YOU took; Results honest (metric or qualitative); Technology only where necessary (STAR+T). End with polite branch offer. Only substitute facts you can verify; say VERIFY for numbers.","[degree_major]; [graduation_month_year]; [location_constraints]; [top_project_hook]; [one_metric_or_VERIFY]; [one_failure_learning]; [one_tool_you_can_define]; Do not use scripts to cheat on live assessments—practice and communication rehearsal only.","`Drill-down: quantify impact?`|`Who else was involved—what was uniquely yours?`|`What trade-off did you consciously accept?`","Fake KPIs/unverifiable prestige; blaming-only answers; jargon without definitions; unethical shortcuts presented as heroic; contradictory timelines; exaggerated titles; mocking users/teammates"
"IC-Behavioral-0032","Behavioral","Behavioral: when you misunderstood requirements—what happened?","STAR","[Point] Brief truthful headline for your situation. [Proof] One concrete artifact you owned. [Integrity] Mention VERIFY anywhere numbers aren't confirmed. [Close] Invite one thread. [Set 5] Replace bracket fields with truthful details; omit unknowns rather than guessing.","Use STAR: keep Situation/Task short; expand Actions YOU took; Results honest (metric or qualitative); Technology only where necessary (STAR+T). End with polite branch offer. Only substitute facts you can verify; say VERIFY for numbers.","[degree_major]; [graduation_month_year]; [location_constraints]; [top_project_hook]; [one_metric_or_VERIFY]; [one_failure_learning]; [one_tool_you_can_define]; Do not use scripts to cheat on live assessments—practice and communication rehearsal only.","`Drill-down: quantify impact?`|`Who else was involved—what was uniquely yours?`|`What trade-off did you consciously accept?`","Fake KPIs/unverifiable prestige; blaming-only answers; jargon without definitions; unethical shortcuts presented as heroic; contradictory timelines; exaggerated titles; mocking users/teammates"
"IC-Behavioral-0033","Behavioral","Tell me about a time you faced when you overcame procrastination honestly.","STAR","[Point] Brief truthful headline for your situation. [Proof] One concrete artifact you owned. [Integrity] Mention VERIFY anywhere numbers aren't confirmed. [Close] Invite one thread. [Set 6] Replace bracket fields with truthful details; omit unknowns rather than guessing.","Use STAR: keep Situation/Task short; expand Actions YOU took; Results honest (metric or qualitative); Technology only where necessary (STAR+T). End with polite branch offer. Only substitute facts you can verify; say VERIFY for numbers.","[degree_major]; [graduation_month_year]; [location_constraints]; [top_project_hook]; [one_metric_or_VERIFY]; [one_failure_learning]; [one_tool_you_can_define]; Do not use scripts to cheat on live assessments—practice and communication rehearsal only.","`Drill-down: quantify impact?`|`Who else was involved—what was uniquely yours?`|`What trade-off did you consciously accept?`","Fake KPIs/unverifiable prestige; blaming-only answers; jargon without definitions; unethical shortcuts presented as heroic; contradictory timelines; exaggerated titles; mocking users/teammates"
"IC-Behavioral-0034","Behavioral","Give a real example related to when you overcame nerves to present.","STAR","[Point] Brief truthful headline for your situation. [Proof] One concrete artifact you owned. [Integrity] Mention VERIFY anywhere numbers aren't confirmed. [Close] Invite one thread. [Set 7] Replace bracket fields with truthful details; omit unknowns rather than guessing.","Use STAR: keep Situation/Task short; expand Actions YOU took; Results honest (metric or qualitative); Technology only where necessary (STAR+T). End with polite branch offer. Only substitute facts you can verify; say VERIFY for numbers.","[degree_major]; [graduation_month_year]; [location_constraints]; [top_project_hook]; [one_metric_or_VERIFY]; [one_failure_learning]; [one_tool_you_can_define]; Do not use scripts to cheat on live assessments—practice and communication rehearsal only.","`Drill-down: quantify impact?`|`Who else was involved—what was uniquely yours?`|`What trade-off did you consciously accept?`","Fake KPIs/unverifiable prestige; blaming-only answers; jargon without definitions; unethical shortcuts presented as heroic; contradictory timelines; exaggerated titles; mocking users/teammates"
"IC-Behavioral-0035","Behavioral","Describe when budgets/tokens were scarce; focus on YOUR actions.","STAR","[Point] Brief truthful headline for your situation. [Proof] One concrete artifact you owned. [Integrity] Mention VERIFY anywhere numbers aren't confirmed. [Close] Invite one thread. [Set 8] Replace bracket fields with truthful details; omit unknowns rather than guessing.","Use STAR: keep Situation/Task short; expand Actions YOU took; Results honest (metric or qualitative); Technology only where necessary (STAR+T). End with polite branch offer. Only substitute facts you can verify; say VERIFY for numbers.","[degree_major]; [graduation_month_year]; [location_constraints]; [top_project_hook]; [one_metric_or_VERIFY]; [one_failure_learning]; [one_tool_you_can_define]; Do not use scripts to cheat on live assessments—practice and communication rehearsal only.","`Drill-down: quantify impact?`|`Who else was involved—what was uniquely yours?`|`What trade-off did you consciously accept?`","Fake KPIs/unverifiable prestige; blaming-only answers; jargon without definitions; unethical shortcuts presented as heroic; contradictory timelines; exaggerated titles; mocking users/teammates"
"IC-Behavioral-0036","Behavioral","Behavioral: when data was noisy in project—what happened?","STAR + PREP bridge","[Point] Brief truthful headline for your situation. [Proof] One concrete artifact you owned. [Integrity] Mention VERIFY anywhere numbers aren't confirmed. [Close] Invite one thread. [Set 9] Replace bracket fields with truthful details; omit unknowns rather than guessing.","Use STAR + PREP bridge: keep Situation/Task short; expand Actions YOU took; Results honest (metric or qualitative); Technology only where necessary (STAR+T). End with polite branch offer. Only substitute facts you can verify; say VERIFY for numbers.","[degree_major]; [graduation_month_year]; [location_constraints]; [top_project_hook]; [one_metric_or_VERIFY]; [one_failure_learning]; [one_tool_you_can_define]; Do not use scripts to cheat on live assessments—practice and communication rehearsal only.","`Drill-down: quantify impact?`|`Who else was involved—what was uniquely yours?`|`What trade-off did you consciously accept?`","Fake KPIs/unverifiable prestige; blaming-only answers; jargon without definitions; unethical shortcuts presented as heroic; contradictory timelines; exaggerated titles; mocking users/teammates"
"IC-Behavioral-0037","Behavioral","Tell me about a time you faced when security concern appeared.","STAR","[Point] Brief truthful headline for your situation. [Proof] One concrete artifact you owned. [Integrity] Mention VERIFY anywhere numbers aren't confirmed. [Close] Invite one thread. [Set 1] Replace bracket fields with truthful details; omit unknowns rather than guessing.","Use STAR: keep Situation/Task short; expand Actions YOU took; Results honest (metric or qualitative); Technology only where necessary (STAR+T). End with polite branch offer. Only substitute facts you can verify; say VERIFY for numbers.","[degree_major]; [graduation_month_year]; [location_constraints]; [top_project_hook]; [one_metric_or_VERIFY]; [one_failure_learning]; [one_tool_you_can_define]; Do not use scripts to cheat on live assessments—practice and communication rehearsal only.","`Drill-down: quantify impact?`|`Who else was involved—what was uniquely yours?`|`What trade-off did you consciously accept?`","Fake KPIs/unverifiable prestige; blaming-only answers; jargon without definitions; unethical shortcuts presented as heroic; contradictory timelines; exaggerated titles; mocking users/teammates"
"IC-Behavioral-0038","Behavioral","Give a real example related to when you improved documentation habits.","STAR","[Point] Brief truthful headline for your situation. [Proof] One concrete artifact you owned. [Integrity] Mention VERIFY anywhere numbers aren't confirmed. [Close] Invite one thread. [Set 2] Replace bracket fields with truthful details; omit unknowns rather than guessing.","Use STAR: keep Situation/Task short; expand Actions YOU took; Results honest (metric or qualitative); Technology only where necessary (STAR+T). End with polite branch offer. Only substitute facts you can verify; say VERIFY for numbers.","[degree_major]; [graduation_month_year]; [location_constraints]; [top_project_hook]; [one_metric_or_VERIFY]; [one_failure_learning]; [one_tool_you_can_define]; Do not use scripts to cheat on live assessments—practice and communication rehearsal only.","`Drill-down: quantify impact?`|`Who else was involved—what was uniquely yours?`|`What trade-off did you consciously accept?`","Fake KPIs/unverifiable prestige; blaming-only answers; jargon without definitions; unethical shortcuts presented as heroic; contradictory timelines; exaggerated titles; mocking users/teammates"
"IC-Behavioral-0039","Behavioral","Describe when you negotiated scope; focus on YOUR actions.","STAR","[Point] Brief truthful headline for your situation. [Proof] One concrete artifact you owned. [Integrity] Mention VERIFY anywhere numbers aren't confirmed. [Close] Invite one thread. [Set 3] Replace bracket fields with truthful details; omit unknowns rather than guessing.","Use STAR: keep Situation/Task short; expand Actions YOU took; Results honest (metric or qualitative); Technology only where necessary (STAR+T). End with polite branch offer. Only substitute facts you can verify; say VERIFY for numbers.","[degree_major]; [graduation_month_year]; [location_constraints]; [top_project_hook]; [one_metric_or_VERIFY]; [one_failure_learning]; [one_tool_you_can_define]; Do not use scripts to cheat on live assessments—practice and communication rehearsal only.","`Drill-down: quantify impact?`|`Who else was involved—what was uniquely yours?`|`What trade-off did you consciously accept?`","Fake KPIs/unverifiable prestige; blaming-only answers; jargon without definitions; unethical shortcuts presented as heroic; contradictory timelines; exaggerated titles; mocking users/teammates"
"IC-Behavioral-0040","Behavioral","Behavioral: when you volunteered for unpopular tasks—what happened?","STAR","[Point] Brief truthful headline for your situation. [Proof] One concrete artifact you owned. [Integrity] Mention VERIFY anywhere numbers aren't confirmed. [Close] Invite one thread. [Set 4] Replace bracket fields with truthful details; omit unknowns rather than guessing.","Use STAR: keep Situation/Task short; expand Actions YOU took; Results honest (metric or qualitative); Technology only where necessary (STAR+T). End with polite branch offer. Only substitute facts you can verify; say VERIFY for numbers.","[degree_major]; [graduation_month_year]; [location_constraints]; [top_project_hook]; [one_metric_or_VERIFY]; [one_failure_learning]; [one_tool_you_can_define]; Do not use scripts to cheat on live assessments—practice and communication rehearsal only.","`Drill-down: quantify impact?`|`Who else was involved—what was uniquely yours?`|`What trade-off did you consciously accept?`","Fake KPIs/unverifiable prestige; blaming-only answers; jargon without definitions; unethical shortcuts presented as heroic; contradictory timelines; exaggerated titles; mocking users/teammates"
"IC-Behavioral-0041","Behavioral","Tell me about a time you faced when you rebuilt trust after mishap.","STAR + PREP bridge","[Point] Brief truthful headline for your situation. [Proof] One concrete artifact you owned. [Integrity] Mention VERIFY anywhere numbers aren't confirmed. [Close] Invite one thread. [Set 5] Replace bracket fields with truthful details; omit unknowns rather than guessing.","Use STAR + PREP bridge: keep Situation/Task short; expand Actions YOU took; Results honest (metric or qualitative); Technology only where necessary (STAR+T). End with polite branch offer. Only substitute facts you can verify; say VERIFY for numbers.","[degree_major]; [graduation_month_year]; [location_constraints]; [top_project_hook]; [one_metric_or_VERIFY]; [one_failure_learning]; [one_tool_you_can_define]; Do not use scripts to cheat on live assessments—practice and communication rehearsal only.","`Drill-down: quantify impact?`|`Who else was involved—what was uniquely yours?`|`What trade-off did you consciously accept?`","Fake KPIs/unverifiable prestige; blaming-only answers; jargon without definitions; unethical shortcuts presented as heroic; contradictory timelines; exaggerated titles; mocking users/teammates"
"IC-Behavioral-0042","Behavioral","Give a real example related to when KPI/metric ambiguous.","STAR","[Point] Brief truthful headline for your situation. [Proof] One concrete artifact you owned. [Integrity] Mention VERIFY anywhere numbers aren't confirmed. [Close] Invite one thread. [Set 6] Replace bracket fields with truthful details; omit unknowns rather than guessing.","Use STAR: keep Situation/Task short; expand Actions YOU took; Results honest (metric or qualitative); Technology only where necessary (STAR+T). End with polite branch offer. Only substitute facts you can verify; say VERIFY for numbers.","[degree_major]; [graduation_month_year]; [location_constraints]; [top_project_hook]; [one_metric_or_VERIFY]; [one_failure_learning]; [one_tool_you_can_define]; Do not use scripts to cheat on live assessments—practice and communication rehearsal only.","`Drill-down: quantify impact?`|`Who else was involved—what was uniquely yours?`|`What trade-off did you consciously accept?`","Fake KPIs/unverifiable prestige; blaming-only answers; jargon without definitions; unethical shortcuts presented as heroic; contradictory timelines; exaggerated titles; mocking users/teammates"
"IC-Behavioral-0043","Behavioral","Describe when you onboarded teammate; focus on YOUR actions.","STAR","[Point] Brief truthful headline for your situation. [Proof] One concrete artifact you owned. [Integrity] Mention VERIFY anywhere numbers aren't confirmed. [Close] Invite one thread. [Set 7] Replace bracket fields with truthful details; omit unknowns rather than guessing.","Use STAR: keep Situation/Task short; expand Actions YOU took; Results honest (metric or qualitative); Technology only where necessary (STAR+T). End with polite branch offer. Only substitute facts you can verify; say VERIFY for numbers.","[degree_major]; [graduation_month_year]; [location_constraints]; [top_project_hook]; [one_metric_or_VERIFY]; [one_failure_learning]; [one_tool_you_can_define]; Do not use scripts to cheat on live assessments—practice and communication rehearsal only.","`Drill-down: quantify impact?`|`Who else was involved—what was uniquely yours?`|`What trade-off did you consciously accept?`","Fake KPIs/unverifiable prestige; blaming-only answers; jargon without definitions; unethical shortcuts presented as heroic; contradictory timelines; exaggerated titles; mocking users/teammates"
"IC-Behavioral-0044","Behavioral","Behavioral: when you summarized for busy stakeholder—what happened?","STAR","[Point] Brief truthful headline for your situation. [Proof] One concrete artifact you owned. [Integrity] Mention VERIFY anywhere numbers aren't confirmed. [Close] Invite one thread. [Set 8] Replace bracket fields with truthful details; omit unknowns rather than guessing.","Use STAR: keep Situation/Task short; expand Actions YOU took; Results honest (metric or qualitative); Technology only where necessary (STAR+T). End with polite branch offer. Only substitute facts you can verify; say VERIFY for numbers.","[degree_major]; [graduation_month_year]; [location_constraints]; [top_project_hook]; [one_metric_or_VERIFY]; [one_failure_learning]; [one_tool_you_can_define]; Do not use scripts to cheat on live assessments—practice and communication rehearsal only.","`Drill-down: quantify impact?`|`Who else was involved—what was uniquely yours?`|`What trade-off did you consciously accept?`","Fake KPIs/unverifiable prestige; blaming-only answers; jargon without definitions; unethical shortcuts presented as heroic; contradictory timelines; exaggerated titles; mocking users/teammates"
"IC-Behavioral-0045","Behavioral","Tell me about a time you faced when you flagged risk early.","STAR","[Point] Brief truthful headline for your situation. [Proof] One concrete artifact you owned. [Integrity] Mention VERIFY anywhere numbers aren't confirmed. [Close] Invite one thread. [Set 9] Replace bracket fields with truthful details; omit unknowns rather than guessing.","Use STAR: keep Situation/Task short; expand Actions YOU took; Results honest (metric or qualitative); Technology only where necessary (STAR+T). End with polite branch offer. Only substitute facts you can verify; say VERIFY for numbers.","[degree_major]; [graduation_month_year]; [location_constraints]; [top_project_hook]; [one_metric_or_VERIFY]; [one_failure_learning]; [one_tool_you_can_define]; Do not use scripts to cheat on live assessments—practice and communication rehearsal only.","`Drill-down: quantify impact?`|`Who else was involved—what was uniquely yours?`|`What trade-off did you consciously accept?`","Fake KPIs/unverifiable prestige; blaming-only answers; jargon without definitions; unethical shortcuts presented as heroic; contradictory timelines; exaggerated titles; mocking users/teammates"
"IC-Behavioral-0046","Behavioral","Give a real example related to when compromise required.","STAR + PREP bridge","[Point] Brief truthful headline for your situation. [Proof] One concrete artifact you owned. [Integrity] Mention VERIFY anywhere numbers aren't confirmed. [Close] Invite one thread. [Set 1] Replace bracket fields with truthful details; omit unknowns rather than guessing.","Use STAR + PREP bridge: keep Situation/Task short; expand Actions YOU took; Results honest (metric or qualitative); Technology only where necessary (STAR+T). End with polite branch offer. Only substitute facts you can verify; say VERIFY for numbers.","[degree_major]; [graduation_month_year]; [location_constraints]; [top_project_hook]; [one_metric_or_VERIFY]; [one_failure_learning]; [one_tool_you_can_define]; Do not use scripts to cheat on live assessments—practice and communication rehearsal only.","`Drill-down: quantify impact?`|`Who else was involved—what was uniquely yours?`|`What trade-off did you consciously accept?`","Fake KPIs/unverifiable prestige; blaming-only answers; jargon without definitions; unethical shortcuts presented as heroic; contradictory timelines; exaggerated titles; mocking users/teammates"
"IC-Behavioral-0047","Behavioral","Describe when you pivoted strategy; focus on YOUR actions.","STAR","[Point] Brief truthful headline for your situation. [Proof] One concrete artifact you owned. [Integrity] Mention VERIFY anywhere numbers aren't confirmed. [Close] Invite one thread. [Set 2] Replace bracket fields with truthful details; omit unknowns rather than guessing.","Use STAR: keep Situation/Task short; expand Actions YOU took; Results honest (metric or qualitative); Technology only where necessary (STAR+T). End with polite branch offer. Only substitute facts you can verify; say VERIFY for numbers.","[degree_major]; [graduation_month_year]; [location_constraints]; [top_project_hook]; [one_metric_or_VERIFY]; [one_failure_learning]; [one_tool_you_can_define]; Do not use scripts to cheat on live assessments—practice and communication rehearsal only.","`Drill-down: quantify impact?`|`Who else was involved—what was uniquely yours?`|`What trade-off did you consciously accept?`","Fake KPIs/unverifiable prestige; blaming-only answers; jargon without definitions; unethical shortcuts presented as heroic; contradictory timelines; exaggerated titles; mocking users/teammates"
"IC-Behavioral-0048","Behavioral","Behavioral: when you standardized patterns—what happened?","STAR","[Point] Brief truthful headline for your situation. [Proof] One concrete artifact you owned. [Integrity] Mention VERIFY anywhere numbers aren't confirmed. [Close] Invite one thread. [Set 3] Replace bracket fields with truthful details; omit unknowns rather than guessing.","Use STAR: keep Situation/Task short; expand Actions YOU took; Results honest (metric or qualitative); Technology only where necessary (STAR+T). End with polite branch offer. Only substitute facts you can verify; say VERIFY for numbers.","[degree_major]; [graduation_month_year]; [location_constraints]; [top_project_hook]; [one_metric_or_VERIFY]; [one_failure_learning]; [one_tool_you_can_define]; Do not use scripts to cheat on live assessments—practice and communication rehearsal only.","`Drill-down: quantify impact?`|`Who else was involved—what was uniquely yours?`|`What trade-off did you consciously accept?`","Fake KPIs/unverifiable prestige; blaming-only answers; jargon without definitions; unethical shortcuts presented as heroic; contradictory timelines; exaggerated titles; mocking users/teammates"
"IC-Behavioral-0049","Behavioral","Tell me about a time you faced when you standardized testing.","STAR","[Point] Brief truthful headline for your situation. [Proof] One concrete artifact you owned. [Integrity] Mention VERIFY anywhere numbers aren't confirmed. [Close] Invite one thread. [Set 4] Replace bracket fields with truthful details; omit unknowns rather than guessing.","Use STAR: keep Situation/Task short; expand Actions YOU took; Results honest (metric or qualitative); Technology only where necessary (STAR+T). End with polite branch offer. Only substitute facts you can verify; say VERIFY for numbers.","[degree_major]; [graduation_month_year]; [location_constraints]; [top_project_hook]; [one_metric_or_VERIFY]; [one_failure_learning]; [one_tool_you_can_define]; Do not use scripts to cheat on live assessments—practice and communication rehearsal only.","`Drill-down: quantify impact?`|`Who else was involved—what was uniquely yours?`|`What trade-off did you consciously accept?`","Fake KPIs/unverifiable prestige; blaming-only answers; jargon without definitions; unethical shortcuts presented as heroic; contradictory timelines; exaggerated titles; mocking users/teammates"
"IC-Behavioral-0050","Behavioral","Give a real example related to when you shortened meeting time ethically.","STAR","[Point] Brief truthful headline for your situation. [Proof] One concrete artifact you owned. [Integrity] Mention VERIFY anywhere numbers aren't confirmed. [Close] Invite one thread. [Set 5] Replace bracket fields with truthful details; omit unknowns rather than guessing.","Use STAR: keep Situation/Task short; expand Actions YOU took; Results honest (metric or qualitative); Technology only where necessary (STAR+T). End with polite branch offer. Only substitute facts you can verify; say VERIFY for numbers.","[degree_major]; [graduation_month_year]; [location_constraints]; [top_project_hook]; [one_metric_or_VERIFY]; [one_failure_learning]; [one_tool_you_can_define]; Do not use scripts to cheat on live assessments—practice and communication rehearsal only.","`Drill-down: quantify impact?`|`Who else was involved—what was uniquely yours?`|`What trade-off did you consciously accept?`","Fake KPIs/unverifiable prestige; blaming-only answers; jargon without definitions; unethical shortcuts presented as heroic; contradictory timelines; exaggerated titles; mocking users/teammates"
"IC-Behavioral-0051","Behavioral","Describe when you clarified ambiguous wording; focus on YOUR actions.","STAR + PREP bridge","[Point] Brief truthful headline for your situation. [Proof] One concrete artifact you owned. [Integrity] Mention VERIFY anywhere numbers aren't confirmed. [Close] Invite one thread. [Set 6] Replace bracket fields with truthful details; omit unknowns rather than guessing.","Use STAR + PREP bridge: keep Situation/Task short; expand Actions YOU took; Results honest (metric or qualitative); Technology only where necessary (STAR+T). End with polite branch offer. Only substitute facts you can verify; say VERIFY for numbers.","[degree_major]; [graduation_month_year]; [location_constraints]; [top_project_hook]; [one_metric_or_VERIFY]; [one_failure_learning]; [one_tool_you_can_define]; Do not use scripts to cheat on live assessments—practice and communication rehearsal only.","`Drill-down: quantify impact?`|`Who else was involved—what was uniquely yours?`|`What trade-off did you consciously accept?`","Fake KPIs/unverifiable prestige; blaming-only answers; jargon without definitions; unethical shortcuts presented as heroic; contradictory timelines; exaggerated titles; mocking users/teammates"
"IC-Behavioral-0052","Behavioral","Behavioral: when you resisted unsafe shortcut ethically—what happened?","STAR","[Point] Brief truthful headline for your situation. [Proof] One concrete artifact you owned. [Integrity] Mention VERIFY anywhere numbers aren't confirmed. [Close] Invite one thread. [Set 7] Replace bracket fields with truthful details; omit unknowns rather than guessing.","Use STAR: keep Situation/Task short; expand Actions YOU took; Results honest (metric or qualitative); Technology only where necessary (STAR+T). End with polite branch offer. Only substitute facts you can verify; say VERIFY for numbers.","[degree_major]; [graduation_month_year]; [location_constraints]; [top_project_hook]; [one_metric_or_VERIFY]; [one_failure_learning]; [one_tool_you_can_define]; Do not use scripts to cheat on live assessments—practice and communication rehearsal only.","`Drill-down: quantify impact?`|`Who else was involved—what was uniquely yours?`|`What trade-off did you consciously accept?`","Fake KPIs/unverifiable prestige; blaming-only answers; jargon without definitions; unethical shortcuts presented as heroic; contradictory timelines; exaggerated titles; mocking users/teammates"
"IC-Behavioral-0053","Behavioral","Tell me about a time you faced when you thanked fairly at end.","STAR","[Point] Brief truthful headline for your situation. [Proof] One concrete artifact you owned. [Integrity] Mention VERIFY anywhere numbers aren't confirmed. [Close] Invite one thread. [Set 8] Replace bracket fields with truthful details; omit unknowns rather than guessing.","Use STAR: keep Situation/Task short; expand Actions YOU took; Results honest (metric or qualitative); Technology only where necessary (STAR+T). End with polite branch offer. Only substitute facts you can verify; say VERIFY for numbers.","[degree_major]; [graduation_month_year]; [location_constraints]; [top_project_hook]; [one_metric_or_VERIFY]; [one_failure_learning]; [one_tool_you_can_define]; Do not use scripts to cheat on live assessments—practice and communication rehearsal only.","`Drill-down: quantify impact?`|`Who else was involved—what was uniquely yours?`|`What trade-off did you consciously accept?`","Fake KPIs/unverifiable prestige; blaming-only answers; jargon without definitions; unethical shortcuts presented as heroic; contradictory timelines; exaggerated titles; mocking users/teammates"
"IC-Behavioral-0054","Behavioral","Give a real example related to deadline slip.","STAR","[Point] Brief truthful headline for your situation. [Proof] One concrete artifact you owned. [Integrity] Mention VERIFY anywhere numbers aren't confirmed. [Close] Invite one thread. [Set 9] Replace bracket fields with truthful details; omit unknowns rather than guessing.","Use STAR: keep Situation/Task short; expand Actions YOU took; Results honest (metric or qualitative); Technology only where necessary (STAR+T). End with polite branch offer. Only substitute facts you can verify; say VERIFY for numbers.","[degree_major]; [graduation_month_year]; [location_constraints]; [top_project_hook]; [one_metric_or_VERIFY]; [one_failure_learning]; [one_tool_you_can_define]; Do not use scripts to cheat on live assessments—practice and communication rehearsal only.","`Drill-down: quantify impact?`|`Who else was involved—what was uniquely yours?`|`What trade-off did you consciously accept?`","Fake KPIs/unverifiable prestige; blaming-only answers; jargon without definitions; unethical shortcuts presented as heroic; contradictory timelines; exaggerated titles; mocking users/teammates"
"IC-Behavioral-0055","Behavioral","Describe conflict; focus on YOUR actions.","STAR","[Point] Brief truthful headline for your situation. [Proof] One concrete artifact you owned. [Integrity] Mention VERIFY anywhere numbers aren't confirmed. [Close] Invite one thread. [Set 1] Replace bracket fields with truthful details; omit unknowns rather than guessing.","Use STAR: keep Situation/Task short; expand Actions YOU took; Results honest (metric or qualitative); Technology only where necessary (STAR+T). End with polite branch offer. Only substitute facts you can verify; say VERIFY for numbers.","[degree_major]; [graduation_month_year]; [location_constraints]; [top_project_hook]; [one_metric_or_VERIFY]; [one_failure_learning]; [one_tool_you_can_define]; Do not use scripts to cheat on live assessments—practice and communication rehearsal only.","`Drill-down: quantify impact?`|`Who else was involved—what was uniquely yours?`|`What trade-off did you consciously accept?`","Fake KPIs/unverifiable prestige; blaming-only answers; jargon without definitions; unethical shortcuts presented as heroic; contradictory timelines; exaggerated titles; mocking users/teammates"
"IC-Behavioral-0056","Behavioral","Behavioral: team disagreement—what happened?","STAR + PREP bridge","[Point] Brief truthful headline for your situation. [Proof] One concrete artifact you owned. [Integrity] Mention VERIFY anywhere numbers aren't confirmed. [Close] Invite one thread. [Set 2] Replace bracket fields with truthful details; omit unknowns rather than guessing.","Use STAR + PREP bridge: keep Situation/Task short; expand Actions YOU took; Results honest (metric or qualitative); Technology only where necessary (STAR+T). End with polite branch offer. Only substitute facts you can verify; say VERIFY for numbers.","[degree_major]; [graduation_month_year]; [location_constraints]; [top_project_hook]; [one_metric_or_VERIFY]; [one_failure_learning]; [one_tool_you_can_define]; Do not use scripts to cheat on live assessments—practice and communication rehearsal only.","`Drill-down: quantify impact?`|`Who else was involved—what was uniquely yours?`|`What trade-off did you consciously accept?`","Fake KPIs/unverifiable prestige; blaming-only answers; jargon without definitions; unethical shortcuts presented as heroic; contradictory timelines; exaggerated titles; mocking users/teammates"
"IC-Behavioral-0057","Behavioral","Tell me about a time you faced mistake shipping code.","STAR","[Point] Brief truthful headline for your situation. [Proof] One concrete artifact you owned. [Integrity] Mention VERIFY anywhere numbers aren't confirmed. [Close] Invite one thread. [Set 3] Replace bracket fields with truthful details; omit unknowns rather than guessing.","Use STAR: keep Situation/Task short; expand Actions YOU took; Results honest (metric or qualitative); Technology only where necessary (STAR+T). End with polite branch offer. Only substitute facts you can verify; say VERIFY for numbers.","[degree_major]; [graduation_month_year]; [location_constraints]; [top_project_hook]; [one_metric_or_VERIFY]; [one_failure_learning]; [one_tool_you_can_define]; Do not use scripts to cheat on live assessments—practice and communication rehearsal only.","`Drill-down: quantify impact?`|`Who else was involved—what was uniquely yours?`|`What trade-off did you consciously accept?`","Fake KPIs/unverifiable prestige; blaming-only answers; jargon without definitions; unethical shortcuts presented as heroic; contradictory timelines; exaggerated titles; mocking users/teammates"
"IC-Behavioral-0058","Behavioral","Give a real example related to miscommunication with teammate.","STAR","[Point] Brief truthful headline for your situation. [Proof] One concrete artifact you owned. [Integrity] Mention VERIFY anywhere numbers aren't confirmed. [Close] Invite one thread. [Set 4] Replace bracket fields with truthful details; omit unknowns rather than guessing.","Use STAR: keep Situation/Task short; expand Actions YOU took; Results honest (metric or qualitative); Technology only where necessary (STAR+T). End with polite branch offer. Only substitute facts you can verify; say VERIFY for numbers.","[degree_major]; [graduation_month_year]; [location_constraints]; [top_project_hook]; [one_metric_or_VERIFY]; [one_failure_learning]; [one_tool_you_can_define]; Do not use scripts to cheat on live assessments—practice and communication rehearsal only.","`Drill-down: quantify impact?`|`Who else was involved—what was uniquely yours?`|`What trade-off did you consciously accept?`","Fake KPIs/unverifiable prestige; blaming-only answers; jargon without definitions; unethical shortcuts presented as heroic; contradictory timelines; exaggerated titles; mocking users/teammates"
"IC-Behavioral-0059","Behavioral","Describe priority conflict; focus on YOUR actions.","STAR","[Point] Brief truthful headline for your situation. [Proof] One concrete artifact you owned. [Integrity] Mention VERIFY anywhere numbers aren't confirmed. [Close] Invite one thread. [Set 5] Replace bracket fields with truthful details; omit unknowns rather than guessing.","Use STAR: keep Situation/Task short; expand Actions YOU took; Results honest (metric or qualitative); Technology only where necessary (STAR+T). End with polite branch offer. Only substitute facts you can verify; say VERIFY for numbers.","[degree_major]; [graduation_month_year]; [location_constraints]; [top_project_hook]; [one_metric_or_VERIFY]; [one_failure_learning]; [one_tool_you_can_define]; Do not use scripts to cheat on live assessments—practice and communication rehearsal only.","`Drill-down: quantify impact?`|`Who else was involved—what was uniquely yours?`|`What trade-off did you consciously accept?`","Fake KPIs/unverifiable prestige; blaming-only answers; jargon without definitions; unethical shortcuts presented as heroic; contradictory timelines; exaggerated titles; mocking users/teammates"
"IC-Behavioral-0060","Behavioral","Behavioral: learning a new tool fast—what happened?","STAR","[Point] Brief truthful headline for your situation. [Proof] One concrete artifact you owned. [Integrity] Mention VERIFY anywhere numbers aren't confirmed. [Close] Invite one thread. [Set 6] Replace bracket fields with truthful details; omit unknowns rather than guessing.","Use STAR: keep Situation/Task short; expand Actions YOU took; Results honest (metric or qualitative); Technology only where necessary (STAR+T). End with polite branch offer. Only substitute facts you can verify; say VERIFY for numbers.","[degree_major]; [graduation_month_year]; [location_constraints]; [top_project_hook]; [one_metric_or_VERIFY]; [one_failure_learning]; [one_tool_you_can_define]; Do not use scripts to cheat on live assessments—practice and communication rehearsal only.","`Drill-down: quantify impact?`|`Who else was involved—what was uniquely yours?`|`What trade-off did you consciously accept?`","Fake KPIs/unverifiable prestige; blaming-only answers; jargon without definitions; unethical shortcuts presented as heroic; contradictory timelines; exaggerated titles; mocking users/teammates"
"IC-Behavioral-0061","Behavioral","Tell me about a time you faced handling negative feedback.","STAR + PREP bridge","[Point] Brief truthful headline for your situation. [Proof] One concrete artifact you owned. [Integrity] Mention VERIFY anywhere numbers aren't confirmed. [Close] Invite one thread. [Set 7] Replace bracket fields with truthful details; omit unknowns rather than guessing.","Use STAR + PREP bridge: keep Situation/Task short; expand Actions YOU took; Results honest (metric or qualitative); Technology only where necessary (STAR+T). End with polite branch offer. Only substitute facts you can verify; say VERIFY for numbers.","[degree_major]; [graduation_month_year]; [location_constraints]; [top_project_hook]; [one_metric_or_VERIFY]; [one_failure_learning]; [one_tool_you_can_define]; Do not use scripts to cheat on live assessments—practice and communication rehearsal only.","`Drill-down: quantify impact?`|`Who else was involved—what was uniquely yours?`|`What trade-off did you consciously accept?`","Fake KPIs/unverifiable prestige; blaming-only answers; jargon without definitions; unethical shortcuts presented as heroic; contradictory timelines; exaggerated titles; mocking users/teammates"
"IC-Behavioral-0062","Behavioral","Give a real example related to persuading without authority.","STAR","[Point] Brief truthful headline for your situation. [Proof] One concrete artifact you owned. [Integrity] Mention VERIFY anywhere numbers aren't confirmed. [Close] Invite one thread. [Set 8] Replace bracket fields with truthful details; omit unknowns rather than guessing.","Use STAR: keep Situation/Task short; expand Actions YOU took; Results honest (metric or qualitative); Technology only where necessary (STAR+T). End with polite branch offer. Only substitute facts you can verify; say VERIFY for numbers.","[degree_major]; [graduation_month_year]; [location_constraints]; [top_project_hook]; [one_metric_or_VERIFY]; [one_failure_learning]; [one_tool_you_can_define]; Do not use scripts to cheat on live assessments—practice and communication rehearsal only.","`Drill-down: quantify impact?`|`Who else was involved—what was uniquely yours?`|`What trade-off did you consciously accept?`","Fake KPIs/unverifiable prestige; blaming-only answers; jargon without definitions; unethical shortcuts presented as heroic; contradictory timelines; exaggerated titles; mocking users/teammates"
"IC-Behavioral-0063","Behavioral","Describe leading when not the leader; focus on YOUR actions.","STAR","[Point] Brief truthful headline for your situation. [Proof] One concrete artifact you owned. [Integrity] Mention VERIFY anywhere numbers aren't confirmed. [Close] Invite one thread. [Set 9] Replace bracket fields with truthful details; omit unknowns rather than guessing.","Use STAR: keep Situation/Task short; expand Actions YOU took; Results honest (metric or qualitative); Technology only where necessary (STAR+T). End with polite branch offer. Only substitute facts you can verify; say VERIFY for numbers.","[degree_major]; [graduation_month_year]; [location_constraints]; [top_project_hook]; [one_metric_or_VERIFY]; [one_failure_learning]; [one_tool_you_can_define]; Do not use scripts to cheat on live assessments—practice and communication rehearsal only.","`Drill-down: quantify impact?`|`Who else was involved—what was uniquely yours?`|`What trade-off did you consciously accept?`","Fake KPIs/unverifiable prestige; blaming-only answers; jargon without definitions; unethical shortcuts presented as heroic; contradictory timelines; exaggerated titles; mocking users/teammates"
"IC-Behavioral-0064","Behavioral","Behavioral: failure in coursework—what happened?","STAR","[Point] Brief truthful headline for your situation. [Proof] One concrete artifact you owned. [Integrity] Mention VERIFY anywhere numbers aren't confirmed. [Close] Invite one thread. [Set 1] Replace bracket fields with truthful details; omit unknowns rather than guessing.","Use STAR: keep Situation/Task short; expand Actions YOU took; Results honest (metric or qualitative); Technology only where necessary (STAR+T). End with polite branch offer. Only substitute facts you can verify; say VERIFY for numbers.","[degree_major]; [graduation_month_year]; [location_constraints]; [top_project_hook]; [one_metric_or_VERIFY]; [one_failure_learning]; [one_tool_you_can_define]; Do not use scripts to cheat on live assessments—practice and communication rehearsal only.","`Drill-down: quantify impact?`|`Who else was involved—what was uniquely yours?`|`What trade-off did you consciously accept?`","Fake KPIs/unverifiable prestige; blaming-only answers; jargon without definitions; unethical shortcuts presented as heroic; contradictory timelines; exaggerated titles; mocking users/teammates"
"IC-Behavioral-0065","Behavioral","Tell me about a time you faced ethical dilemma (light).","STAR","[Point] Brief truthful headline for your situation. [Proof] One concrete artifact you owned. [Integrity] Mention VERIFY anywhere numbers aren't confirmed. [Close] Invite one thread. [Set 2] Replace bracket fields with truthful details; omit unknowns rather than guessing.","Use STAR: keep Situation/Task short; expand Actions YOU took; Results honest (metric or qualitative); Technology only where necessary (STAR+T). End with polite branch offer. Only substitute facts you can verify; say VERIFY for numbers.","[degree_major]; [graduation_month_year]; [location_constraints]; [top_project_hook]; [one_metric_or_VERIFY]; [one_failure_learning]; [one_tool_you_can_define]; Do not use scripts to cheat on live assessments—practice and communication rehearsal only.","`Drill-down: quantify impact?`|`Who else was involved—what was uniquely yours?`|`What trade-off did you consciously accept?`","Fake KPIs/unverifiable prestige; blaming-only answers; jargon without definitions; unethical shortcuts presented as heroic; contradictory timelines; exaggerated titles; mocking users/teammates"
"IC-Behavioral-0066","Behavioral","Give a real example related to working with a difficult teammate.","STAR + PREP bridge","[Point] Brief truthful headline for your situation. [Proof] One concrete artifact you owned. [Integrity] Mention VERIFY anywhere numbers aren't confirmed. [Close] Invite one thread. [Set 3] Replace bracket fields with truthful details; omit unknowns rather than guessing.","Use STAR + PREP bridge: keep Situation/Task short; expand Actions YOU took; Results honest (metric or qualitative); Technology only where necessary (STAR+T). End with polite branch offer. Only substitute facts you can verify; say VERIFY for numbers.","[degree_major]; [graduation_month_year]; [location_constraints]; [top_project_hook]; [one_metric_or_VERIFY]; [one_failure_learning]; [one_tool_you_can_define]; Do not use scripts to cheat on live assessments—practice and communication rehearsal only.","`Drill-down: quantify impact?`|`Who else was involved—what was uniquely yours?`|`What trade-off did you consciously accept?`","Fake KPIs/unverifiable prestige; blaming-only answers; jargon without definitions; unethical shortcuts presented as heroic; contradictory timelines; exaggerated titles; mocking users/teammates"
"IC-Behavioral-0067","Behavioral","Describe extra responsibility; focus on YOUR actions.","STAR","[Point] Brief truthful headline for your situation. [Proof] One concrete artifact you owned. [Integrity] Mention VERIFY anywhere numbers aren't confirmed. [Close] Invite one thread. [Set 4] Replace bracket fields with truthful details; omit unknowns rather than guessing.","Use STAR: keep Situation/Task short; expand Actions YOU took; Results honest (metric or qualitative); Technology only where necessary (STAR+T). End with polite branch offer. Only substitute facts you can verify; say VERIFY for numbers.","[degree_major]; [graduation_month_year]; [location_constraints]; [top_project_hook]; [one_metric_or_VERIFY]; [one_failure_learning]; [one_tool_you_can_define]; Do not use scripts to cheat on live assessments—practice and communication rehearsal only.","`Drill-down: quantify impact?`|`Who else was involved—what was uniquely yours?`|`What trade-off did you consciously accept?`","Fake KPIs/unverifiable prestige; blaming-only answers; jargon without definitions; unethical shortcuts presented as heroic; contradictory timelines; exaggerated titles; mocking users/teammates"
"IC-Behavioral-0068","Behavioral","Behavioral: scope creep moment—what happened?","STAR","[Point] Brief truthful headline for your situation. [Proof] One concrete artifact you owned. [Integrity] Mention VERIFY anywhere numbers aren't confirmed. [Close] Invite one thread. [Set 5] Replace bracket fields with truthful details; omit unknowns rather than guessing.","Use STAR: keep Situation/Task short; expand Actions YOU took; Results honest (metric or qualitative); Technology only where necessary (STAR+T). End with polite branch offer. Only substitute facts you can verify; say VERIFY for numbers.","[degree_major]; [graduation_month_year]; [location_constraints]; [top_project_hook]; [one_metric_or_VERIFY]; [one_failure_learning]; [one_tool_you_can_define]; Do not use scripts to cheat on live assessments—practice and communication rehearsal only.","`Drill-down: quantify impact?`|`Who else was involved—what was uniquely yours?`|`What trade-off did you consciously accept?`","Fake KPIs/unverifiable prestige; blaming-only answers; jargon without definitions; unethical shortcuts presented as heroic; contradictory timelines; exaggerated titles; mocking users/teammates"
"IC-Behavioral-0069","Behavioral","Tell me about a time you faced surprise blocker before demo.","STAR","[Point] Brief truthful headline for your situation. [Proof] One concrete artifact you owned. [Integrity] Mention VERIFY anywhere numbers aren't confirmed. [Close] Invite one thread. [Set 6] Replace bracket fields with truthful details; omit unknowns rather than guessing.","Use STAR: keep Situation/Task short; expand Actions YOU took; Results honest (metric or qualitative); Technology only where necessary (STAR+T). End with polite branch offer. Only substitute facts you can verify; say VERIFY for numbers.","[degree_major]; [graduation_month_year]; [location_constraints]; [top_project_hook]; [one_metric_or_VERIFY]; [one_failure_learning]; [one_tool_you_can_define]; Do not use scripts to cheat on live assessments—practice and communication rehearsal only.","`Drill-down: quantify impact?`|`Who else was involved—what was uniquely yours?`|`What trade-off did you consciously accept?`","Fake KPIs/unverifiable prestige; blaming-only answers; jargon without definitions; unethical shortcuts presented as heroic; contradictory timelines; exaggerated titles; mocking users/teammates"
"IC-Behavioral-0070","Behavioral","Give a real example related to bug found late.","STAR","[Point] Brief truthful headline for your situation. [Proof] One concrete artifact you owned. [Integrity] Mention VERIFY anywhere numbers aren't confirmed. [Close] Invite one thread. [Set 7] Replace bracket fields with truthful details; omit unknowns rather than guessing.","Use STAR: keep Situation/Task short; expand Actions YOU took; Results honest (metric or qualitative); Technology only where necessary (STAR+T). End with polite branch offer. Only substitute facts you can verify; say VERIFY for numbers.","[degree_major]; [graduation_month_year]; [location_constraints]; [top_project_hook]; [one_metric_or_VERIFY]; [one_failure_learning]; [one_tool_you_can_define]; Do not use scripts to cheat on live assessments—practice and communication rehearsal only.","`Drill-down: quantify impact?`|`Who else was involved—what was uniquely yours?`|`What trade-off did you consciously accept?`","Fake KPIs/unverifiable prestige; blaming-only answers; jargon without definitions; unethical shortcuts presented as heroic; contradictory timelines; exaggerated titles; mocking users/teammates"
"IC-Behavioral-0071","Behavioral","Describe organizing chaotic tasks; focus on YOUR actions.","STAR + PREP bridge","[Point] Brief truthful headline for your situation. [Proof] One concrete artifact you owned. [Integrity] Mention VERIFY anywhere numbers aren't confirmed. [Close] Invite one thread. [Set 8] Replace bracket fields with truthful details; omit unknowns rather than guessing.","Use STAR + PREP bridge: keep Situation/Task short; expand Actions YOU took; Results honest (metric or qualitative); Technology only where necessary (STAR+T). End with polite branch offer. Only substitute facts you can verify; say VERIFY for numbers.","[degree_major]; [graduation_month_year]; [location_constraints]; [top_project_hook]; [one_metric_or_VERIFY]; [one_failure_learning]; [one_tool_you_can_define]; Do not use scripts to cheat on live assessments—practice and communication rehearsal only.","`Drill-down: quantify impact?`|`Who else was involved—what was uniquely yours?`|`What trade-off did you consciously accept?`","Fake KPIs/unverifiable prestige; blaming-only answers; jargon without definitions; unethical shortcuts presented as heroic; contradictory timelines; exaggerated titles; mocking users/teammates"
"IC-Behavioral-0072","Behavioral","Behavioral: helping juniors—what happened?","STAR","[Point] Brief truthful headline for your situation. [Proof] One concrete artifact you owned. [Integrity] Mention VERIFY anywhere numbers aren't confirmed. [Close] Invite one thread. [Set 9] Replace bracket fields with truthful details; omit unknowns rather than guessing.","Use STAR: keep Situation/Task short; expand Actions YOU took; Results honest (metric or qualitative); Technology only where necessary (STAR+T). End with polite branch offer. Only substitute facts you can verify; say VERIFY for numbers.","[degree_major]; [graduation_month_year]; [location_constraints]; [top_project_hook]; [one_metric_or_VERIFY]; [one_failure_learning]; [one_tool_you_can_define]; Do not use scripts to cheat on live assessments—practice and communication rehearsal only.","`Drill-down: quantify impact?`|`Who else was involved—what was uniquely yours?`|`What trade-off did you consciously accept?`","Fake KPIs/unverifiable prestige; blaming-only answers; jargon without definitions; unethical shortcuts presented as heroic; contradictory timelines; exaggerated titles; mocking users/teammates"
"IC-Behavioral-0073","Behavioral","Tell me about a time you faced improving reliability.","STAR","[Point] Brief truthful headline for your situation. [Proof] One concrete artifact you owned. [Integrity] Mention VERIFY anywhere numbers aren't confirmed. [Close] Invite one thread. [Set 1] Replace bracket fields with truthful details; omit unknowns rather than guessing.","Use STAR: keep Situation/Task short; expand Actions YOU took; Results honest (metric or qualitative); Technology only where necessary (STAR+T). End with polite branch offer. Only substitute facts you can verify; say VERIFY for numbers.","[degree_major]; [graduation_month_year]; [location_constraints]; [top_project_hook]; [one_metric_or_VERIFY]; [one_failure_learning]; [one_tool_you_can_define]; Do not use scripts to cheat on live assessments—practice and communication rehearsal only.","`Drill-down: quantify impact?`|`Who else was involved—what was uniquely yours?`|`What trade-off did you consciously accept?`","Fake KPIs/unverifiable prestige; blaming-only answers; jargon without definitions; unethical shortcuts presented as heroic; contradictory timelines; exaggerated titles; mocking users/teammates"
"IC-Behavioral-0074","Behavioral","Give a real example related to disagreement with mentor/TA.","STAR","[Point] Brief truthful headline for your situation. [Proof] One concrete artifact you owned. [Integrity] Mention VERIFY anywhere numbers aren't confirmed. [Close] Invite one thread. [Set 2] Replace bracket fields with truthful details; omit unknowns rather than guessing.","Use STAR: keep Situation/Task short; expand Actions YOU took; Results honest (metric or qualitative); Technology only where necessary (STAR+T). End with polite branch offer. Only substitute facts you can verify; say VERIFY for numbers.","[degree_major]; [graduation_month_year]; [location_constraints]; [top_project_hook]; [one_metric_or_VERIFY]; [one_failure_learning]; [one_tool_you_can_define]; Do not use scripts to cheat on live assessments—practice and communication rehearsal only.","`Drill-down: quantify impact?`|`Who else was involved—what was uniquely yours?`|`What trade-off did you consciously accept?`","Fake KPIs/unverifiable prestige; blaming-only answers; jargon without definitions; unethical shortcuts presented as heroic; contradictory timelines; exaggerated titles; mocking users/teammates"
"IC-Behavioral-0075","Behavioral","Describe when you improved process; focus on YOUR actions.","STAR","[Point] Brief truthful headline for your situation. [Proof] One concrete artifact you owned. [Integrity] Mention VERIFY anywhere numbers aren't confirmed. [Close] Invite one thread. [Set 3] Replace bracket fields with truthful details; omit unknowns rather than guessing.","Use STAR: keep Situation/Task short; expand Actions YOU took; Results honest (metric or qualitative); Technology only where necessary (STAR+T). End with polite branch offer. Only substitute facts you can verify; say VERIFY for numbers.","[degree_major]; [graduation_month_year]; [location_constraints]; [top_project_hook]; [one_metric_or_VERIFY]; [one_failure_learning]; [one_tool_you_can_define]; Do not use scripts to cheat on live assessments—practice and communication rehearsal only.","`Drill-down: quantify impact?`|`Who else was involved—what was uniquely yours?`|`What trade-off did you consciously accept?`","Fake KPIs/unverifiable prestige; blaming-only answers; jargon without definitions; unethical shortcuts presented as heroic; contradictory timelines; exaggerated titles; mocking users/teammates"
"IC-Behavioral-0076","Behavioral","Behavioral: when you simplified complexity—what happened?","STAR + PREP bridge","[Point] Brief truthful headline for your situation. [Proof] One concrete artifact you owned. [Integrity] Mention VERIFY anywhere numbers aren't confirmed. [Close] Invite one thread. [Set 4] Replace bracket fields with truthful details; omit unknowns rather than guessing.","Use STAR + PREP bridge: keep Situation/Task short; expand Actions YOU took; Results honest (metric or qualitative); Technology only where necessary (STAR+T). End with polite branch offer. Only substitute facts you can verify; say VERIFY for numbers.","[degree_major]; [graduation_month_year]; [location_constraints]; [top_project_hook]; [one_metric_or_VERIFY]; [one_failure_learning]; [one_tool_you_can_define]; Do not use scripts to cheat on live assessments—practice and communication rehearsal only.","`Drill-down: quantify impact?`|`Who else was involved—what was uniquely yours?`|`What trade-off did you consciously accept?`","Fake KPIs/unverifiable prestige; blaming-only answers; jargon without definitions; unethical shortcuts presented as heroic; contradictory timelines; exaggerated titles; mocking users/teammates"
"IC-Behavioral-0077","Behavioral","Tell me about a time you faced when you rescued integration.","STAR","[Point] Brief truthful headline for your situation. [Proof] One concrete artifact you owned. [Integrity] Mention VERIFY anywhere numbers aren't confirmed. [Close] Invite one thread. [Set 5] Replace bracket fields with truthful details; omit unknowns rather than guessing.","Use STAR: keep Situation/Task short; expand Actions YOU took; Results honest (metric or qualitative); Technology only where necessary (STAR+T). End with polite branch offer. Only substitute facts you can verify; say VERIFY for numbers.","[degree_major]; [graduation_month_year]; [location_constraints]; [top_project_hook]; [one_metric_or_VERIFY]; [one_failure_learning]; [one_tool_you_can_define]; Do not use scripts to cheat on live assessments—practice and communication rehearsal only.","`Drill-down: quantify impact?`|`Who else was involved—what was uniquely yours?`|`What trade-off did you consciously accept?`","Fake KPIs/unverifiable prestige; blaming-only answers; jargon without definitions; unethical shortcuts presented as heroic; contradictory timelines; exaggerated titles; mocking users/teammates"
"IC-Behavioral-0078","Behavioral","Give a real example related to when you coordinated remote work.","STAR","[Point] Brief truthful headline for your situation. [Proof] One concrete artifact you owned. [Integrity] Mention VERIFY anywhere numbers aren't confirmed. [Close] Invite one thread. [Set 6] Replace bracket fields with truthful details; omit unknowns rather than guessing.","Use STAR: keep Situation/Task short; expand Actions YOU took; Results honest (metric or qualitative); Technology only where necessary (STAR+T). End with polite branch offer. Only substitute facts you can verify; say VERIFY for numbers.","[degree_major]; [graduation_month_year]; [location_constraints]; [top_project_hook]; [one_metric_or_VERIFY]; [one_failure_learning]; [one_tool_you_can_define]; Do not use scripts to cheat on live assessments—practice and communication rehearsal only.","`Drill-down: quantify impact?`|`Who else was involved—what was uniquely yours?`|`What trade-off did you consciously accept?`","Fake KPIs/unverifiable prestige; blaming-only answers; jargon without definitions; unethical shortcuts presented as heroic; contradictory timelines; exaggerated titles; mocking users/teammates"
"IC-Behavioral-0079","Behavioral","Describe culture clash politely handled; focus on YOUR actions.","STAR","[Point] Brief truthful headline for your situation. [Proof] One concrete artifact you owned. [Integrity] Mention VERIFY anywhere numbers aren't confirmed. [Close] Invite one thread. [Set 7] Replace bracket fields with truthful details; omit unknowns rather than guessing.","Use STAR: keep Situation/Task short; expand Actions YOU took; Results honest (metric or qualitative); Technology only where necessary (STAR+T). End with polite branch offer. Only substitute facts you can verify; say VERIFY for numbers.","[degree_major]; [graduation_month_year]; [location_constraints]; [top_project_hook]; [one_metric_or_VERIFY]; [one_failure_learning]; [one_tool_you_can_define]; Do not use scripts to cheat on live assessments—practice and communication rehearsal only.","`Drill-down: quantify impact?`|`Who else was involved—what was uniquely yours?`|`What trade-off did you consciously accept?`","Fake KPIs/unverifiable prestige; blaming-only answers; jargon without definitions; unethical shortcuts presented as heroic; contradictory timelines; exaggerated titles; mocking users/teammates"
"IC-Behavioral-0080","Behavioral","Behavioral: when you apologized rightly—what happened?","STAR","[Point] Brief truthful headline for your situation. [Proof] One concrete artifact you owned. [Integrity] Mention VERIFY anywhere numbers aren't confirmed. [Close] Invite one thread. [Set 8] Replace bracket fields with truthful details; omit unknowns rather than guessing.","Use STAR: keep Situation/Task short; expand Actions YOU took; Results honest (metric or qualitative); Technology only where necessary (STAR+T). End with polite branch offer. Only substitute facts you can verify; say VERIFY for numbers.","[degree_major]; [graduation_month_year]; [location_constraints]; [top_project_hook]; [one_metric_or_VERIFY]; [one_failure_learning]; [one_tool_you_can_define]; Do not use scripts to cheat on live assessments—practice and communication rehearsal only.","`Drill-down: quantify impact?`|`Who else was involved—what was uniquely yours?`|`What trade-off did you consciously accept?`","Fake KPIs/unverifiable prestige; blaming-only answers; jargon without definitions; unethical shortcuts presented as heroic; contradictory timelines; exaggerated titles; mocking users/teammates"
"IC-Behavioral-0081","Behavioral","Tell me about a time you faced when you delegated fairly.","STAR + PREP bridge","[Point] Brief truthful headline for your situation. [Proof] One concrete artifact you owned. [Integrity] Mention VERIFY anywhere numbers aren't confirmed. [Close] Invite one thread. [Set 9] Replace bracket fields with truthful details; omit unknowns rather than guessing.","Use STAR + PREP bridge: keep Situation/Task short; expand Actions YOU took; Results honest (metric or qualitative); Technology only where necessary (STAR+T). End with polite branch offer. Only substitute facts you can verify; say VERIFY for numbers.","[degree_major]; [graduation_month_year]; [location_constraints]; [top_project_hook]; [one_metric_or_VERIFY]; [one_failure_learning]; [one_tool_you_can_define]; Do not use scripts to cheat on live assessments—practice and communication rehearsal only.","`Drill-down: quantify impact?`|`Who else was involved—what was uniquely yours?`|`What trade-off did you consciously accept?`","Fake KPIs/unverifiable prestige; blaming-only answers; jargon without definitions; unethical shortcuts presented as heroic; contradictory timelines; exaggerated titles; mocking users/teammates"
"IC-Behavioral-0082","Behavioral","Give a real example related to when you defended quality.","STAR","[Point] Brief truthful headline for your situation. [Proof] One concrete artifact you owned. [Integrity] Mention VERIFY anywhere numbers aren't confirmed. [Close] Invite one thread. [Set 1] Replace bracket fields with truthful details; omit unknowns rather than guessing.","Use STAR: keep Situation/Task short; expand Actions YOU took; Results honest (metric or qualitative); Technology only where necessary (STAR+T). End with polite branch offer. Only substitute facts you can verify; say VERIFY for numbers.","[degree_major]; [graduation_month_year]; [location_constraints]; [top_project_hook]; [one_metric_or_VERIFY]; [one_failure_learning]; [one_tool_you_can_define]; Do not use scripts to cheat on live assessments—practice and communication rehearsal only.","`Drill-down: quantify impact?`|`Who else was involved—what was uniquely yours?`|`What trade-off did you consciously accept?`","Fake KPIs/unverifiable prestige; blaming-only answers; jargon without definitions; unethical shortcuts presented as heroic; contradictory timelines; exaggerated titles; mocking users/teammates"
"IC-Behavioral-0083","Behavioral","Describe when you sacrificed polish for deadline; focus on YOUR actions.","STAR","[Point] Brief truthful headline for your situation. [Proof] One concrete artifact you owned. [Integrity] Mention VERIFY anywhere numbers aren't confirmed. [Close] Invite one thread. [Set 2] Replace bracket fields with truthful details; omit unknowns rather than guessing.","Use STAR: keep Situation/Task short; expand Actions YOU took; Results honest (metric or qualitative); Technology only where necessary (STAR+T). End with polite branch offer. Only substitute facts you can verify; say VERIFY for numbers.","[degree_major]; [graduation_month_year]; [location_constraints]; [top_project_hook]; [one_metric_or_VERIFY]; [one_failure_learning]; [one_tool_you_can_define]; Do not use scripts to cheat on live assessments—practice and communication rehearsal only.","`Drill-down: quantify impact?`|`Who else was involved—what was uniquely yours?`|`What trade-off did you consciously accept?`","Fake KPIs/unverifiable prestige; blaming-only answers; jargon without definitions; unethical shortcuts presented as heroic; contradictory timelines; exaggerated titles; mocking users/teammates"
"IC-Behavioral-0084","Behavioral","Behavioral: when user needs changed suddenly—what happened?","STAR","[Point] Brief truthful headline for your situation. [Proof] One concrete artifact you owned. [Integrity] Mention VERIFY anywhere numbers aren't confirmed. [Close] Invite one thread. [Set 3] Replace bracket fields with truthful details; omit unknowns rather than guessing.","Use STAR: keep Situation/Task short; expand Actions YOU took; Results honest (metric or qualitative); Technology only where necessary (STAR+T). End with polite branch offer. Only substitute facts you can verify; say VERIFY for numbers.","[degree_major]; [graduation_month_year]; [location_constraints]; [top_project_hook]; [one_metric_or_VERIFY]; [one_failure_learning]; [one_tool_you_can_define]; Do not use scripts to cheat on live assessments—practice and communication rehearsal only.","`Drill-down: quantify impact?`|`Who else was involved—what was uniquely yours?`|`What trade-off did you consciously accept?`","Fake KPIs/unverifiable prestige; blaming-only answers; jargon without definitions; unethical shortcuts presented as heroic; contradictory timelines; exaggerated titles; mocking users/teammates"
"IC-Behavioral-0085","Behavioral","Tell me about a time you faced when you misunderstood requirements.","STAR","[Point] Brief truthful headline for your situation. [Proof] One concrete artifact you owned. [Integrity] Mention VERIFY anywhere numbers aren't confirmed. [Close] Invite one thread. [Set 4] Replace bracket fields with truthful details; omit unknowns rather than guessing.","Use STAR: keep Situation/Task short; expand Actions YOU took; Results honest (metric or qualitative); Technology only where necessary (STAR+T). End with polite branch offer. Only substitute facts you can verify; say VERIFY for numbers.","[degree_major]; [graduation_month_year]; [location_constraints]; [top_project_hook]; [one_metric_or_VERIFY]; [one_failure_learning]; [one_tool_you_can_define]; Do not use scripts to cheat on live assessments—practice and communication rehearsal only.","`Drill-down: quantify impact?`|`Who else was involved—what was uniquely yours?`|`What trade-off did you consciously accept?`","Fake KPIs/unverifiable prestige; blaming-only answers; jargon without definitions; unethical shortcuts presented as heroic; contradictory timelines; exaggerated titles; mocking users/teammates"
"IC-Behavioral-0086","Behavioral","Give a real example related to when you overcame procrastination honestly.","STAR + PREP bridge","[Point] Brief truthful headline for your situation. [Proof] One concrete artifact you owned. [Integrity] Mention VERIFY anywhere numbers aren't confirmed. [Close] Invite one thread. [Set 5] Replace bracket fields with truthful details; omit unknowns rather than guessing.","Use STAR + PREP bridge: keep Situation/Task short; expand Actions YOU took; Results honest (metric or qualitative); Technology only where necessary (STAR+T). End with polite branch offer. Only substitute facts you can verify; say VERIFY for numbers.","[degree_major]; [graduation_month_year]; [location_constraints]; [top_project_hook]; [one_metric_or_VERIFY]; [one_failure_learning]; [one_tool_you_can_define]; Do not use scripts to cheat on live assessments—practice and communication rehearsal only.","`Drill-down: quantify impact?`|`Who else was involved—what was uniquely yours?`|`What trade-off did you consciously accept?`","Fake KPIs/unverifiable prestige; blaming-only answers; jargon without definitions; unethical shortcuts presented as heroic; contradictory timelines; exaggerated titles; mocking users/teammates"
"IC-Behavioral-0087","Behavioral","Describe when you overcame nerves to present; focus on YOUR actions.","STAR","[Point] Brief truthful headline for your situation. [Proof] One concrete artifact you owned. [Integrity] Mention VERIFY anywhere numbers aren't confirmed. [Close] Invite one thread. [Set 6] Replace bracket fields with truthful details; omit unknowns rather than guessing.","Use STAR: keep Situation/Task short; expand Actions YOU took; Results honest (metric or qualitative); Technology only where necessary (STAR+T). End with polite branch offer. Only substitute facts you can verify; say VERIFY for numbers.","[degree_major]; [graduation_month_year]; [location_constraints]; [top_project_hook]; [one_metric_or_VERIFY]; [one_failure_learning]; [one_tool_you_can_define]; Do not use scripts to cheat on live assessments—practice and communication rehearsal only.","`Drill-down: quantify impact?`|`Who else was involved—what was uniquely yours?`|`What trade-off did you consciously accept?`","Fake KPIs/unverifiable prestige; blaming-only answers; jargon without definitions; unethical shortcuts presented as heroic; contradictory timelines; exaggerated titles; mocking users/teammates"
"IC-Behavioral-0088","Behavioral","Behavioral: when budgets/tokens were scarce—what happened?","STAR","[Point] Brief truthful headline for your situation. [Proof] One concrete artifact you owned. [Integrity] Mention VERIFY anywhere numbers aren't confirmed. [Close] Invite one thread. [Set 7] Replace bracket fields with truthful details; omit unknowns rather than guessing.","Use STAR: keep Situation/Task short; expand Actions YOU took; Results honest (metric or qualitative); Technology only where necessary (STAR+T). End with polite branch offer. Only substitute facts you can verify; say VERIFY for numbers.","[degree_major]; [graduation_month_year]; [location_constraints]; [top_project_hook]; [one_metric_or_VERIFY]; [one_failure_learning]; [one_tool_you_can_define]; Do not use scripts to cheat on live assessments—practice and communication rehearsal only.","`Drill-down: quantify impact?`|`Who else was involved—what was uniquely yours?`|`What trade-off did you consciously accept?`","Fake KPIs/unverifiable prestige; blaming-only answers; jargon without definitions; unethical shortcuts presented as heroic; contradictory timelines; exaggerated titles; mocking users/teammates"
"IC-Behavioral-0089","Behavioral","Tell me about a time you faced when data was noisy in project.","STAR","[Point] Brief truthful headline for your situation. [Proof] One concrete artifact you owned. [Integrity] Mention VERIFY anywhere numbers aren't confirmed. [Close] Invite one thread. [Set 8] Replace bracket fields with truthful details; omit unknowns rather than guessing.","Use STAR: keep Situation/Task short; expand Actions YOU took; Results honest (metric or qualitative); Technology only where necessary (STAR+T). End with polite branch offer. Only substitute facts you can verify; say VERIFY for numbers.","[degree_major]; [graduation_month_year]; [location_constraints]; [top_project_hook]; [one_metric_or_VERIFY]; [one_failure_learning]; [one_tool_you_can_define]; Do not use scripts to cheat on live assessments—practice and communication rehearsal only.","`Drill-down: quantify impact?`|`Who else was involved—what was uniquely yours?`|`What trade-off did you consciously accept?`","Fake KPIs/unverifiable prestige; blaming-only answers; jargon without definitions; unethical shortcuts presented as heroic; contradictory timelines; exaggerated titles; mocking users/teammates"
"IC-Behavioral-0090","Behavioral","Give a real example related to when security concern appeared.","STAR","[Point] Brief truthful headline for your situation. [Proof] One concrete artifact you owned. [Integrity] Mention VERIFY anywhere numbers aren't confirmed. [Close] Invite one thread. [Set 9] Replace bracket fields with truthful details; omit unknowns rather than guessing.","Use STAR: keep Situation/Task short; expand Actions YOU took; Results honest (metric or qualitative); Technology only where necessary (STAR+T). End with polite branch offer. Only substitute facts you can verify; say VERIFY for numbers.","[degree_major]; [graduation_month_year]; [location_constraints]; [top_project_hook]; [one_metric_or_VERIFY]; [one_failure_learning]; [one_tool_you_can_define]; Do not use scripts to cheat on live assessments—practice and communication rehearsal only.","`Drill-down: quantify impact?`|`Who else was involved—what was uniquely yours?`|`What trade-off did you consciously accept?`","Fake KPIs/unverifiable prestige; blaming-only answers; jargon without definitions; unethical shortcuts presented as heroic; contradictory timelines; exaggerated titles; mocking users/teammates"
"IC-Behavioral-0091","Behavioral","Describe when you improved documentation habits; focus on YOUR actions.","STAR + PREP bridge","[Point] Brief truthful headline for your situation. [Proof] One concrete artifact you owned. [Integrity] Mention VERIFY anywhere numbers aren't confirmed. [Close] Invite one thread. [Set 1] Replace bracket fields with truthful details; omit unknowns rather than guessing.","Use STAR + PREP bridge: keep Situation/Task short; expand Actions YOU took; Results honest (metric or qualitative); Technology only where necessary (STAR+T). End with polite branch offer. Only substitute facts you can verify; say VERIFY for numbers.","[degree_major]; [graduation_month_year]; [location_constraints]; [top_project_hook]; [one_metric_or_VERIFY]; [one_failure_learning]; [one_tool_you_can_define]; Do not use scripts to cheat on live assessments—practice and communication rehearsal only.","`Drill-down: quantify impact?`|`Who else was involved—what was uniquely yours?`|`What trade-off did you consciously accept?`","Fake KPIs/unverifiable prestige; blaming-only answers; jargon without definitions; unethical shortcuts presented as heroic; contradictory timelines; exaggerated titles; mocking users/teammates"
"IC-Behavioral-0092","Behavioral","Behavioral: when you negotiated scope—what happened?","STAR","[Point] Brief truthful headline for your situation. [Proof] One concrete artifact you owned. [Integrity] Mention VERIFY anywhere numbers aren't confirmed. [Close] Invite one thread. [Set 2] Replace bracket fields with truthful details; omit unknowns rather than guessing.","Use STAR: keep Situation/Task short; expand Actions YOU took; Results honest (metric or qualitative); Technology only where necessary (STAR+T). End with polite branch offer. Only substitute facts you can verify; say VERIFY for numbers.","[degree_major]; [graduation_month_year]; [location_constraints]; [top_project_hook]; [one_metric_or_VERIFY]; [one_failure_learning]; [one_tool_you_can_define]; Do not use scripts to cheat on live assessments—practice and communication rehearsal only.","`Drill-down: quantify impact?`|`Who else was involved—what was uniquely yours?`|`What trade-off did you consciously accept?`","Fake KPIs/unverifiable prestige; blaming-only answers; jargon without definitions; unethical shortcuts presented as heroic; contradictory timelines; exaggerated titles; mocking users/teammates"
"IC-Behavioral-0093","Behavioral","Tell me about a time you faced when you volunteered for unpopular tasks.","STAR","[Point] Brief truthful headline for your situation. [Proof] One concrete artifact you owned. [Integrity] Mention VERIFY anywhere numbers aren't confirmed. [Close] Invite one thread. [Set 3] Replace bracket fields with truthful details; omit unknowns rather than guessing.","Use STAR: keep Situation/Task short; expand Actions YOU took; Results honest (metric or qualitative); Technology only where necessary (STAR+T). End with polite branch offer. Only substitute facts you can verify; say VERIFY for numbers.","[degree_major]; [graduation_month_year]; [location_constraints]; [top_project_hook]; [one_metric_or_VERIFY]; [one_failure_learning]; [one_tool_you_can_define]; Do not use scripts to cheat on live assessments—practice and communication rehearsal only.","`Drill-down: quantify impact?`|`Who else was involved—what was uniquely yours?`|`What trade-off did you consciously accept?`","Fake KPIs/unverifiable prestige; blaming-only answers; jargon without definitions; unethical shortcuts presented as heroic; contradictory timelines; exaggerated titles; mocking users/teammates"
"IC-Behavioral-0094","Behavioral","Give a real example related to when you rebuilt trust after mishap.","STAR","[Point] Brief truthful headline for your situation. [Proof] One concrete artifact you owned. [Integrity] Mention VERIFY anywhere numbers aren't confirmed. [Close] Invite one thread. [Set 4] Replace bracket fields with truthful details; omit unknowns rather than guessing.","Use STAR: keep Situation/Task short; expand Actions YOU took; Results honest (metric or qualitative); Technology only where necessary (STAR+T). End with polite branch offer. Only substitute facts you can verify; say VERIFY for numbers.","[degree_major]; [graduation_month_year]; [location_constraints]; [top_project_hook]; [one_metric_or_VERIFY]; [one_failure_learning]; [one_tool_you_can_define]; Do not use scripts to cheat on live assessments—practice and communication rehearsal only.","`Drill-down: quantify impact?`|`Who else was involved—what was uniquely yours?`|`What trade-off did you consciously accept?`","Fake KPIs/unverifiable prestige; blaming-only answers; jargon without definitions; unethical shortcuts presented as heroic; contradictory timelines; exaggerated titles; mocking users/teammates"
"IC-Behavioral-0095","Behavioral","Describe when KPI/metric ambiguous; focus on YOUR actions.","STAR","[Point] Brief truthful headline for your situation. [Proof] One concrete artifact you owned. [Integrity] Mention VERIFY anywhere numbers aren't confirmed. [Close] Invite one thread. [Set 5] Replace bracket fields with truthful details; omit unknowns rather than guessing.","Use STAR: keep Situation/Task short; expand Actions YOU took; Results honest (metric or qualitative); Technology only where necessary (STAR+T). End with polite branch offer. Only substitute facts you can verify; say VERIFY for numbers.","[degree_major]; [graduation_month_year]; [location_constraints]; [top_project_hook]; [one_metric_or_VERIFY]; [one_failure_learning]; [one_tool_you_can_define]; Do not use scripts to cheat on live assessments—practice and communication rehearsal only.","`Drill-down: quantify impact?`|`Who else was involved—what was uniquely yours?`|`What trade-off did you consciously accept?`","Fake KPIs/unverifiable prestige; blaming-only answers; jargon without definitions; unethical shortcuts presented as heroic; contradictory timelines; exaggerated titles; mocking users/teammates"
"IC-Project-0001","Project","Explain your project with emphasis on architecture overview.","STAR+T","[Point] Brief truthful headline for your situation. [Proof] One concrete artifact you owned. [Integrity] Mention VERIFY anywhere numbers aren't confirmed. [Close] Invite one thread. [Set 1] Replace bracket fields with truthful details; omit unknowns rather than guessing.","Use STAR+T: keep Situation/Task short; expand Actions YOU took; Results honest (metric or qualitative); Technology only where necessary (STAR+T). End with polite branch offer. Only substitute facts you can verify; say VERIFY for numbers.","[degree_major]; [graduation_month_year]; [location_constraints]; [top_project_hook]; [one_metric_or_VERIFY]; [one_failure_learning]; [one_tool_you_can_define]; Do not use scripts to cheat on live assessments—practice and communication rehearsal only.","`Drill-down: quantify impact?`|`Who else was involved—what was uniquely yours?`|`What trade-off did you consciously accept?`","Fake KPIs/unverifiable prestige; blaming-only answers; jargon without definitions; unethical shortcuts presented as heroic; contradictory timelines; exaggerated titles; mocking users/teammates"
"IC-Project-0002","Project","Walk me through your contribution lanes in your project.","STAR+T","[Point] Brief truthful headline for your situation. [Proof] One concrete artifact you owned. [Integrity] Mention VERIFY anywhere numbers aren't confirmed. [Close] Invite one thread. [Set 2] Replace bracket fields with truthful details; omit unknowns rather than guessing.","Use STAR+T: keep Situation/Task short; expand Actions YOU took; Results honest (metric or qualitative); Technology only where necessary (STAR+T). End with polite branch offer. Only substitute facts you can verify; say VERIFY for numbers.","[degree_major]; [graduation_month_year]; [location_constraints]; [top_project_hook]; [one_metric_or_VERIFY]; [one_failure_learning]; [one_tool_you_can_define]; Do not use scripts to cheat on live assessments—practice and communication rehearsal only.","`Drill-down: quantify impact?`|`Who else was involved—what was uniquely yours?`|`What trade-off did you consciously accept?`","Fake KPIs/unverifiable prestige; blaming-only answers; jargon without definitions; unethical shortcuts presented as heroic; contradictory timelines; exaggerated titles; mocking users/teammates"
"IC-Project-0003","Project","Project deep dive: hardest debugging story.","Module Map","[Point] Brief truthful headline for your situation. [Proof] One concrete artifact you owned. [Integrity] Mention VERIFY anywhere numbers aren't confirmed. [Close] Invite one thread. [Set 3] Replace bracket fields with truthful details; omit unknowns rather than guessing.","Use Module Map: keep Situation/Task short; expand Actions YOU took; Results honest (metric or qualitative); Technology only where necessary (STAR+T). End with polite branch offer. Only substitute facts you can verify; say VERIFY for numbers.","[degree_major]; [graduation_month_year]; [location_constraints]; [top_project_hook]; [one_metric_or_VERIFY]; [one_failure_learning]; [one_tool_you_can_define]; Do not use scripts to cheat on live assessments—practice and communication rehearsal only.","`Drill-down: quantify impact?`|`Who else was involved—what was uniquely yours?`|`What trade-off did you consciously accept?`","Fake KPIs/unverifiable prestige; blaming-only answers; jargon without definitions; unethical shortcuts presented as heroic; contradictory timelines; exaggerated titles; mocking users/teammates"
"IC-Project-0004","Project","Explain your project with emphasis on tech stack rationale.","STAR+T","[Point] Brief truthful headline for your situation. [Proof] One concrete artifact you owned. [Integrity] Mention VERIFY anywhere numbers aren't confirmed. [Close] Invite one thread. [Set 4] Replace bracket fields with truthful details; omit unknowns rather than guessing.","Use STAR+T: keep Situation/Task short; expand Actions YOU took; Results honest (metric or qualitative); Technology only where necessary (STAR+T). End with polite branch offer. Only substitute facts you can verify; say VERIFY for numbers.","[degree_major]; [graduation_month_year]; [location_constraints]; [top_project_hook]; [one_metric_or_VERIFY]; [one_failure_learning]; [one_tool_you_can_define]; Do not use scripts to cheat on live assessments—practice and communication rehearsal only.","`Drill-down: quantify impact?`|`Who else was involved—what was uniquely yours?`|`What trade-off did you consciously accept?`","Fake KPIs/unverifiable prestige; blaming-only answers; jargon without definitions; unethical shortcuts presented as heroic; contradictory timelines; exaggerated titles; mocking users/teammates"
"IC-Project-0005","Project","Walk me through testing strategy truth in your project.","STAR+T","[Point] Brief truthful headline for your situation. [Proof] One concrete artifact you owned. [Integrity] Mention VERIFY anywhere numbers aren't confirmed. [Close] Invite one thread. [Set 5] Replace bracket fields with truthful details; omit unknowns rather than guessing.","Use STAR+T: keep Situation/Task short; expand Actions YOU took; Results honest (metric or qualitative); Technology only where necessary (STAR+T). End with polite branch offer. Only substitute facts you can verify; say VERIFY for numbers.","[degree_major]; [graduation_month_year]; [location_constraints]; [top_project_hook]; [one_metric_or_VERIFY]; [one_failure_learning]; [one_tool_you_can_define]; Do not use scripts to cheat on live assessments—practice and communication rehearsal only.","`Drill-down: quantify impact?`|`Who else was involved—what was uniquely yours?`|`What trade-off did you consciously accept?`","Fake KPIs/unverifiable prestige; blaming-only answers; jargon without definitions; unethical shortcuts presented as heroic; contradictory timelines; exaggerated titles; mocking users/teammates"
"IC-Project-0006","Project","Project deep dive: data handling + privacy humility.","STAR+T","[Point] Brief truthful headline for your situation. [Proof] One concrete artifact you owned. [Integrity] Mention VERIFY anywhere numbers aren't confirmed. [Close] Invite one thread. [Set 6] Replace bracket fields with truthful details; omit unknowns rather than guessing.","Use STAR+T: keep Situation/Task short; expand Actions YOU took; Results honest (metric or qualitative); Technology only where necessary (STAR+T). End with polite branch offer. Only substitute facts you can verify; say VERIFY for numbers.","[degree_major]; [graduation_month_year]; [location_constraints]; [top_project_hook]; [one_metric_or_VERIFY]; [one_failure_learning]; [one_tool_you_can_define]; Do not use scripts to cheat on live assessments—practice and communication rehearsal only.","`Drill-down: quantify impact?`|`Who else was involved—what was uniquely yours?`|`What trade-off did you consciously accept?`","Fake KPIs/unverifiable prestige; blaming-only answers; jargon without definitions; unethical shortcuts presented as heroic; contradictory timelines; exaggerated titles; mocking users/teammates"
"IC-Project-0007","Project","Explain your project with emphasis on failure + recovery.","Module Map","[Point] Brief truthful headline for your situation. [Proof] One concrete artifact you owned. [Integrity] Mention VERIFY anywhere numbers aren't confirmed. [Close] Invite one thread. [Set 7] Replace bracket fields with truthful details; omit unknowns rather than guessing.","Use Module Map: keep Situation/Task short; expand Actions YOU took; Results honest (metric or qualitative); Technology only where necessary (STAR+T). End with polite branch offer. Only substitute facts you can verify; say VERIFY for numbers.","[degree_major]; [graduation_month_year]; [location_constraints]; [top_project_hook]; [one_metric_or_VERIFY]; [one_failure_learning]; [one_tool_you_can_define]; Do not use scripts to cheat on live assessments—practice and communication rehearsal only.","`Drill-down: quantify impact?`|`Who else was involved—what was uniquely yours?`|`What trade-off did you consciously accept?`","Fake KPIs/unverifiable prestige; blaming-only answers; jargon without definitions; unethical shortcuts presented as heroic; contradictory timelines; exaggerated titles; mocking users/teammates"
"IC-Project-0008","Project","Walk me through trade-offs picked in your project.","STAR+T","[Point] Brief truthful headline for your situation. [Proof] One concrete artifact you owned. [Integrity] Mention VERIFY anywhere numbers aren't confirmed. [Close] Invite one thread. [Set 1] Replace bracket fields with truthful details; omit unknowns rather than guessing.","Use STAR+T: keep Situation/Task short; expand Actions YOU took; Results honest (metric or qualitative); Technology only where necessary (STAR+T). End with polite branch offer. Only substitute facts you can verify; say VERIFY for numbers.","[degree_major]; [graduation_month_year]; [location_constraints]; [top_project_hook]; [one_metric_or_VERIFY]; [one_failure_learning]; [one_tool_you_can_define]; Do not use scripts to cheat on live assessments—practice and communication rehearsal only.","`Drill-down: quantify impact?`|`Who else was involved—what was uniquely yours?`|`What trade-off did you consciously accept?`","Fake KPIs/unverifiable prestige; blaming-only answers; jargon without definitions; unethical shortcuts presented as heroic; contradictory timelines; exaggerated titles; mocking users/teammates"
"IC-Project-0009","Project","Project deep dive: scalability humility.","STAR+T","[Point] Brief truthful headline for your situation. [Proof] One concrete artifact you owned. [Integrity] Mention VERIFY anywhere numbers aren't confirmed. [Close] Invite one thread. [Set 2] Replace bracket fields with truthful details; omit unknowns rather than guessing.","Use STAR+T: keep Situation/Task short; expand Actions YOU took; Results honest (metric or qualitative); Technology only where necessary (STAR+T). End with polite branch offer. Only substitute facts you can verify; say VERIFY for numbers.","[degree_major]; [graduation_month_year]; [location_constraints]; [top_project_hook]; [one_metric_or_VERIFY]; [one_failure_learning]; [one_tool_you_can_define]; Do not use scripts to cheat on live assessments—practice and communication rehearsal only.","`Drill-down: quantify impact?`|`Who else was involved—what was uniquely yours?`|`What trade-off did you consciously accept?`","Fake KPIs/unverifiable prestige; blaming-only answers; jargon without definitions; unethical shortcuts presented as heroic; contradictory timelines; exaggerated titles; mocking users/teammates"
"IC-Project-0010","Project","Explain your project with emphasis on security boundaries.","STAR+T","[Point] Brief truthful headline for your situation. [Proof] One concrete artifact you owned. [Integrity] Mention VERIFY anywhere numbers aren't confirmed. [Close] Invite one thread. [Set 3] Replace bracket fields with truthful details; omit unknowns rather than guessing.","Use STAR+T: keep Situation/Task short; expand Actions YOU took; Results honest (metric or qualitative); Technology only where necessary (STAR+T). End with polite branch offer. Only substitute facts you can verify; say VERIFY for numbers.","[degree_major]; [graduation_month_year]; [location_constraints]; [top_project_hook]; [one_metric_or_VERIFY]; [one_failure_learning]; [one_tool_you_can_define]; Do not use scripts to cheat on live assessments—practice and communication rehearsal only.","`Drill-down: quantify impact?`|`Who else was involved—what was uniquely yours?`|`What trade-off did you consciously accept?`","Fake KPIs/unverifiable prestige; blaming-only answers; jargon without definitions; unethical shortcuts presented as heroic; contradictory timelines; exaggerated titles; mocking users/teammates"
"IC-Project-0011","Project","Walk me through performance discussion without fake metrics in your project.","Module Map","[Point] Brief truthful headline for your situation. [Proof] One concrete artifact you owned. [Integrity] Mention VERIFY anywhere numbers aren't confirmed. [Close] Invite one thread. [Set 4] Replace bracket fields with truthful details; omit unknowns rather than guessing.","Use Module Map: keep Situation/Task short; expand Actions YOU took; Results honest (metric or qualitative); Technology only where necessary (STAR+T). End with polite branch offer. Only substitute facts you can verify; say VERIFY for numbers.","[degree_major]; [graduation_month_year]; [location_constraints]; [top_project_hook]; [one_metric_or_VERIFY]; [one_failure_learning]; [one_tool_you_can_define]; Do not use scripts to cheat on live assessments—practice and communication rehearsal only.","`Drill-down: quantify impact?`|`Who else was involved—what was uniquely yours?`|`What trade-off did you consciously accept?`","Fake KPIs/unverifiable prestige; blaming-only answers; jargon without definitions; unethical shortcuts presented as heroic; contradictory timelines; exaggerated titles; mocking users/teammates"
"IC-Project-0012","Project","Project deep dive: API design rationale.","STAR+T","[Point] Brief truthful headline for your situation. [Proof] One concrete artifact you owned. [Integrity] Mention VERIFY anywhere numbers aren't confirmed. [Close] Invite one thread. [Set 5] Replace bracket fields with truthful details; omit unknowns rather than guessing.","Use STAR+T: keep Situation/Task short; expand Actions YOU took; Results honest (metric or qualitative); Technology only where necessary (STAR+T). End with polite branch offer. Only substitute facts you can verify; say VERIFY for numbers.","[degree_major]; [graduation_month_year]; [location_constraints]; [top_project_hook]; [one_metric_or_VERIFY]; [one_failure_learning]; [one_tool_you_can_define]; Do not use scripts to cheat on live assessments—practice and communication rehearsal only.","`Drill-down: quantify impact?`|`Who else was involved—what was uniquely yours?`|`What trade-off did you consciously accept?`","Fake KPIs/unverifiable prestige; blaming-only answers; jargon without definitions; unethical shortcuts presented as heroic; contradictory timelines; exaggerated titles; mocking users/teammates"
"IC-Project-0013","Project","Explain your project with emphasis on database modeling choice.","STAR+T","[Point] Brief truthful headline for your situation. [Proof] One concrete artifact you owned. [Integrity] Mention VERIFY anywhere numbers aren't confirmed. [Close] Invite one thread. [Set 6] Replace bracket fields with truthful details; omit unknowns rather than guessing.","Use STAR+T: keep Situation/Task short; expand Actions YOU took; Results honest (metric or qualitative); Technology only where necessary (STAR+T). End with polite branch offer. Only substitute facts you can verify; say VERIFY for numbers.","[degree_major]; [graduation_month_year]; [location_constraints]; [top_project_hook]; [one_metric_or_VERIFY]; [one_failure_learning]; [one_tool_you_can_define]; Do not use scripts to cheat on live assessments—practice and communication rehearsal only.","`Drill-down: quantify impact?`|`Who else was involved—what was uniquely yours?`|`What trade-off did you consciously accept?`","Fake KPIs/unverifiable prestige; blaming-only answers; jargon without definitions; unethical shortcuts presented as heroic; contradictory timelines; exaggerated titles; mocking users/teammates"
"IC-Project-0014","Project","Walk me through frontend state management in your project.","STAR+T","[Point] Brief truthful headline for your situation. [Proof] One concrete artifact you owned. [Integrity] Mention VERIFY anywhere numbers aren't confirmed. [Close] Invite one thread. [Set 7] Replace bracket fields with truthful details; omit unknowns rather than guessing.","Use STAR+T: keep Situation/Task short; expand Actions YOU took; Results honest (metric or qualitative); Technology only where necessary (STAR+T). End with polite branch offer. Only substitute facts you can verify; say VERIFY for numbers.","[degree_major]; [graduation_month_year]; [location_constraints]; [top_project_hook]; [one_metric_or_VERIFY]; [one_failure_learning]; [one_tool_you_can_define]; Do not use scripts to cheat on live assessments—practice and communication rehearsal only.","`Drill-down: quantify impact?`|`Who else was involved—what was uniquely yours?`|`What trade-off did you consciously accept?`","Fake KPIs/unverifiable prestige; blaming-only answers; jargon without definitions; unethical shortcuts presented as heroic; contradictory timelines; exaggerated titles; mocking users/teammates"
"IC-Project-0015","Project","Project deep dive: deployment truth vs demo-only.","Module Map","[Point] Brief truthful headline for your situation. [Proof] One concrete artifact you owned. [Integrity] Mention VERIFY anywhere numbers aren't confirmed. [Close] Invite one thread. [Set 1] Replace bracket fields with truthful details; omit unknowns rather than guessing.","Use Module Map: keep Situation/Task short; expand Actions YOU took; Results honest (metric or qualitative); Technology only where necessary (STAR+T). End with polite branch offer. Only substitute facts you can verify; say VERIFY for numbers.","[degree_major]; [graduation_month_year]; [location_constraints]; [top_project_hook]; [one_metric_or_VERIFY]; [one_failure_learning]; [one_tool_you_can_define]; Do not use scripts to cheat on live assessments—practice and communication rehearsal only.","`Drill-down: quantify impact?`|`Who else was involved—what was uniquely yours?`|`What trade-off did you consciously accept?`","Fake KPIs/unverifiable prestige; blaming-only answers; jargon without definitions; unethical shortcuts presented as heroic; contradictory timelines; exaggerated titles; mocking users/teammates"
"IC-Project-0016","Project","Explain your project with emphasis on team collaboration rituals.","STAR+T","[Point] Brief truthful headline for your situation. [Proof] One concrete artifact you owned. [Integrity] Mention VERIFY anywhere numbers aren't confirmed. [Close] Invite one thread. [Set 2] Replace bracket fields with truthful details; omit unknowns rather than guessing.","Use STAR+T: keep Situation/Task short; expand Actions YOU took; Results honest (metric or qualitative); Technology only where necessary (STAR+T). End with polite branch offer. Only substitute facts you can verify; say VERIFY for numbers.","[degree_major]; [graduation_month_year]; [location_constraints]; [top_project_hook]; [one_metric_or_VERIFY]; [one_failure_learning]; [one_tool_you_can_define]; Do not use scripts to cheat on live assessments—practice and communication rehearsal only.","`Drill-down: quantify impact?`|`Who else was involved—what was uniquely yours?`|`What trade-off did you consciously accept?`","Fake KPIs/unverifiable prestige; blaming-only answers; jargon without definitions; unethical shortcuts presented as heroic; contradictory timelines; exaggerated titles; mocking users/teammates"
"IC-Project-0017","Project","Walk me through documentation you wrote in your project.","STAR+T","[Point] Brief truthful headline for your situation. [Proof] One concrete artifact you owned. [Integrity] Mention VERIFY anywhere numbers aren't confirmed. [Close] Invite one thread. [Set 3] Replace bracket fields with truthful details; omit unknowns rather than guessing.","Use STAR+T: keep Situation/Task short; expand Actions YOU took; Results honest (metric or qualitative); Technology only where necessary (STAR+T). End with polite branch offer. Only substitute facts you can verify; say VERIFY for numbers.","[degree_major]; [graduation_month_year]; [location_constraints]; [top_project_hook]; [one_metric_or_VERIFY]; [one_failure_learning]; [one_tool_you_can_define]; Do not use scripts to cheat on live assessments—practice and communication rehearsal only.","`Drill-down: quantify impact?`|`Who else was involved—what was uniquely yours?`|`What trade-off did you consciously accept?`","Fake KPIs/unverifiable prestige; blaming-only answers; jargon without definitions; unethical shortcuts presented as heroic; contradictory timelines; exaggerated titles; mocking users/teammates"
"IC-Project-0018","Project","Project deep dive: lessons you'd apply next.","STAR+T","[Point] Brief truthful headline for your situation. [Proof] One concrete artifact you owned. [Integrity] Mention VERIFY anywhere numbers aren't confirmed. [Close] Invite one thread. [Set 4] Replace bracket fields with truthful details; omit unknowns rather than guessing.","Use STAR+T: keep Situation/Task short; expand Actions YOU took; Results honest (metric or qualitative); Technology only where necessary (STAR+T). End with polite branch offer. Only substitute facts you can verify; say VERIFY for numbers.","[degree_major]; [graduation_month_year]; [location_constraints]; [top_project_hook]; [one_metric_or_VERIFY]; [one_failure_learning]; [one_tool_you_can_define]; Do not use scripts to cheat on live assessments—practice and communication rehearsal only.","`Drill-down: quantify impact?`|`Who else was involved—what was uniquely yours?`|`What trade-off did you consciously accept?`","Fake KPIs/unverifiable prestige; blaming-only answers; jargon without definitions; unethical shortcuts presented as heroic; contradictory timelines; exaggerated titles; mocking users/teammates"
"IC-Project-0019","Project","Explain your project with emphasis on alternate design you rejected.","Module Map","[Point] Brief truthful headline for your situation. [Proof] One concrete artifact you owned. [Integrity] Mention VERIFY anywhere numbers aren't confirmed. [Close] Invite one thread. [Set 5] Replace bracket fields with truthful details; omit unknowns rather than guessing.","Use Module Map: keep Situation/Task short; expand Actions YOU took; Results honest (metric or qualitative); Technology only where necessary (STAR+T). End with polite branch offer. Only substitute facts you can verify; say VERIFY for numbers.","[degree_major]; [graduation_month_year]; [location_constraints]; [top_project_hook]; [one_metric_or_VERIFY]; [one_failure_learning]; [one_tool_you_can_define]; Do not use scripts to cheat on live assessments—practice and communication rehearsal only.","`Drill-down: quantify impact?`|`Who else was involved—what was uniquely yours?`|`What trade-off did you consciously accept?`","Fake KPIs/unverifiable prestige; blaming-only answers; jargon without definitions; unethical shortcuts presented as heroic; contradictory timelines; exaggerated titles; mocking users/teammates"
"IC-Project-0020","Project","Walk me through third-party integrations in your project.","STAR+T","[Point] Brief truthful headline for your situation. [Proof] One concrete artifact you owned. [Integrity] Mention VERIFY anywhere numbers aren't confirmed. [Close] Invite one thread. [Set 6] Replace bracket fields with truthful details; omit unknowns rather than guessing.","Use STAR+T: keep Situation/Task short; expand Actions YOU took; Results honest (metric or qualitative); Technology only where necessary (STAR+T). End with polite branch offer. Only substitute facts you can verify; say VERIFY for numbers.","[degree_major]; [graduation_month_year]; [location_constraints]; [top_project_hook]; [one_metric_or_VERIFY]; [one_failure_learning]; [one_tool_you_can_define]; Do not use scripts to cheat on live assessments—practice and communication rehearsal only.","`Drill-down: quantify impact?`|`Who else was involved—what was uniquely yours?`|`What trade-off did you consciously accept?`","Fake KPIs/unverifiable prestige; blaming-only answers; jargon without definitions; unethical shortcuts presented as heroic; contradictory timelines; exaggerated titles; mocking users/teammates"
"IC-Project-0021","Project","Project deep dive: accessibility/basic UX notes.","STAR+T","[Point] Brief truthful headline for your situation. [Proof] One concrete artifact you owned. [Integrity] Mention VERIFY anywhere numbers aren't confirmed. [Close] Invite one thread. [Set 7] Replace bracket fields with truthful details; omit unknowns rather than guessing.","Use STAR+T: keep Situation/Task short; expand Actions YOU took; Results honest (metric or qualitative); Technology only where necessary (STAR+T). End with polite branch offer. Only substitute facts you can verify; say VERIFY for numbers.","[degree_major]; [graduation_month_year]; [location_constraints]; [top_project_hook]; [one_metric_or_VERIFY]; [one_failure_learning]; [one_tool_you_can_define]; Do not use scripts to cheat on live assessments—practice and communication rehearsal only.","`Drill-down: quantify impact?`|`Who else was involved—what was uniquely yours?`|`What trade-off did you consciously accept?`","Fake KPIs/unverifiable prestige; blaming-only answers; jargon without definitions; unethical shortcuts presented as heroic; contradictory timelines; exaggerated titles; mocking users/teammates"
"IC-Project-0022","Project","Explain your project with emphasis on monitoring/logging truth.","STAR+T","[Point] Brief truthful headline for your situation. [Proof] One concrete artifact you owned. [Integrity] Mention VERIFY anywhere numbers aren't confirmed. [Close] Invite one thread. [Set 1] Replace bracket fields with truthful details; omit unknowns rather than guessing.","Use STAR+T: keep Situation/Task short; expand Actions YOU took; Results honest (metric or qualitative); Technology only where necessary (STAR+T). End with polite branch offer. Only substitute facts you can verify; say VERIFY for numbers.","[degree_major]; [graduation_month_year]; [location_constraints]; [top_project_hook]; [one_metric_or_VERIFY]; [one_failure_learning]; [one_tool_you_can_define]; Do not use scripts to cheat on live assessments—practice and communication rehearsal only.","`Drill-down: quantify impact?`|`Who else was involved—what was uniquely yours?`|`What trade-off did you consciously accept?`","Fake KPIs/unverifiable prestige; blaming-only answers; jargon without definitions; unethical shortcuts presented as heroic; contradictory timelines; exaggerated titles; mocking users/teammates"
"IC-Project-0023","Project","Walk me through CI/CD realism in your project.","Module Map","[Point] Brief truthful headline for your situation. [Proof] One concrete artifact you owned. [Integrity] Mention VERIFY anywhere numbers aren't confirmed. [Close] Invite one thread. [Set 2] Replace bracket fields with truthful details; omit unknowns rather than guessing.","Use Module Map: keep Situation/Task short; expand Actions YOU took; Results honest (metric or qualitative); Technology only where necessary (STAR+T). End with polite branch offer. Only substitute facts you can verify; say VERIFY for numbers.","[degree_major]; [graduation_month_year]; [location_constraints]; [top_project_hook]; [one_metric_or_VERIFY]; [one_failure_learning]; [one_tool_you_can_define]; Do not use scripts to cheat on live assessments—practice and communication rehearsal only.","`Drill-down: quantify impact?`|`Who else was involved—what was uniquely yours?`|`What trade-off did you consciously accept?`","Fake KPIs/unverifiable prestige; blaming-only answers; jargon without definitions; unethical shortcuts presented as heroic; contradictory timelines; exaggerated titles; mocking users/teammates"
"IC-Project-0024","Project","Project deep dive: hardware + software crossover.","STAR+T","[Point] Brief truthful headline for your situation. [Proof] One concrete artifact you owned. [Integrity] Mention VERIFY anywhere numbers aren't confirmed. [Close] Invite one thread. [Set 3] Replace bracket fields with truthful details; omit unknowns rather than guessing.","Use STAR+T: keep Situation/Task short; expand Actions YOU took; Results honest (metric or qualitative); Technology only where necessary (STAR+T). End with polite branch offer. Only substitute facts you can verify; say VERIFY for numbers.","[degree_major]; [graduation_month_year]; [location_constraints]; [top_project_hook]; [one_metric_or_VERIFY]; [one_failure_learning]; [one_tool_you_can_define]; Do not use scripts to cheat on live assessments—practice and communication rehearsal only.","`Drill-down: quantify impact?`|`Who else was involved—what was uniquely yours?`|`What trade-off did you consciously accept?`","Fake KPIs/unverifiable prestige; blaming-only answers; jargon without definitions; unethical shortcuts presented as heroic; contradictory timelines; exaggerated titles; mocking users/teammates"
"IC-Project-0025","Project","Explain your project with emphasis on ML scope honesty (training vs inference).","STAR+T","[Point] Brief truthful headline for your situation. [Proof] One concrete artifact you owned. [Integrity] Mention VERIFY anywhere numbers aren't confirmed. [Close] Invite one thread. [Set 4] Replace bracket fields with truthful details; omit unknowns rather than guessing.","Use STAR+T: keep Situation/Task short; expand Actions YOU took; Results honest (metric or qualitative); Technology only where necessary (STAR+T). End with polite branch offer. Only substitute facts you can verify; say VERIFY for numbers.","[degree_major]; [graduation_month_year]; [location_constraints]; [top_project_hook]; [one_metric_or_VERIFY]; [one_failure_learning]; [one_tool_you_can_define]; Do not use scripts to cheat on live assessments—practice and communication rehearsal only.","`Drill-down: quantify impact?`|`Who else was involved—what was uniquely yours?`|`What trade-off did you consciously accept?`","Fake KPIs/unverifiable prestige; blaming-only answers; jargon without definitions; unethical shortcuts presented as heroic; contradictory timelines; exaggerated titles; mocking users/teammates"
"IC-Project-0026","Project","Walk me through datasets + labeling truth in your project.","STAR+T","[Point] Brief truthful headline for your situation. [Proof] One concrete artifact you owned. [Integrity] Mention VERIFY anywhere numbers aren't confirmed. [Close] Invite one thread. [Set 5] Replace bracket fields with truthful details; omit unknowns rather than guessing.","Use STAR+T: keep Situation/Task short; expand Actions YOU took; Results honest (metric or qualitative); Technology only where necessary (STAR+T). End with polite branch offer. Only substitute facts you can verify; say VERIFY for numbers.","[degree_major]; [graduation_month_year]; [location_constraints]; [top_project_hook]; [one_metric_or_VERIFY]; [one_failure_learning]; [one_tool_you_can_define]; Do not use scripts to cheat on live assessments—practice and communication rehearsal only.","`Drill-down: quantify impact?`|`Who else was involved—what was uniquely yours?`|`What trade-off did you consciously accept?`","Fake KPIs/unverifiable prestige; blaming-only answers; jargon without definitions; unethical shortcuts presented as heroic; contradictory timelines; exaggerated titles; mocking users/teammates"
"IC-Project-0027","Project","Project deep dive: experiment rigor undergrad-style.","Module Map","[Point] Brief truthful headline for your situation. [Proof] One concrete artifact you owned. [Integrity] Mention VERIFY anywhere numbers aren't confirmed. [Close] Invite one thread. [Set 6] Replace bracket fields with truthful details; omit unknowns rather than guessing.","Use Module Map: keep Situation/Task short; expand Actions YOU took; Results honest (metric or qualitative); Technology only where necessary (STAR+T). End with polite branch offer. Only substitute facts you can verify; say VERIFY for numbers.","[degree_major]; [graduation_month_year]; [location_constraints]; [top_project_hook]; [one_metric_or_VERIFY]; [one_failure_learning]; [one_tool_you_can_define]; Do not use scripts to cheat on live assessments—practice and communication rehearsal only.","`Drill-down: quantify impact?`|`Who else was involved—what was uniquely yours?`|`What trade-off did you consciously accept?`","Fake KPIs/unverifiable prestige; blaming-only answers; jargon without definitions; unethical shortcuts presented as heroic; contradictory timelines; exaggerated titles; mocking users/teammates"
"IC-Project-0028","Project","Explain your project with emphasis on mobile constraints.","STAR+T","[Point] Brief truthful headline for your situation. [Proof] One concrete artifact you owned. [Integrity] Mention VERIFY anywhere numbers aren't confirmed. [Close] Invite one thread. [Set 7] Replace bracket fields with truthful details; omit unknowns rather than guessing.","Use STAR+T: keep Situation/Task short; expand Actions YOU took; Results honest (metric or qualitative); Technology only where necessary (STAR+T). End with polite branch offer. Only substitute facts you can verify; say VERIFY for numbers.","[degree_major]; [graduation_month_year]; [location_constraints]; [top_project_hook]; [one_metric_or_VERIFY]; [one_failure_learning]; [one_tool_you_can_define]; Do not use scripts to cheat on live assessments—practice and communication rehearsal only.","`Drill-down: quantify impact?`|`Who else was involved—what was uniquely yours?`|`What trade-off did you consciously accept?`","Fake KPIs/unverifiable prestige; blaming-only answers; jargon without definitions; unethical shortcuts presented as heroic; contradictory timelines; exaggerated titles; mocking users/teammates"
"IC-Project-0029","Project","Walk me through offline-first thinking in your project.","STAR+T","[Point] Brief truthful headline for your situation. [Proof] One concrete artifact you owned. [Integrity] Mention VERIFY anywhere numbers aren't confirmed. [Close] Invite one thread. [Set 1] Replace bracket fields with truthful details; omit unknowns rather than guessing.","Use STAR+T: keep Situation/Task short; expand Actions YOU took; Results honest (metric or qualitative); Technology only where necessary (STAR+T). End with polite branch offer. Only substitute facts you can verify; say VERIFY for numbers.","[degree_major]; [graduation_month_year]; [location_constraints]; [top_project_hook]; [one_metric_or_VERIFY]; [one_failure_learning]; [one_tool_you_can_define]; Do not use scripts to cheat on live assessments—practice and communication rehearsal only.","`Drill-down: quantify impact?`|`Who else was involved—what was uniquely yours?`|`What trade-off did you consciously accept?`","Fake KPIs/unverifiable prestige; blaming-only answers; jargon without definitions; unethical shortcuts presented as heroic; contradictory timelines; exaggerated titles; mocking users/teammates"
"IC-Project-0030","Project","Project deep dive: cost constraints.","STAR+T","[Point] Brief truthful headline for your situation. [Proof] One concrete artifact you owned. [Integrity] Mention VERIFY anywhere numbers aren't confirmed. [Close] Invite one thread. [Set 2] Replace bracket fields with truthful details; omit unknowns rather than guessing.","Use STAR+T: keep Situation/Task short; expand Actions YOU took; Results honest (metric or qualitative); Technology only where necessary (STAR+T). End with polite branch offer. Only substitute facts you can verify; say VERIFY for numbers.","[degree_major]; [graduation_month_year]; [location_constraints]; [top_project_hook]; [one_metric_or_VERIFY]; [one_failure_learning]; [one_tool_you_can_define]; Do not use scripts to cheat on live assessments—practice and communication rehearsal only.","`Drill-down: quantify impact?`|`Who else was involved—what was uniquely yours?`|`What trade-off did you consciously accept?`","Fake KPIs/unverifiable prestige; blaming-only answers; jargon without definitions; unethical shortcuts presented as heroic; contradictory timelines; exaggerated titles; mocking users/teammates"
"IC-Project-0031","Project","Explain your project with emphasis on time constraints.","Module Map","[Point] Brief truthful headline for your situation. [Proof] One concrete artifact you owned. [Integrity] Mention VERIFY anywhere numbers aren't confirmed. [Close] Invite one thread. [Set 3] Replace bracket fields with truthful details; omit unknowns rather than guessing.","Use Module Map: keep Situation/Task short; expand Actions YOU took; Results honest (metric or qualitative); Technology only where necessary (STAR+T). End with polite branch offer. Only substitute facts you can verify; say VERIFY for numbers.","[degree_major]; [graduation_month_year]; [location_constraints]; [top_project_hook]; [one_metric_or_VERIFY]; [one_failure_learning]; [one_tool_you_can_define]; Do not use scripts to cheat on live assessments—practice and communication rehearsal only.","`Drill-down: quantify impact?`|`Who else was involved—what was uniquely yours?`|`What trade-off did you consciously accept?`","Fake KPIs/unverifiable prestige; blaming-only answers; jargon without definitions; unethical shortcuts presented as heroic; contradictory timelines; exaggerated titles; mocking users/teammates"
"IC-Project-0032","Project","Walk me through mentor supervision boundaries in your project.","STAR+T","[Point] Brief truthful headline for your situation. [Proof] One concrete artifact you owned. [Integrity] Mention VERIFY anywhere numbers aren't confirmed. [Close] Invite one thread. [Set 4] Replace bracket fields with truthful details; omit unknowns rather than guessing.","Use STAR+T: keep Situation/Task short; expand Actions YOU took; Results honest (metric or qualitative); Technology only where necessary (STAR+T). End with polite branch offer. Only substitute facts you can verify; say VERIFY for numbers.","[degree_major]; [graduation_month_year]; [location_constraints]; [top_project_hook]; [one_metric_or_VERIFY]; [one_failure_learning]; [one_tool_you_can_define]; Do not use scripts to cheat on live assessments—practice and communication rehearsal only.","`Drill-down: quantify impact?`|`Who else was involved—what was uniquely yours?`|`What trade-off did you consciously accept?`","Fake KPIs/unverifiable prestige; blaming-only answers; jargon without definitions; unethical shortcuts presented as heroic; contradictory timelines; exaggerated titles; mocking users/teammates"
"IC-Project-0033","Project","Project deep dive: open-source usage compliance.","STAR+T","[Point] Brief truthful headline for your situation. [Proof] One concrete artifact you owned. [Integrity] Mention VERIFY anywhere numbers aren't confirmed. [Close] Invite one thread. [Set 5] Replace bracket fields with truthful details; omit unknowns rather than guessing.","Use STAR+T: keep Situation/Task short; expand Actions YOU took; Results honest (metric or qualitative); Technology only where necessary (STAR+T). End with polite branch offer. Only substitute facts you can verify; say VERIFY for numbers.","[degree_major]; [graduation_month_year]; [location_constraints]; [top_project_hook]; [one_metric_or_VERIFY]; [one_failure_learning]; [one_tool_you_can_define]; Do not use scripts to cheat on live assessments—practice and communication rehearsal only.","`Drill-down: quantify impact?`|`Who else was involved—what was uniquely yours?`|`What trade-off did you consciously accept?`","Fake KPIs/unverifiable prestige; blaming-only answers; jargon without definitions; unethical shortcuts presented as heroic; contradictory timelines; exaggerated titles; mocking users/teammates"
"IC-Project-0034","Project","Explain your project with emphasis on version control habits.","STAR+T","[Point] Brief truthful headline for your situation. [Proof] One concrete artifact you owned. [Integrity] Mention VERIFY anywhere numbers aren't confirmed. [Close] Invite one thread. [Set 6] Replace bracket fields with truthful details; omit unknowns rather than guessing.","Use STAR+T: keep Situation/Task short; expand Actions YOU took; Results honest (metric or qualitative); Technology only where necessary (STAR+T). End with polite branch offer. Only substitute facts you can verify; say VERIFY for numbers.","[degree_major]; [graduation_month_year]; [location_constraints]; [top_project_hook]; [one_metric_or_VERIFY]; [one_failure_learning]; [one_tool_you_can_define]; Do not use scripts to cheat on live assessments—practice and communication rehearsal only.","`Drill-down: quantify impact?`|`Who else was involved—what was uniquely yours?`|`What trade-off did you consciously accept?`","Fake KPIs/unverifiable prestige; blaming-only answers; jargon without definitions; unethical shortcuts presented as heroic; contradictory timelines; exaggerated titles; mocking users/teammates"
"IC-Project-0035","Project","Walk me through code review anecdotes in your project.","Module Map","[Point] Brief truthful headline for your situation. [Proof] One concrete artifact you owned. [Integrity] Mention VERIFY anywhere numbers aren't confirmed. [Close] Invite one thread. [Set 7] Replace bracket fields with truthful details; omit unknowns rather than guessing.","Use Module Map: keep Situation/Task short; expand Actions YOU took; Results honest (metric or qualitative); Technology only where necessary (STAR+T). End with polite branch offer. Only substitute facts you can verify; say VERIFY for numbers.","[degree_major]; [graduation_month_year]; [location_constraints]; [top_project_hook]; [one_metric_or_VERIFY]; [one_failure_learning]; [one_tool_you_can_define]; Do not use scripts to cheat on live assessments—practice and communication rehearsal only.","`Drill-down: quantify impact?`|`Who else was involved—what was uniquely yours?`|`What trade-off did you consciously accept?`","Fake KPIs/unverifiable prestige; blaming-only answers; jargon without definitions; unethical shortcuts presented as heroic; contradictory timelines; exaggerated titles; mocking users/teammates"
"IC-Project-0036","Project","Project deep dive: handover plan.","STAR+T","[Point] Brief truthful headline for your situation. [Proof] One concrete artifact you owned. [Integrity] Mention VERIFY anywhere numbers aren't confirmed. [Close] Invite one thread. [Set 1] Replace bracket fields with truthful details; omit unknowns rather than guessing.","Use STAR+T: keep Situation/Task short; expand Actions YOU took; Results honest (metric or qualitative); Technology only where necessary (STAR+T). End with polite branch offer. Only substitute facts you can verify; say VERIFY for numbers.","[degree_major]; [graduation_month_year]; [location_constraints]; [top_project_hook]; [one_metric_or_VERIFY]; [one_failure_learning]; [one_tool_you_can_define]; Do not use scripts to cheat on live assessments—practice and communication rehearsal only.","`Drill-down: quantify impact?`|`Who else was involved—what was uniquely yours?`|`What trade-off did you consciously accept?`","Fake KPIs/unverifiable prestige; blaming-only answers; jargon without definitions; unethical shortcuts presented as heroic; contradictory timelines; exaggerated titles; mocking users/teammates"
"IC-Project-0037","Project","Explain your project with emphasis on future work honest.","STAR+T","[Point] Brief truthful headline for your situation. [Proof] One concrete artifact you owned. [Integrity] Mention VERIFY anywhere numbers aren't confirmed. [Close] Invite one thread. [Set 2] Replace bracket fields with truthful details; omit unknowns rather than guessing.","Use STAR+T: keep Situation/Task short; expand Actions YOU took; Results honest (metric or qualitative); Technology only where necessary (STAR+T). End with polite branch offer. Only substitute facts you can verify; say VERIFY for numbers.","[degree_major]; [graduation_month_year]; [location_constraints]; [top_project_hook]; [one_metric_or_VERIFY]; [one_failure_learning]; [one_tool_you_can_define]; Do not use scripts to cheat on live assessments—practice and communication rehearsal only.","`Drill-down: quantify impact?`|`Who else was involved—what was uniquely yours?`|`What trade-off did you consciously accept?`","Fake KPIs/unverifiable prestige; blaming-only answers; jargon without definitions; unethical shortcuts presented as heroic; contradictory timelines; exaggerated titles; mocking users/teammates"
"IC-Project-0038","Project","Walk me through differentiation honesty in your project.","STAR+T","[Point] Brief truthful headline for your situation. [Proof] One concrete artifact you owned. [Integrity] Mention VERIFY anywhere numbers aren't confirmed. [Close] Invite one thread. [Set 3] Replace bracket fields with truthful details; omit unknowns rather than guessing.","Use STAR+T: keep Situation/Task short; expand Actions YOU took; Results honest (metric or qualitative); Technology only where necessary (STAR+T). End with polite branch offer. Only substitute facts you can verify; say VERIFY for numbers.","[degree_major]; [graduation_month_year]; [location_constraints]; [top_project_hook]; [one_metric_or_VERIFY]; [one_failure_learning]; [one_tool_you_can_define]; Do not use scripts to cheat on live assessments—practice and communication rehearsal only.","`Drill-down: quantify impact?`|`Who else was involved—what was uniquely yours?`|`What trade-off did you consciously accept?`","Fake KPIs/unverifiable prestige; blaming-only answers; jargon without definitions; unethical shortcuts presented as heroic; contradictory timelines; exaggerated titles; mocking users/teammates"
"IC-Project-0039","Project","Project deep dive: why project matters without hype.","Module Map","[Point] Brief truthful headline for your situation. [Proof] One concrete artifact you owned. [Integrity] Mention VERIFY anywhere numbers aren't confirmed. [Close] Invite one thread. [Set 4] Replace bracket fields with truthful details; omit unknowns rather than guessing.","Use Module Map: keep Situation/Task short; expand Actions YOU took; Results honest (metric or qualitative); Technology only where necessary (STAR+T). End with polite branch offer. Only substitute facts you can verify; say VERIFY for numbers.","[degree_major]; [graduation_month_year]; [location_constraints]; [top_project_hook]; [one_metric_or_VERIFY]; [one_failure_learning]; [one_tool_you_can_define]; Do not use scripts to cheat on live assessments—practice and communication rehearsal only.","`Drill-down: quantify impact?`|`Who else was involved—what was uniquely yours?`|`What trade-off did you consciously accept?`","Fake KPIs/unverifiable prestige; blaming-only answers; jargon without definitions; unethical shortcuts presented as heroic; contradictory timelines; exaggerated titles; mocking users/teammates"
"IC-Project-0040","Project","Explain your project with emphasis on how you validated correctness.","STAR+T","[Point] Brief truthful headline for your situation. [Proof] One concrete artifact you owned. [Integrity] Mention VERIFY anywhere numbers aren't confirmed. [Close] Invite one thread. [Set 5] Replace bracket fields with truthful details; omit unknowns rather than guessing.","Use STAR+T: keep Situation/Task short; expand Actions YOU took; Results honest (metric or qualitative); Technology only where necessary (STAR+T). End with polite branch offer. Only substitute facts you can verify; say VERIFY for numbers.","[degree_major]; [graduation_month_year]; [location_constraints]; [top_project_hook]; [one_metric_or_VERIFY]; [one_failure_learning]; [one_tool_you_can_define]; Do not use scripts to cheat on live assessments—practice and communication rehearsal only.","`Drill-down: quantify impact?`|`Who else was involved—what was uniquely yours?`|`What trade-off did you consciously accept?`","Fake KPIs/unverifiable prestige; blaming-only answers; jargon without definitions; unethical shortcuts presented as heroic; contradictory timelines; exaggerated titles; mocking users/teammates"
"IC-Project-0041","Project","Walk me through how you prioritized backlog in your project.","STAR+T","[Point] Brief truthful headline for your situation. [Proof] One concrete artifact you owned. [Integrity] Mention VERIFY anywhere numbers aren't confirmed. [Close] Invite one thread. [Set 6] Replace bracket fields with truthful details; omit unknowns rather than guessing.","Use STAR+T: keep Situation/Task short; expand Actions YOU took; Results honest (metric or qualitative); Technology only where necessary (STAR+T). End with polite branch offer. Only substitute facts you can verify; say VERIFY for numbers.","[degree_major]; [graduation_month_year]; [location_constraints]; [top_project_hook]; [one_metric_or_VERIFY]; [one_failure_learning]; [one_tool_you_can_define]; Do not use scripts to cheat on live assessments—practice and communication rehearsal only.","`Drill-down: quantify impact?`|`Who else was involved—what was uniquely yours?`|`What trade-off did you consciously accept?`","Fake KPIs/unverifiable prestige; blaming-only answers; jargon without definitions; unethical shortcuts presented as heroic; contradictory timelines; exaggerated titles; mocking users/teammates"
"IC-Project-0042","Project","Project deep dive: hardest requirement to interpret.","STAR+T","[Point] Brief truthful headline for your situation. [Proof] One concrete artifact you owned. [Integrity] Mention VERIFY anywhere numbers aren't confirmed. [Close] Invite one thread. [Set 7] Replace bracket fields with truthful details; omit unknowns rather than guessing.","Use STAR+T: keep Situation/Task short; expand Actions YOU took; Results honest (metric or qualitative); Technology only where necessary (STAR+T). End with polite branch offer. Only substitute facts you can verify; say VERIFY for numbers.","[degree_major]; [graduation_month_year]; [location_constraints]; [top_project_hook]; [one_metric_or_VERIFY]; [one_failure_learning]; [one_tool_you_can_define]; Do not use scripts to cheat on live assessments—practice and communication rehearsal only.","`Drill-down: quantify impact?`|`Who else was involved—what was uniquely yours?`|`What trade-off did you consciously accept?`","Fake KPIs/unverifiable prestige; blaming-only answers; jargon without definitions; unethical shortcuts presented as heroic; contradictory timelines; exaggerated titles; mocking users/teammates"
"IC-Project-0043","Project","Explain your project with emphasis on architecture overview.","Module Map","[Point] Brief truthful headline for your situation. [Proof] One concrete artifact you owned. [Integrity] Mention VERIFY anywhere numbers aren't confirmed. [Close] Invite one thread. [Set 1] Replace bracket fields with truthful details; omit unknowns rather than guessing.","Use Module Map: keep Situation/Task short; expand Actions YOU took; Results honest (metric or qualitative); Technology only where necessary (STAR+T). End with polite branch offer. Only substitute facts you can verify; say VERIFY for numbers.","[degree_major]; [graduation_month_year]; [location_constraints]; [top_project_hook]; [one_metric_or_VERIFY]; [one_failure_learning]; [one_tool_you_can_define]; Do not use scripts to cheat on live assessments—practice and communication rehearsal only.","`Drill-down: quantify impact?`|`Who else was involved—what was uniquely yours?`|`What trade-off did you consciously accept?`","Fake KPIs/unverifiable prestige; blaming-only answers; jargon without definitions; unethical shortcuts presented as heroic; contradictory timelines; exaggerated titles; mocking users/teammates"
"IC-Project-0044","Project","Walk me through your contribution lanes in your project.","STAR+T","[Point] Brief truthful headline for your situation. [Proof] One concrete artifact you owned. [Integrity] Mention VERIFY anywhere numbers aren't confirmed. [Close] Invite one thread. [Set 2] Replace bracket fields with truthful details; omit unknowns rather than guessing.","Use STAR+T: keep Situation/Task short; expand Actions YOU took; Results honest (metric or qualitative); Technology only where necessary (STAR+T). End with polite branch offer. Only substitute facts you can verify; say VERIFY for numbers.","[degree_major]; [graduation_month_year]; [location_constraints]; [top_project_hook]; [one_metric_or_VERIFY]; [one_failure_learning]; [one_tool_you_can_define]; Do not use scripts to cheat on live assessments—practice and communication rehearsal only.","`Drill-down: quantify impact?`|`Who else was involved—what was uniquely yours?`|`What trade-off did you consciously accept?`","Fake KPIs/unverifiable prestige; blaming-only answers; jargon without definitions; unethical shortcuts presented as heroic; contradictory timelines; exaggerated titles; mocking users/teammates"
"IC-Project-0045","Project","Project deep dive: hardest debugging story.","STAR+T","[Point] Brief truthful headline for your situation. [Proof] One concrete artifact you owned. [Integrity] Mention VERIFY anywhere numbers aren't confirmed. [Close] Invite one thread. [Set 3] Replace bracket fields with truthful details; omit unknowns rather than guessing.","Use STAR+T: keep Situation/Task short; expand Actions YOU took; Results honest (metric or qualitative); Technology only where necessary (STAR+T). End with polite branch offer. Only substitute facts you can verify; say VERIFY for numbers.","[degree_major]; [graduation_month_year]; [location_constraints]; [top_project_hook]; [one_metric_or_VERIFY]; [one_failure_learning]; [one_tool_you_can_define]; Do not use scripts to cheat on live assessments—practice and communication rehearsal only.","`Drill-down: quantify impact?`|`Who else was involved—what was uniquely yours?`|`What trade-off did you consciously accept?`","Fake KPIs/unverifiable prestige; blaming-only answers; jargon without definitions; unethical shortcuts presented as heroic; contradictory timelines; exaggerated titles; mocking users/teammates"
"IC-Project-0046","Project","Explain your project with emphasis on tech stack rationale.","STAR+T","[Point] Brief truthful headline for your situation. [Proof] One concrete artifact you owned. [Integrity] Mention VERIFY anywhere numbers aren't confirmed. [Close] Invite one thread. [Set 4] Replace bracket fields with truthful details; omit unknowns rather than guessing.","Use STAR+T: keep Situation/Task short; expand Actions YOU took; Results honest (metric or qualitative); Technology only where necessary (STAR+T). End with polite branch offer. Only substitute facts you can verify; say VERIFY for numbers.","[degree_major]; [graduation_month_year]; [location_constraints]; [top_project_hook]; [one_metric_or_VERIFY]; [one_failure_learning]; [one_tool_you_can_define]; Do not use scripts to cheat on live assessments—practice and communication rehearsal only.","`Drill-down: quantify impact?`|`Who else was involved—what was uniquely yours?`|`What trade-off did you consciously accept?`","Fake KPIs/unverifiable prestige; blaming-only answers; jargon without definitions; unethical shortcuts presented as heroic; contradictory timelines; exaggerated titles; mocking users/teammates"
"IC-Project-0047","Project","Walk me through testing strategy truth in your project.","Module Map","[Point] Brief truthful headline for your situation. [Proof] One concrete artifact you owned. [Integrity] Mention VERIFY anywhere numbers aren't confirmed. [Close] Invite one thread. [Set 5] Replace bracket fields with truthful details; omit unknowns rather than guessing.","Use Module Map: keep Situation/Task short; expand Actions YOU took; Results honest (metric or qualitative); Technology only where necessary (STAR+T). End with polite branch offer. Only substitute facts you can verify; say VERIFY for numbers.","[degree_major]; [graduation_month_year]; [location_constraints]; [top_project_hook]; [one_metric_or_VERIFY]; [one_failure_learning]; [one_tool_you_can_define]; Do not use scripts to cheat on live assessments—practice and communication rehearsal only.","`Drill-down: quantify impact?`|`Who else was involved—what was uniquely yours?`|`What trade-off did you consciously accept?`","Fake KPIs/unverifiable prestige; blaming-only answers; jargon without definitions; unethical shortcuts presented as heroic; contradictory timelines; exaggerated titles; mocking users/teammates"
"IC-Project-0048","Project","Project deep dive: data handling + privacy humility.","STAR+T","[Point] Brief truthful headline for your situation. [Proof] One concrete artifact you owned. [Integrity] Mention VERIFY anywhere numbers aren't confirmed. [Close] Invite one thread. [Set 6] Replace bracket fields with truthful details; omit unknowns rather than guessing.","Use STAR+T: keep Situation/Task short; expand Actions YOU took; Results honest (metric or qualitative); Technology only where necessary (STAR+T). End with polite branch offer. Only substitute facts you can verify; say VERIFY for numbers.","[degree_major]; [graduation_month_year]; [location_constraints]; [top_project_hook]; [one_metric_or_VERIFY]; [one_failure_learning]; [one_tool_you_can_define]; Do not use scripts to cheat on live assessments—practice and communication rehearsal only.","`Drill-down: quantify impact?`|`Who else was involved—what was uniquely yours?`|`What trade-off did you consciously accept?`","Fake KPIs/unverifiable prestige; blaming-only answers; jargon without definitions; unethical shortcuts presented as heroic; contradictory timelines; exaggerated titles; mocking users/teammates"
"IC-Project-0049","Project","Explain your project with emphasis on failure + recovery.","STAR+T","[Point] Brief truthful headline for your situation. [Proof] One concrete artifact you owned. [Integrity] Mention VERIFY anywhere numbers aren't confirmed. [Close] Invite one thread. [Set 7] Replace bracket fields with truthful details; omit unknowns rather than guessing.","Use STAR+T: keep Situation/Task short; expand Actions YOU took; Results honest (metric or qualitative); Technology only where necessary (STAR+T). End with polite branch offer. Only substitute facts you can verify; say VERIFY for numbers.","[degree_major]; [graduation_month_year]; [location_constraints]; [top_project_hook]; [one_metric_or_VERIFY]; [one_failure_learning]; [one_tool_you_can_define]; Do not use scripts to cheat on live assessments—practice and communication rehearsal only.","`Drill-down: quantify impact?`|`Who else was involved—what was uniquely yours?`|`What trade-off did you consciously accept?`","Fake KPIs/unverifiable prestige; blaming-only answers; jargon without definitions; unethical shortcuts presented as heroic; contradictory timelines; exaggerated titles; mocking users/teammates"
"IC-Project-0050","Project","Walk me through trade-offs picked in your project.","STAR+T","[Point] Brief truthful headline for your situation. [Proof] One concrete artifact you owned. [Integrity] Mention VERIFY anywhere numbers aren't confirmed. [Close] Invite one thread. [Set 1] Replace bracket fields with truthful details; omit unknowns rather than guessing.","Use STAR+T: keep Situation/Task short; expand Actions YOU took; Results honest (metric or qualitative); Technology only where necessary (STAR+T). End with polite branch offer. Only substitute facts you can verify; say VERIFY for numbers.","[degree_major]; [graduation_month_year]; [location_constraints]; [top_project_hook]; [one_metric_or_VERIFY]; [one_failure_learning]; [one_tool_you_can_define]; Do not use scripts to cheat on live assessments—practice and communication rehearsal only.","`Drill-down: quantify impact?`|`Who else was involved—what was uniquely yours?`|`What trade-off did you consciously accept?`","Fake KPIs/unverifiable prestige; blaming-only answers; jargon without definitions; unethical shortcuts presented as heroic; contradictory timelines; exaggerated titles; mocking users/teammates"
"IC-Project-0051","Project","Project deep dive: scalability humility.","Module Map","[Point] Brief truthful headline for your situation. [Proof] One concrete artifact you owned. [Integrity] Mention VERIFY anywhere numbers aren't confirmed. [Close] Invite one thread. [Set 2] Replace bracket fields with truthful details; omit unknowns rather than guessing.","Use Module Map: keep Situation/Task short; expand Actions YOU took; Results honest (metric or qualitative); Technology only where necessary (STAR+T). End with polite branch offer. Only substitute facts you can verify; say VERIFY for numbers.","[degree_major]; [graduation_month_year]; [location_constraints]; [top_project_hook]; [one_metric_or_VERIFY]; [one_failure_learning]; [one_tool_you_can_define]; Do not use scripts to cheat on live assessments—practice and communication rehearsal only.","`Drill-down: quantify impact?`|`Who else was involved—what was uniquely yours?`|`What trade-off did you consciously accept?`","Fake KPIs/unverifiable prestige; blaming-only answers; jargon without definitions; unethical shortcuts presented as heroic; contradictory timelines; exaggerated titles; mocking users/teammates"
"IC-Project-0052","Project","Explain your project with emphasis on security boundaries.","STAR+T","[Point] Brief truthful headline for your situation. [Proof] One concrete artifact you owned. [Integrity] Mention VERIFY anywhere numbers aren't confirmed. [Close] Invite one thread. [Set 3] Replace bracket fields with truthful details; omit unknowns rather than guessing.","Use STAR+T: keep Situation/Task short; expand Actions YOU took; Results honest (metric or qualitative); Technology only where necessary (STAR+T). End with polite branch offer. Only substitute facts you can verify; say VERIFY for numbers.","[degree_major]; [graduation_month_year]; [location_constraints]; [top_project_hook]; [one_metric_or_VERIFY]; [one_failure_learning]; [one_tool_you_can_define]; Do not use scripts to cheat on live assessments—practice and communication rehearsal only.","`Drill-down: quantify impact?`|`Who else was involved—what was uniquely yours?`|`What trade-off did you consciously accept?`","Fake KPIs/unverifiable prestige; blaming-only answers; jargon without definitions; unethical shortcuts presented as heroic; contradictory timelines; exaggerated titles; mocking users/teammates"
"IC-Project-0053","Project","Walk me through performance discussion without fake metrics in your project.","STAR+T","[Point] Brief truthful headline for your situation. [Proof] One concrete artifact you owned. [Integrity] Mention VERIFY anywhere numbers aren't confirmed. [Close] Invite one thread. [Set 4] Replace bracket fields with truthful details; omit unknowns rather than guessing.","Use STAR+T: keep Situation/Task short; expand Actions YOU took; Results honest (metric or qualitative); Technology only where necessary (STAR+T). End with polite branch offer. Only substitute facts you can verify; say VERIFY for numbers.","[degree_major]; [graduation_month_year]; [location_constraints]; [top_project_hook]; [one_metric_or_VERIFY]; [one_failure_learning]; [one_tool_you_can_define]; Do not use scripts to cheat on live assessments—practice and communication rehearsal only.","`Drill-down: quantify impact?`|`Who else was involved—what was uniquely yours?`|`What trade-off did you consciously accept?`","Fake KPIs/unverifiable prestige; blaming-only answers; jargon without definitions; unethical shortcuts presented as heroic; contradictory timelines; exaggerated titles; mocking users/teammates"
"IC-Project-0054","Project","Project deep dive: API design rationale.","STAR+T","[Point] Brief truthful headline for your situation. [Proof] One concrete artifact you owned. [Integrity] Mention VERIFY anywhere numbers aren't confirmed. [Close] Invite one thread. [Set 5] Replace bracket fields with truthful details; omit unknowns rather than guessing.","Use STAR+T: keep Situation/Task short; expand Actions YOU took; Results honest (metric or qualitative); Technology only where necessary (STAR+T). End with polite branch offer. Only substitute facts you can verify; say VERIFY for numbers.","[degree_major]; [graduation_month_year]; [location_constraints]; [top_project_hook]; [one_metric_or_VERIFY]; [one_failure_learning]; [one_tool_you_can_define]; Do not use scripts to cheat on live assessments—practice and communication rehearsal only.","`Drill-down: quantify impact?`|`Who else was involved—what was uniquely yours?`|`What trade-off did you consciously accept?`","Fake KPIs/unverifiable prestige; blaming-only answers; jargon without definitions; unethical shortcuts presented as heroic; contradictory timelines; exaggerated titles; mocking users/teammates"
"IC-Project-0055","Project","Explain your project with emphasis on database modeling choice.","Module Map","[Point] Brief truthful headline for your situation. [Proof] One concrete artifact you owned. [Integrity] Mention VERIFY anywhere numbers aren't confirmed. [Close] Invite one thread. [Set 6] Replace bracket fields with truthful details; omit unknowns rather than guessing.","Use Module Map: keep Situation/Task short; expand Actions YOU took; Results honest (metric or qualitative); Technology only where necessary (STAR+T). End with polite branch offer. Only substitute facts you can verify; say VERIFY for numbers.","[degree_major]; [graduation_month_year]; [location_constraints]; [top_project_hook]; [one_metric_or_VERIFY]; [one_failure_learning]; [one_tool_you_can_define]; Do not use scripts to cheat on live assessments—practice and communication rehearsal only.","`Drill-down: quantify impact?`|`Who else was involved—what was uniquely yours?`|`What trade-off did you consciously accept?`","Fake KPIs/unverifiable prestige; blaming-only answers; jargon without definitions; unethical shortcuts presented as heroic; contradictory timelines; exaggerated titles; mocking users/teammates"
"IC-Project-0056","Project","Walk me through frontend state management in your project.","STAR+T","[Point] Brief truthful headline for your situation. [Proof] One concrete artifact you owned. [Integrity] Mention VERIFY anywhere numbers aren't confirmed. [Close] Invite one thread. [Set 7] Replace bracket fields with truthful details; omit unknowns rather than guessing.","Use STAR+T: keep Situation/Task short; expand Actions YOU took; Results honest (metric or qualitative); Technology only where necessary (STAR+T). End with polite branch offer. Only substitute facts you can verify; say VERIFY for numbers.","[degree_major]; [graduation_month_year]; [location_constraints]; [top_project_hook]; [one_metric_or_VERIFY]; [one_failure_learning]; [one_tool_you_can_define]; Do not use scripts to cheat on live assessments—practice and communication rehearsal only.","`Drill-down: quantify impact?`|`Who else was involved—what was uniquely yours?`|`What trade-off did you consciously accept?`","Fake KPIs/unverifiable prestige; blaming-only answers; jargon without definitions; unethical shortcuts presented as heroic; contradictory timelines; exaggerated titles; mocking users/teammates"
"IC-Project-0057","Project","Project deep dive: deployment truth vs demo-only.","STAR+T","[Point] Brief truthful headline for your situation. [Proof] One concrete artifact you owned. [Integrity] Mention VERIFY anywhere numbers aren't confirmed. [Close] Invite one thread. [Set 1] Replace bracket fields with truthful details; omit unknowns rather than guessing.","Use STAR+T: keep Situation/Task short; expand Actions YOU took; Results honest (metric or qualitative); Technology only where necessary (STAR+T). End with polite branch offer. Only substitute facts you can verify; say VERIFY for numbers.","[degree_major]; [graduation_month_year]; [location_constraints]; [top_project_hook]; [one_metric_or_VERIFY]; [one_failure_learning]; [one_tool_you_can_define]; Do not use scripts to cheat on live assessments—practice and communication rehearsal only.","`Drill-down: quantify impact?`|`Who else was involved—what was uniquely yours?`|`What trade-off did you consciously accept?`","Fake KPIs/unverifiable prestige; blaming-only answers; jargon without definitions; unethical shortcuts presented as heroic; contradictory timelines; exaggerated titles; mocking users/teammates"
"IC-Project-0058","Project","Explain your project with emphasis on team collaboration rituals.","STAR+T","[Point] Brief truthful headline for your situation. [Proof] One concrete artifact you owned. [Integrity] Mention VERIFY anywhere numbers aren't confirmed. [Close] Invite one thread. [Set 2] Replace bracket fields with truthful details; omit unknowns rather than guessing.","Use STAR+T: keep Situation/Task short; expand Actions YOU took; Results honest (metric or qualitative); Technology only where necessary (STAR+T). End with polite branch offer. Only substitute facts you can verify; say VERIFY for numbers.","[degree_major]; [graduation_month_year]; [location_constraints]; [top_project_hook]; [one_metric_or_VERIFY]; [one_failure_learning]; [one_tool_you_can_define]; Do not use scripts to cheat on live assessments—practice and communication rehearsal only.","`Drill-down: quantify impact?`|`Who else was involved—what was uniquely yours?`|`What trade-off did you consciously accept?`","Fake KPIs/unverifiable prestige; blaming-only answers; jargon without definitions; unethical shortcuts presented as heroic; contradictory timelines; exaggerated titles; mocking users/teammates"
"IC-Project-0059","Project","Walk me through documentation you wrote in your project.","Module Map","[Point] Brief truthful headline for your situation. [Proof] One concrete artifact you owned. [Integrity] Mention VERIFY anywhere numbers aren't confirmed. [Close] Invite one thread. [Set 3] Replace bracket fields with truthful details; omit unknowns rather than guessing.","Use Module Map: keep Situation/Task short; expand Actions YOU took; Results honest (metric or qualitative); Technology only where necessary (STAR+T). End with polite branch offer. Only substitute facts you can verify; say VERIFY for numbers.","[degree_major]; [graduation_month_year]; [location_constraints]; [top_project_hook]; [one_metric_or_VERIFY]; [one_failure_learning]; [one_tool_you_can_define]; Do not use scripts to cheat on live assessments—practice and communication rehearsal only.","`Drill-down: quantify impact?`|`Who else was involved—what was uniquely yours?`|`What trade-off did you consciously accept?`","Fake KPIs/unverifiable prestige; blaming-only answers; jargon without definitions; unethical shortcuts presented as heroic; contradictory timelines; exaggerated titles; mocking users/teammates"
"IC-Project-0060","Project","Project deep dive: lessons you'd apply next.","STAR+T","[Point] Brief truthful headline for your situation. [Proof] One concrete artifact you owned. [Integrity] Mention VERIFY anywhere numbers aren't confirmed. [Close] Invite one thread. [Set 4] Replace bracket fields with truthful details; omit unknowns rather than guessing.","Use STAR+T: keep Situation/Task short; expand Actions YOU took; Results honest (metric or qualitative); Technology only where necessary (STAR+T). End with polite branch offer. Only substitute facts you can verify; say VERIFY for numbers.","[degree_major]; [graduation_month_year]; [location_constraints]; [top_project_hook]; [one_metric_or_VERIFY]; [one_failure_learning]; [one_tool_you_can_define]; Do not use scripts to cheat on live assessments—practice and communication rehearsal only.","`Drill-down: quantify impact?`|`Who else was involved—what was uniquely yours?`|`What trade-off did you consciously accept?`","Fake KPIs/unverifiable prestige; blaming-only answers; jargon without definitions; unethical shortcuts presented as heroic; contradictory timelines; exaggerated titles; mocking users/teammates"
"IC-Project-0061","Project","Explain your project with emphasis on alternate design you rejected.","STAR+T","[Point] Brief truthful headline for your situation. [Proof] One concrete artifact you owned. [Integrity] Mention VERIFY anywhere numbers aren't confirmed. [Close] Invite one thread. [Set 5] Replace bracket fields with truthful details; omit unknowns rather than guessing.","Use STAR+T: keep Situation/Task short; expand Actions YOU took; Results honest (metric or qualitative); Technology only where necessary (STAR+T). End with polite branch offer. Only substitute facts you can verify; say VERIFY for numbers.","[degree_major]; [graduation_month_year]; [location_constraints]; [top_project_hook]; [one_metric_or_VERIFY]; [one_failure_learning]; [one_tool_you_can_define]; Do not use scripts to cheat on live assessments—practice and communication rehearsal only.","`Drill-down: quantify impact?`|`Who else was involved—what was uniquely yours?`|`What trade-off did you consciously accept?`","Fake KPIs/unverifiable prestige; blaming-only answers; jargon without definitions; unethical shortcuts presented as heroic; contradictory timelines; exaggerated titles; mocking users/teammates"
"IC-Project-0062","Project","Walk me through third-party integrations in your project.","STAR+T","[Point] Brief truthful headline for your situation. [Proof] One concrete artifact you owned. [Integrity] Mention VERIFY anywhere numbers aren't confirmed. [Close] Invite one thread. [Set 6] Replace bracket fields with truthful details; omit unknowns rather than guessing.","Use STAR+T: keep Situation/Task short; expand Actions YOU took; Results honest (metric or qualitative); Technology only where necessary (STAR+T). End with polite branch offer. Only substitute facts you can verify; say VERIFY for numbers.","[degree_major]; [graduation_month_year]; [location_constraints]; [top_project_hook]; [one_metric_or_VERIFY]; [one_failure_learning]; [one_tool_you_can_define]; Do not use scripts to cheat on live assessments—practice and communication rehearsal only.","`Drill-down: quantify impact?`|`Who else was involved—what was uniquely yours?`|`What trade-off did you consciously accept?`","Fake KPIs/unverifiable prestige; blaming-only answers; jargon without definitions; unethical shortcuts presented as heroic; contradictory timelines; exaggerated titles; mocking users/teammates"
"IC-Project-0063","Project","Project deep dive: accessibility/basic UX notes.","Module Map","[Point] Brief truthful headline for your situation. [Proof] One concrete artifact you owned. [Integrity] Mention VERIFY anywhere numbers aren't confirmed. [Close] Invite one thread. [Set 7] Replace bracket fields with truthful details; omit unknowns rather than guessing.","Use Module Map: keep Situation/Task short; expand Actions YOU took; Results honest (metric or qualitative); Technology only where necessary (STAR+T). End with polite branch offer. Only substitute facts you can verify; say VERIFY for numbers.","[degree_major]; [graduation_month_year]; [location_constraints]; [top_project_hook]; [one_metric_or_VERIFY]; [one_failure_learning]; [one_tool_you_can_define]; Do not use scripts to cheat on live assessments—practice and communication rehearsal only.","`Drill-down: quantify impact?`|`Who else was involved—what was uniquely yours?`|`What trade-off did you consciously accept?`","Fake KPIs/unverifiable prestige; blaming-only answers; jargon without definitions; unethical shortcuts presented as heroic; contradictory timelines; exaggerated titles; mocking users/teammates"
"IC-Project-0064","Project","Explain your project with emphasis on monitoring/logging truth.","STAR+T","[Point] Brief truthful headline for your situation. [Proof] One concrete artifact you owned. [Integrity] Mention VERIFY anywhere numbers aren't confirmed. [Close] Invite one thread. [Set 1] Replace bracket fields with truthful details; omit unknowns rather than guessing.","Use STAR+T: keep Situation/Task short; expand Actions YOU took; Results honest (metric or qualitative); Technology only where necessary (STAR+T). End with polite branch offer. Only substitute facts you can verify; say VERIFY for numbers.","[degree_major]; [graduation_month_year]; [location_constraints]; [top_project_hook]; [one_metric_or_VERIFY]; [one_failure_learning]; [one_tool_you_can_define]; Do not use scripts to cheat on live assessments—practice and communication rehearsal only.","`Drill-down: quantify impact?`|`Who else was involved—what was uniquely yours?`|`What trade-off did you consciously accept?`","Fake KPIs/unverifiable prestige; blaming-only answers; jargon without definitions; unethical shortcuts presented as heroic; contradictory timelines; exaggerated titles; mocking users/teammates"
"IC-Project-0065","Project","Walk me through CI/CD realism in your project.","STAR+T","[Point] Brief truthful headline for your situation. [Proof] One concrete artifact you owned. [Integrity] Mention VERIFY anywhere numbers aren't confirmed. [Close] Invite one thread. [Set 2] Replace bracket fields with truthful details; omit unknowns rather than guessing.","Use STAR+T: keep Situation/Task short; expand Actions YOU took; Results honest (metric or qualitative); Technology only where necessary (STAR+T). End with polite branch offer. Only substitute facts you can verify; say VERIFY for numbers.","[degree_major]; [graduation_month_year]; [location_constraints]; [top_project_hook]; [one_metric_or_VERIFY]; [one_failure_learning]; [one_tool_you_can_define]; Do not use scripts to cheat on live assessments—practice and communication rehearsal only.","`Drill-down: quantify impact?`|`Who else was involved—what was uniquely yours?`|`What trade-off did you consciously accept?`","Fake KPIs/unverifiable prestige; blaming-only answers; jargon without definitions; unethical shortcuts presented as heroic; contradictory timelines; exaggerated titles; mocking users/teammates"
"IC-Project-0066","Project","Project deep dive: hardware + software crossover.","STAR+T","[Point] Brief truthful headline for your situation. [Proof] One concrete artifact you owned. [Integrity] Mention VERIFY anywhere numbers aren't confirmed. [Close] Invite one thread. [Set 3] Replace bracket fields with truthful details; omit unknowns rather than guessing.","Use STAR+T: keep Situation/Task short; expand Actions YOU took; Results honest (metric or qualitative); Technology only where necessary (STAR+T). End with polite branch offer. Only substitute facts you can verify; say VERIFY for numbers.","[degree_major]; [graduation_month_year]; [location_constraints]; [top_project_hook]; [one_metric_or_VERIFY]; [one_failure_learning]; [one_tool_you_can_define]; Do not use scripts to cheat on live assessments—practice and communication rehearsal only.","`Drill-down: quantify impact?`|`Who else was involved—what was uniquely yours?`|`What trade-off did you consciously accept?`","Fake KPIs/unverifiable prestige; blaming-only answers; jargon without definitions; unethical shortcuts presented as heroic; contradictory timelines; exaggerated titles; mocking users/teammates"
"IC-Technical-0001","Technical","During technical practice conversation, demonstrate clarify constraints verbally.","Think Aloud + Clarifiers","[Point] Brief truthful headline for your situation. [Proof] One concrete artifact you owned. [Integrity] Mention VERIFY anywhere numbers aren't confirmed. [Close] Invite one thread. [Set 1] Replace bracket fields with truthful details; omit unknowns rather than guessing.","Use Think Aloud + Clarifiers: keep Situation/Task short; expand Actions YOU took; Results honest (metric or qualitative); Technology only where necessary (STAR+T). End with polite branch offer. Only substitute facts you can verify; say VERIFY for numbers.","[degree_major]; [graduation_month_year]; [location_constraints]; [top_project_hook]; [one_metric_or_VERIFY]; [one_failure_learning]; [one_tool_you_can_define]; Do not use scripts to cheat on live assessments—practice and communication rehearsal only.","`Drill-down: quantify impact?`|`Who else was involved—what was uniquely yours?`|`What trade-off did you consciously accept?`","Fake KPIs/unverifiable prestige; blaming-only answers; jargon without definitions; unethical shortcuts presented as heroic; contradictory timelines; exaggerated titles; mocking users/teammates"
"IC-Technical-0002","Technical","Explain/process aloud: state brute force baseline.","Think Aloud","[Point] Brief truthful headline for your situation. [Proof] One concrete artifact you owned. [Integrity] Mention VERIFY anywhere numbers aren't confirmed. [Close] Invite one thread. [Set 2] Replace bracket fields with truthful details; omit unknowns rather than guessing.","Use Think Aloud: keep Situation/Task short; expand Actions YOU took; Results honest (metric or qualitative); Technology only where necessary (STAR+T). End with polite branch offer. Only substitute facts you can verify; say VERIFY for numbers.","[degree_major]; [graduation_month_year]; [location_constraints]; [top_project_hook]; [one_metric_or_VERIFY]; [one_failure_learning]; [one_tool_you_can_define]; Do not use scripts to cheat on live assessments—practice and communication rehearsal only.","`Drill-down: quantify impact?`|`Who else was involved—what was uniquely yours?`|`What trade-off did you consciously accept?`","Fake KPIs/unverifiable prestige; blaming-only answers; jargon without definitions; unethical shortcuts presented as heroic; contradictory timelines; exaggerated titles; mocking users/teammates"
"IC-Technical-0003","Technical","During technical practice conversation, demonstrate propose better approach verbally.","STAR micro for debugging stories","[Point] Brief truthful headline for your situation. [Proof] One concrete artifact you owned. [Integrity] Mention VERIFY anywhere numbers aren't confirmed. [Close] Invite one thread. [Set 3] Replace bracket fields with truthful details; omit unknowns rather than guessing.","Use STAR micro for debugging stories: keep Situation/Task short; expand Actions YOU took; Results honest (metric or qualitative); Technology only where necessary (STAR+T). End with polite branch offer. Only substitute facts you can verify; say VERIFY for numbers.","[degree_major]; [graduation_month_year]; [location_constraints]; [top_project_hook]; [one_metric_or_VERIFY]; [one_failure_learning]; [one_tool_you_can_define]; Do not use scripts to cheat on live assessments—practice and communication rehearsal only.","`Drill-down: quantify impact?`|`Who else was involved—what was uniquely yours?`|`What trade-off did you consciously accept?`","Fake KPIs/unverifiable prestige; blaming-only answers; jargon without definitions; unethical shortcuts presented as heroic; contradictory timelines; exaggerated titles; mocking users/teammates"
"IC-Technical-0004","Technical","Explain/process aloud: enumerate edge cases.","Think Aloud + Clarifiers","[Point] Brief truthful headline for your situation. [Proof] One concrete artifact you owned. [Integrity] Mention VERIFY anywhere numbers aren't confirmed. [Close] Invite one thread. [Set 4] Replace bracket fields with truthful details; omit unknowns rather than guessing.","Use Think Aloud + Clarifiers: keep Situation/Task short; expand Actions YOU took; Results honest (metric or qualitative); Technology only where necessary (STAR+T). End with polite branch offer. Only substitute facts you can verify; say VERIFY for numbers.","[degree_major]; [graduation_month_year]; [location_constraints]; [top_project_hook]; [one_metric_or_VERIFY]; [one_failure_learning]; [one_tool_you_can_define]; Do not use scripts to cheat on live assessments—practice and communication rehearsal only.","`Drill-down: quantify impact?`|`Who else was involved—what was uniquely yours?`|`What trade-off did you consciously accept?`","Fake KPIs/unverifiable prestige; blaming-only answers; jargon without definitions; unethical shortcuts presented as heroic; contradictory timelines; exaggerated titles; mocking users/teammates"
"IC-Technical-0005","Technical","During technical practice conversation, demonstrate simulate dry run verbally.","Think Aloud","[Point] Brief truthful headline for your situation. [Proof] One concrete artifact you owned. [Integrity] Mention VERIFY anywhere numbers aren't confirmed. [Close] Invite one thread. [Set 5] Replace bracket fields with truthful details; omit unknowns rather than guessing.","Use Think Aloud: keep Situation/Task short; expand Actions YOU took; Results honest (metric or qualitative); Technology only where necessary (STAR+T). End with polite branch offer. Only substitute facts you can verify; say VERIFY for numbers.","[degree_major]; [graduation_month_year]; [location_constraints]; [top_project_hook]; [one_metric_or_VERIFY]; [one_failure_learning]; [one_tool_you_can_define]; Do not use scripts to cheat on live assessments—practice and communication rehearsal only.","`Drill-down: quantify impact?`|`Who else was involved—what was uniquely yours?`|`What trade-off did you consciously accept?`","Fake KPIs/unverifiable prestige; blaming-only answers; jargon without definitions; unethical shortcuts presented as heroic; contradictory timelines; exaggerated titles; mocking users/teammates"
"IC-Technical-0006","Technical","Explain/process aloud: state time complexity cautiously.","STAR micro for debugging stories","[Point] Brief truthful headline for your situation. [Proof] One concrete artifact you owned. [Integrity] Mention VERIFY anywhere numbers aren't confirmed. [Close] Invite one thread. [Set 6] Replace bracket fields with truthful details; omit unknowns rather than guessing.","Use STAR micro for debugging stories: keep Situation/Task short; expand Actions YOU took; Results honest (metric or qualitative); Technology only where necessary (STAR+T). End with polite branch offer. Only substitute facts you can verify; say VERIFY for numbers.","[degree_major]; [graduation_month_year]; [location_constraints]; [top_project_hook]; [one_metric_or_VERIFY]; [one_failure_learning]; [one_tool_you_can_define]; Do not use scripts to cheat on live assessments—practice and communication rehearsal only.","`Drill-down: quantify impact?`|`Who else was involved—what was uniquely yours?`|`What trade-off did you consciously accept?`","Fake KPIs/unverifiable prestige; blaming-only answers; jargon without definitions; unethical shortcuts presented as heroic; contradictory timelines; exaggerated titles; mocking users/teammates"
"IC-Technical-0007","Technical","During technical practice conversation, demonstrate state space complexity cautiously.","Think Aloud + Clarifiers","[Point] Brief truthful headline for your situation. [Proof] One concrete artifact you owned. [Integrity] Mention VERIFY anywhere numbers aren't confirmed. [Close] Invite one thread. [Set 1] Replace bracket fields with truthful details; omit unknowns rather than guessing.","Use Think Aloud + Clarifiers: keep Situation/Task short; expand Actions YOU took; Results honest (metric or qualitative); Technology only where necessary (STAR+T). End with polite branch offer. Only substitute facts you can verify; say VERIFY for numbers.","[degree_major]; [graduation_month_year]; [location_constraints]; [top_project_hook]; [one_metric_or_VERIFY]; [one_failure_learning]; [one_tool_you_can_define]; Do not use scripts to cheat on live assessments—practice and communication rehearsal only.","`Drill-down: quantify impact?`|`Who else was involved—what was uniquely yours?`|`What trade-off did you consciously accept?`","Fake KPIs/unverifiable prestige; blaming-only answers; jargon without definitions; unethical shortcuts presented as heroic; contradictory timelines; exaggerated titles; mocking users/teammates"
"IC-Technical-0008","Technical","Explain/process aloud: receive hint calmly.","Think Aloud","[Point] Brief truthful headline for your situation. [Proof] One concrete artifact you owned. [Integrity] Mention VERIFY anywhere numbers aren't confirmed. [Close] Invite one thread. [Set 2] Replace bracket fields with truthful details; omit unknowns rather than guessing.","Use Think Aloud: keep Situation/Task short; expand Actions YOU took; Results honest (metric or qualitative); Technology only where necessary (STAR+T). End with polite branch offer. Only substitute facts you can verify; say VERIFY for numbers.","[degree_major]; [graduation_month_year]; [location_constraints]; [top_project_hook]; [one_metric_or_VERIFY]; [one_failure_learning]; [one_tool_you_can_define]; Do not use scripts to cheat on live assessments—practice and communication rehearsal only.","`Drill-down: quantify impact?`|`Who else was involved—what was uniquely yours?`|`What trade-off did you consciously accept?`","Fake KPIs/unverifiable prestige; blaming-only answers; jargon without definitions; unethical shortcuts presented as heroic; contradictory timelines; exaggerated titles; mocking users/teammates"
"IC-Technical-0009","Technical","During technical practice conversation, demonstrate when stuck midway.","STAR micro for debugging stories","[Point] Brief truthful headline for your situation. [Proof] One concrete artifact you owned. [Integrity] Mention VERIFY anywhere numbers aren't confirmed. [Close] Invite one thread. [Set 3] Replace bracket fields with truthful details; omit unknowns rather than guessing.","Use STAR micro for debugging stories: keep Situation/Task short; expand Actions YOU took; Results honest (metric or qualitative); Technology only where necessary (STAR+T). End with polite branch offer. Only substitute facts you can verify; say VERIFY for numbers.","[degree_major]; [graduation_month_year]; [location_constraints]; [top_project_hook]; [one_metric_or_VERIFY]; [one_failure_learning]; [one_tool_you_can_define]; Do not use scripts to cheat on live assessments—practice and communication rehearsal only.","`Drill-down: quantify impact?`|`Who else was involved—what was uniquely yours?`|`What trade-off did you consciously accept?`","Fake KPIs/unverifiable prestige; blaming-only answers; jargon without definitions; unethical shortcuts presented as heroic; contradictory timelines; exaggerated titles; mocking users/teammates"
"IC-Technical-0010","Technical","Explain/process aloud: compare two data structures verbally.","Think Aloud + Clarifiers","[Point] Brief truthful headline for your situation. [Proof] One concrete artifact you owned. [Integrity] Mention VERIFY anywhere numbers aren't confirmed. [Close] Invite one thread. [Set 4] Replace bracket fields with truthful details; omit unknowns rather than guessing.","Use Think Aloud + Clarifiers: keep Situation/Task short; expand Actions YOU took; Results honest (metric or qualitative); Technology only where necessary (STAR+T). End with polite branch offer. Only substitute facts you can verify; say VERIFY for numbers.","[degree_major]; [graduation_month_year]; [location_constraints]; [top_project_hook]; [one_metric_or_VERIFY]; [one_failure_learning]; [one_tool_you_can_define]; Do not use scripts to cheat on live assessments—practice and communication rehearsal only.","`Drill-down: quantify impact?`|`Who else was involved—what was uniquely yours?`|`What trade-off did you consciously accept?`","Fake KPIs/unverifiable prestige; blaming-only answers; jargon without definitions; unethical shortcuts presented as heroic; contradictory timelines; exaggerated titles; mocking users/teammates"
"IC-Technical-0011","Technical","During technical practice conversation, demonstrate explain recursion stack risk simply.","Think Aloud","[Point] Brief truthful headline for your situation. [Proof] One concrete artifact you owned. [Integrity] Mention VERIFY anywhere numbers aren't confirmed. [Close] Invite one thread. [Set 5] Replace bracket fields with truthful details; omit unknowns rather than guessing.","Use Think Aloud: keep Situation/Task short; expand Actions YOU took; Results honest (metric or qualitative); Technology only where necessary (STAR+T). End with polite branch offer. Only substitute facts you can verify; say VERIFY for numbers.","[degree_major]; [graduation_month_year]; [location_constraints]; [top_project_hook]; [one_metric_or_VERIFY]; [one_failure_learning]; [one_tool_you_can_define]; Do not use scripts to cheat on live assessments—practice and communication rehearsal only.","`Drill-down: quantify impact?`|`Who else was involved—what was uniquely yours?`|`What trade-off did you consciously accept?`","Fake KPIs/unverifiable prestige; blaming-only answers; jargon without definitions; unethical shortcuts presented as heroic; contradictory timelines; exaggerated titles; mocking users/teammates"
"IC-Technical-0012","Technical","Explain/process aloud: explain hashing average vs worst case simply.","STAR micro for debugging stories","[Point] Brief truthful headline for your situation. [Proof] One concrete artifact you owned. [Integrity] Mention VERIFY anywhere numbers aren't confirmed. [Close] Invite one thread. [Set 6] Replace bracket fields with truthful details; omit unknowns rather than guessing.","Use STAR micro for debugging stories: keep Situation/Task short; expand Actions YOU took; Results honest (metric or qualitative); Technology only where necessary (STAR+T). End with polite branch offer. Only substitute facts you can verify; say VERIFY for numbers.","[degree_major]; [graduation_month_year]; [location_constraints]; [top_project_hook]; [one_metric_or_VERIFY]; [one_failure_learning]; [one_tool_you_can_define]; Do not use scripts to cheat on live assessments—practice and communication rehearsal only.","`Drill-down: quantify impact?`|`Who else was involved—what was uniquely yours?`|`What trade-off did you consciously accept?`","Fake KPIs/unverifiable prestige; blaming-only answers; jargon without definitions; unethical shortcuts presented as heroic; contradictory timelines; exaggerated titles; mocking users/teammates"
"IC-Technical-0013","Technical","During technical practice conversation, demonstrate explain graph BFS vs DFS choice.","Think Aloud + Clarifiers","[Point] Brief truthful headline for your situation. [Proof] One concrete artifact you owned. [Integrity] Mention VERIFY anywhere numbers aren't confirmed. [Close] Invite one thread. [Set 1] Replace bracket fields with truthful details; omit unknowns rather than guessing.","Use Think Aloud + Clarifiers: keep Situation/Task short; expand Actions YOU took; Results honest (metric or qualitative); Technology only where necessary (STAR+T). End with polite branch offer. Only substitute facts you can verify; say VERIFY for numbers.","[degree_major]; [graduation_month_year]; [location_constraints]; [top_project_hook]; [one_metric_or_VERIFY]; [one_failure_learning]; [one_tool_you_can_define]; Do not use scripts to cheat on live assessments—practice and communication rehearsal only.","`Drill-down: quantify impact?`|`Who else was involved—what was uniquely yours?`|`What trade-off did you consciously accept?`","Fake KPIs/unverifiable prestige; blaming-only answers; jargon without definitions; unethical shortcuts presented as heroic; contradictory timelines; exaggerated titles; mocking users/teammates"
"IC-Technical-0014","Technical","Explain/process aloud: explain sorting intuition only.","Think Aloud","[Point] Brief truthful headline for your situation. [Proof] One concrete artifact you owned. [Integrity] Mention VERIFY anywhere numbers aren't confirmed. [Close] Invite one thread. [Set 2] Replace bracket fields with truthful details; omit unknowns rather than guessing.","Use Think Aloud: keep Situation/Task short; expand Actions YOU took; Results honest (metric or qualitative); Technology only where necessary (STAR+T). End with polite branch offer. Only substitute facts you can verify; say VERIFY for numbers.","[degree_major]; [graduation_month_year]; [location_constraints]; [top_project_hook]; [one_metric_or_VERIFY]; [one_failure_learning]; [one_tool_you_can_define]; Do not use scripts to cheat on live assessments—practice and communication rehearsal only.","`Drill-down: quantify impact?`|`Who else was involved—what was uniquely yours?`|`What trade-off did you consciously accept?`","Fake KPIs/unverifiable prestige; blaming-only answers; jargon without definitions; unethical shortcuts presented as heroic; contradictory timelines; exaggerated titles; mocking users/teammates"
"IC-Technical-0015","Technical","During technical practice conversation, demonstrate explain binary search invariants verbally.","STAR micro for debugging stories","[Point] Brief truthful headline for your situation. [Proof] One concrete artifact you owned. [Integrity] Mention VERIFY anywhere numbers aren't confirmed. [Close] Invite one thread. [Set 3] Replace bracket fields with truthful details; omit unknowns rather than guessing.","Use STAR micro for debugging stories: keep Situation/Task short; expand Actions YOU took; Results honest (metric or qualitative); Technology only where necessary (STAR+T). End with polite branch offer. Only substitute facts you can verify; say VERIFY for numbers.","[degree_major]; [graduation_month_year]; [location_constraints]; [top_project_hook]; [one_metric_or_VERIFY]; [one_failure_learning]; [one_tool_you_can_define]; Do not use scripts to cheat on live assessments—practice and communication rehearsal only.","`Drill-down: quantify impact?`|`Who else was involved—what was uniquely yours?`|`What trade-off did you consciously accept?`","Fake KPIs/unverifiable prestige; blaming-only answers; jargon without definitions; unethical shortcuts presented as heroic; contradictory timelines; exaggerated titles; mocking users/teammates"
"IC-Technical-0016","Technical","Explain/process aloud: explain two-pointer pattern verbally.","Think Aloud + Clarifiers","[Point] Brief truthful headline for your situation. [Proof] One concrete artifact you owned. [Integrity] Mention VERIFY anywhere numbers aren't confirmed. [Close] Invite one thread. [Set 4] Replace bracket fields with truthful details; omit unknowns rather than guessing.","Use Think Aloud + Clarifiers: keep Situation/Task short; expand Actions YOU took; Results honest (metric or qualitative); Technology only where necessary (STAR+T). End with polite branch offer. Only substitute facts you can verify; say VERIFY for numbers.","[degree_major]; [graduation_month_year]; [location_constraints]; [top_project_hook]; [one_metric_or_VERIFY]; [one_failure_learning]; [one_tool_you_can_define]; Do not use scripts to cheat on live assessments—practice and communication rehearsal only.","`Drill-down: quantify impact?`|`Who else was involved—what was uniquely yours?`|`What trade-off did you consciously accept?`","Fake KPIs/unverifiable prestige; blaming-only answers; jargon without definitions; unethical shortcuts presented as heroic; contradictory timelines; exaggerated titles; mocking users/teammates"
"IC-Technical-0017","Technical","During technical practice conversation, demonstrate explain sliding window verbally.","Think Aloud","[Point] Brief truthful headline for your situation. [Proof] One concrete artifact you owned. [Integrity] Mention VERIFY anywhere numbers aren't confirmed. [Close] Invite one thread. [Set 5] Replace bracket fields with truthful details; omit unknowns rather than guessing.","Use Think Aloud: keep Situation/Task short; expand Actions YOU took; Results honest (metric or qualitative); Technology only where necessary (STAR+T). End with polite branch offer. Only substitute facts you can verify; say VERIFY for numbers.","[degree_major]; [graduation_month_year]; [location_constraints]; [top_project_hook]; [one_metric_or_VERIFY]; [one_failure_learning]; [one_tool_you_can_define]; Do not use scripts to cheat on live assessments—practice and communication rehearsal only.","`Drill-down: quantify impact?`|`Who else was involved—what was uniquely yours?`|`What trade-off did you consciously accept?`","Fake KPIs/unverifiable prestige; blaming-only answers; jargon without definitions; unethical shortcuts presented as heroic; contradictory timelines; exaggerated titles; mocking users/teammates"
"IC-Technical-0018","Technical","Explain/process aloud: explain prefix sums verbally.","STAR micro for debugging stories","[Point] Brief truthful headline for your situation. [Proof] One concrete artifact you owned. [Integrity] Mention VERIFY anywhere numbers aren't confirmed. [Close] Invite one thread. [Set 6] Replace bracket fields with truthful details; omit unknowns rather than guessing.","Use STAR micro for debugging stories: keep Situation/Task short; expand Actions YOU took; Results honest (metric or qualitative); Technology only where necessary (STAR+T). End with polite branch offer. Only substitute facts you can verify; say VERIFY for numbers.","[degree_major]; [graduation_month_year]; [location_constraints]; [top_project_hook]; [one_metric_or_VERIFY]; [one_failure_learning]; [one_tool_you_can_define]; Do not use scripts to cheat on live assessments—practice and communication rehearsal only.","`Drill-down: quantify impact?`|`Who else was involved—what was uniquely yours?`|`What trade-off did you consciously accept?`","Fake KPIs/unverifiable prestige; blaming-only answers; jargon without definitions; unethical shortcuts presented as heroic; contradictory timelines; exaggerated titles; mocking users/teammates"
"IC-Technical-0019","Technical","During technical practice conversation, demonstrate explain memoization verbally.","Think Aloud + Clarifiers","[Point] Brief truthful headline for your situation. [Proof] One concrete artifact you owned. [Integrity] Mention VERIFY anywhere numbers aren't confirmed. [Close] Invite one thread. [Set 1] Replace bracket fields with truthful details; omit unknowns rather than guessing.","Use Think Aloud + Clarifiers: keep Situation/Task short; expand Actions YOU took; Results honest (metric or qualitative); Technology only where necessary (STAR+T). End with polite branch offer. Only substitute facts you can verify; say VERIFY for numbers.","[degree_major]; [graduation_month_year]; [location_constraints]; [top_project_hook]; [one_metric_or_VERIFY]; [one_failure_learning]; [one_tool_you_can_define]; Do not use scripts to cheat on live assessments—practice and communication rehearsal only.","`Drill-down: quantify impact?`|`Who else was involved—what was uniquely yours?`|`What trade-off did you consciously accept?`","Fake KPIs/unverifiable prestige; blaming-only answers; jargon without definitions; unethical shortcuts presented as heroic; contradictory timelines; exaggerated titles; mocking users/teammates"
"IC-Technical-0020","Technical","Explain/process aloud: explain greedy vs DP caution.","Think Aloud","[Point] Brief truthful headline for your situation. [Proof] One concrete artifact you owned. [Integrity] Mention VERIFY anywhere numbers aren't confirmed. [Close] Invite one thread. [Set 2] Replace bracket fields with truthful details; omit unknowns rather than guessing.","Use Think Aloud: keep Situation/Task short; expand Actions YOU took; Results honest (metric or qualitative); Technology only where necessary (STAR+T). End with polite branch offer. Only substitute facts you can verify; say VERIFY for numbers.","[degree_major]; [graduation_month_year]; [location_constraints]; [top_project_hook]; [one_metric_or_VERIFY]; [one_failure_learning]; [one_tool_you_can_define]; Do not use scripts to cheat on live assessments—practice and communication rehearsal only.","`Drill-down: quantify impact?`|`Who else was involved—what was uniquely yours?`|`What trade-off did you consciously accept?`","Fake KPIs/unverifiable prestige; blaming-only answers; jargon without definitions; unethical shortcuts presented as heroic; contradictory timelines; exaggerated titles; mocking users/teammates"
"IC-Technical-0021","Technical","During technical practice conversation, demonstrate talk through testing plan on code.","STAR micro for debugging stories","[Point] Brief truthful headline for your situation. [Proof] One concrete artifact you owned. [Integrity] Mention VERIFY anywhere numbers aren't confirmed. [Close] Invite one thread. [Set 3] Replace bracket fields with truthful details; omit unknowns rather than guessing.","Use STAR micro for debugging stories: keep Situation/Task short; expand Actions YOU took; Results honest (metric or qualitative); Technology only where necessary (STAR+T). End with polite branch offer. Only substitute facts you can verify; say VERIFY for numbers.","[degree_major]; [graduation_month_year]; [location_constraints]; [top_project_hook]; [one_metric_or_VERIFY]; [one_failure_learning]; [one_tool_you_can_define]; Do not use scripts to cheat on live assessments—practice and communication rehearsal only.","`Drill-down: quantify impact?`|`Who else was involved—what was uniquely yours?`|`What trade-off did you consciously accept?`","Fake KPIs/unverifiable prestige; blaming-only answers; jargon without definitions; unethical shortcuts presented as heroic; contradictory timelines; exaggerated titles; mocking users/teammates"
"IC-Technical-0022","Technical","Explain/process aloud: talk through bug hypothesis order.","Think Aloud + Clarifiers","[Point] Brief truthful headline for your situation. [Proof] One concrete artifact you owned. [Integrity] Mention VERIFY anywhere numbers aren't confirmed. [Close] Invite one thread. [Set 4] Replace bracket fields with truthful details; omit unknowns rather than guessing.","Use Think Aloud + Clarifiers: keep Situation/Task short; expand Actions YOU took; Results honest (metric or qualitative); Technology only where necessary (STAR+T). End with polite branch offer. Only substitute facts you can verify; say VERIFY for numbers.","[degree_major]; [graduation_month_year]; [location_constraints]; [top_project_hook]; [one_metric_or_VERIFY]; [one_failure_learning]; [one_tool_you_can_define]; Do not use scripts to cheat on live assessments—practice and communication rehearsal only.","`Drill-down: quantify impact?`|`Who else was involved—what was uniquely yours?`|`What trade-off did you consciously accept?`","Fake KPIs/unverifiable prestige; blaming-only answers; jargon without definitions; unethical shortcuts presented as heroic; contradictory timelines; exaggerated titles; mocking users/teammates"
"IC-Technical-0023","Technical","During technical practice conversation, demonstrate read code you didn't write.","Think Aloud","[Point] Brief truthful headline for your situation. [Proof] One concrete artifact you owned. [Integrity] Mention VERIFY anywhere numbers aren't confirmed. [Close] Invite one thread. [Set 5] Replace bracket fields with truthful details; omit unknowns rather than guessing.","Use Think Aloud: keep Situation/Task short; expand Actions YOU took; Results honest (metric or qualitative); Technology only where necessary (STAR+T). End with polite branch offer. Only substitute facts you can verify; say VERIFY for numbers.","[degree_major]; [graduation_month_year]; [location_constraints]; [top_project_hook]; [one_metric_or_VERIFY]; [one_failure_learning]; [one_tool_you_can_define]; Do not use scripts to cheat on live assessments—practice and communication rehearsal only.","`Drill-down: quantify impact?`|`Who else was involved—what was uniquely yours?`|`What trade-off did you consciously accept?`","Fake KPIs/unverifiable prestige; blaming-only answers; jargon without definitions; unethical shortcuts presented as heroic; contradictory timelines; exaggerated titles; mocking users/teammates"
"IC-Technical-0024","Technical","Explain/process aloud: refactor narration plan.","STAR micro for debugging stories","[Point] Brief truthful headline for your situation. [Proof] One concrete artifact you owned. [Integrity] Mention VERIFY anywhere numbers aren't confirmed. [Close] Invite one thread. [Set 6] Replace bracket fields with truthful details; omit unknowns rather than guessing.","Use STAR micro for debugging stories: keep Situation/Task short; expand Actions YOU took; Results honest (metric or qualitative); Technology only where necessary (STAR+T). End with polite branch offer. Only substitute facts you can verify; say VERIFY for numbers.","[degree_major]; [graduation_month_year]; [location_constraints]; [top_project_hook]; [one_metric_or_VERIFY]; [one_failure_learning]; [one_tool_you_can_define]; Do not use scripts to cheat on live assessments—practice and communication rehearsal only.","`Drill-down: quantify impact?`|`Who else was involved—what was uniquely yours?`|`What trade-off did you consciously accept?`","Fake KPIs/unverifiable prestige; blaming-only answers; jargon without definitions; unethical shortcuts presented as heroic; contradictory timelines; exaggerated titles; mocking users/teammates"
"IC-Technical-0025","Technical","During technical practice conversation, demonstrate API rate limit discussion ethically.","Think Aloud + Clarifiers","[Point] Brief truthful headline for your situation. [Proof] One concrete artifact you owned. [Integrity] Mention VERIFY anywhere numbers aren't confirmed. [Close] Invite one thread. [Set 1] Replace bracket fields with truthful details; omit unknowns rather than guessing.","Use Think Aloud + Clarifiers: keep Situation/Task short; expand Actions YOU took; Results honest (metric or qualitative); Technology only where necessary (STAR+T). End with polite branch offer. Only substitute facts you can verify; say VERIFY for numbers.","[degree_major]; [graduation_month_year]; [location_constraints]; [top_project_hook]; [one_metric_or_VERIFY]; [one_failure_learning]; [one_tool_you_can_define]; Do not use scripts to cheat on live assessments—practice and communication rehearsal only.","`Drill-down: quantify impact?`|`Who else was involved—what was uniquely yours?`|`What trade-off did you consciously accept?`","Fake KPIs/unverifiable prestige; blaming-only answers; jargon without definitions; unethical shortcuts presented as heroic; contradictory timelines; exaggerated titles; mocking users/teammates"
"IC-Technical-0026","Technical","Explain/process aloud: DB indexing intuition without fake benchmarks.","Think Aloud","[Point] Brief truthful headline for your situation. [Proof] One concrete artifact you owned. [Integrity] Mention VERIFY anywhere numbers aren't confirmed. [Close] Invite one thread. [Set 2] Replace bracket fields with truthful details; omit unknowns rather than guessing.","Use Think Aloud: keep Situation/Task short; expand Actions YOU took; Results honest (metric or qualitative); Technology only where necessary (STAR+T). End with polite branch offer. Only substitute facts you can verify; say VERIFY for numbers.","[degree_major]; [graduation_month_year]; [location_constraints]; [top_project_hook]; [one_metric_or_VERIFY]; [one_failure_learning]; [one_tool_you_can_define]; Do not use scripts to cheat on live assessments—practice and communication rehearsal only.","`Drill-down: quantify impact?`|`Who else was involved—what was uniquely yours?`|`What trade-off did you consciously accept?`","Fake KPIs/unverifiable prestige; blaming-only answers; jargon without definitions; unethical shortcuts presented as heroic; contradictory timelines; exaggerated titles; mocking users/teammates"
"IC-Technical-0027","Technical","During technical practice conversation, demonstrate concurrency caution honesty.","STAR micro for debugging stories","[Point] Brief truthful headline for your situation. [Proof] One concrete artifact you owned. [Integrity] Mention VERIFY anywhere numbers aren't confirmed. [Close] Invite one thread. [Set 3] Replace bracket fields with truthful details; omit unknowns rather than guessing.","Use STAR micro for debugging stories: keep Situation/Task short; expand Actions YOU took; Results honest (metric or qualitative); Technology only where necessary (STAR+T). End with polite branch offer. Only substitute facts you can verify; say VERIFY for numbers.","[degree_major]; [graduation_month_year]; [location_constraints]; [top_project_hook]; [one_metric_or_VERIFY]; [one_failure_learning]; [one_tool_you_can_define]; Do not use scripts to cheat on live assessments—practice and communication rehearsal only.","`Drill-down: quantify impact?`|`Who else was involved—what was uniquely yours?`|`What trade-off did you consciously accept?`","Fake KPIs/unverifiable prestige; blaming-only answers; jargon without definitions; unethical shortcuts presented as heroic; contradictory timelines; exaggerated titles; mocking users/teammates"
"IC-Technical-0028","Technical","Explain/process aloud: network timeout retry discussion.","Think Aloud + Clarifiers","[Point] Brief truthful headline for your situation. [Proof] One concrete artifact you owned. [Integrity] Mention VERIFY anywhere numbers aren't confirmed. [Close] Invite one thread. [Set 4] Replace bracket fields with truthful details; omit unknowns rather than guessing.","Use Think Aloud + Clarifiers: keep Situation/Task short; expand Actions YOU took; Results honest (metric or qualitative); Technology only where necessary (STAR+T). End with polite branch offer. Only substitute facts you can verify; say VERIFY for numbers.","[degree_major]; [graduation_month_year]; [location_constraints]; [top_project_hook]; [one_metric_or_VERIFY]; [one_failure_learning]; [one_tool_you_can_define]; Do not use scripts to cheat on live assessments—practice and communication rehearsal only.","`Drill-down: quantify impact?`|`Who else was involved—what was uniquely yours?`|`What trade-off did you consciously accept?`","Fake KPIs/unverifiable prestige; blaming-only answers; jargon without definitions; unethical shortcuts presented as heroic; contradictory timelines; exaggerated titles; mocking users/teammates"
"IC-Technical-0029","Technical","During technical practice conversation, demonstrate security basics humility.","Think Aloud","[Point] Brief truthful headline for your situation. [Proof] One concrete artifact you owned. [Integrity] Mention VERIFY anywhere numbers aren't confirmed. [Close] Invite one thread. [Set 5] Replace bracket fields with truthful details; omit unknowns rather than guessing.","Use Think Aloud: keep Situation/Task short; expand Actions YOU took; Results honest (metric or qualitative); Technology only where necessary (STAR+T). End with polite branch offer. Only substitute facts you can verify; say VERIFY for numbers.","[degree_major]; [graduation_month_year]; [location_constraints]; [top_project_hook]; [one_metric_or_VERIFY]; [one_failure_learning]; [one_tool_you_can_define]; Do not use scripts to cheat on live assessments—practice and communication rehearsal only.","`Drill-down: quantify impact?`|`Who else was involved—what was uniquely yours?`|`What trade-off did you consciously accept?`","Fake KPIs/unverifiable prestige; blaming-only answers; jargon without definitions; unethical shortcuts presented as heroic; contradictory timelines; exaggerated titles; mocking users/teammates"
"IC-Technical-0030","Technical","Explain/process aloud: basic OS/memory honesty.","STAR micro for debugging stories","[Point] Brief truthful headline for your situation. [Proof] One concrete artifact you owned. [Integrity] Mention VERIFY anywhere numbers aren't confirmed. [Close] Invite one thread. [Set 6] Replace bracket fields with truthful details; omit unknowns rather than guessing.","Use STAR micro for debugging stories: keep Situation/Task short; expand Actions YOU took; Results honest (metric or qualitative); Technology only where necessary (STAR+T). End with polite branch offer. Only substitute facts you can verify; say VERIFY for numbers.","[degree_major]; [graduation_month_year]; [location_constraints]; [top_project_hook]; [one_metric_or_VERIFY]; [one_failure_learning]; [one_tool_you_can_define]; Do not use scripts to cheat on live assessments—practice and communication rehearsal only.","`Drill-down: quantify impact?`|`Who else was involved—what was uniquely yours?`|`What trade-off did you consciously accept?`","Fake KPIs/unverifiable prestige; blaming-only answers; jargon without definitions; unethical shortcuts presented as heroic; contradictory timelines; exaggerated titles; mocking users/teammates"
"IC-Technical-0031","Technical","During technical practice conversation, demonstrate basic networking honesty.","Think Aloud + Clarifiers","[Point] Brief truthful headline for your situation. [Proof] One concrete artifact you owned. [Integrity] Mention VERIFY anywhere numbers aren't confirmed. [Close] Invite one thread. [Set 1] Replace bracket fields with truthful details; omit unknowns rather than guessing.","Use Think Aloud + Clarifiers: keep Situation/Task short; expand Actions YOU took; Results honest (metric or qualitative); Technology only where necessary (STAR+T). End with polite branch offer. Only substitute facts you can verify; say VERIFY for numbers.","[degree_major]; [graduation_month_year]; [location_constraints]; [top_project_hook]; [one_metric_or_VERIFY]; [one_failure_learning]; [one_tool_you_can_define]; Do not use scripts to cheat on live assessments—practice and communication rehearsal only.","`Drill-down: quantify impact?`|`Who else was involved—what was uniquely yours?`|`What trade-off did you consciously accept?`","Fake KPIs/unverifiable prestige; blaming-only answers; jargon without definitions; unethical shortcuts presented as heroic; contradictory timelines; exaggerated titles; mocking users/teammates"
"IC-Technical-0032","Technical","Explain/process aloud: strings vs bytes caution.","Think Aloud","[Point] Brief truthful headline for your situation. [Proof] One concrete artifact you owned. [Integrity] Mention VERIFY anywhere numbers aren't confirmed. [Close] Invite one thread. [Set 2] Replace bracket fields with truthful details; omit unknowns rather than guessing.","Use Think Aloud: keep Situation/Task short; expand Actions YOU took; Results honest (metric or qualitative); Technology only where necessary (STAR+T). End with polite branch offer. Only substitute facts you can verify; say VERIFY for numbers.","[degree_major]; [graduation_month_year]; [location_constraints]; [top_project_hook]; [one_metric_or_VERIFY]; [one_failure_learning]; [one_tool_you_can_define]; Do not use scripts to cheat on live assessments—practice and communication rehearsal only.","`Drill-down: quantify impact?`|`Who else was involved—what was uniquely yours?`|`What trade-off did you consciously accept?`","Fake KPIs/unverifiable prestige; blaming-only answers; jargon without definitions; unethical shortcuts presented as heroic; contradictory timelines; exaggerated titles; mocking users/teammates"
"IC-Technical-0033","Technical","During technical practice conversation, demonstrate floating point pitfalls mention.","STAR micro for debugging stories","[Point] Brief truthful headline for your situation. [Proof] One concrete artifact you owned. [Integrity] Mention VERIFY anywhere numbers aren't confirmed. [Close] Invite one thread. [Set 3] Replace bracket fields with truthful details; omit unknowns rather than guessing.","Use STAR micro for debugging stories: keep Situation/Task short; expand Actions YOU took; Results honest (metric or qualitative); Technology only where necessary (STAR+T). End with polite branch offer. Only substitute facts you can verify; say VERIFY for numbers.","[degree_major]; [graduation_month_year]; [location_constraints]; [top_project_hook]; [one_metric_or_VERIFY]; [one_failure_learning]; [one_tool_you_can_define]; Do not use scripts to cheat on live assessments—practice and communication rehearsal only.","`Drill-down: quantify impact?`|`Who else was involved—what was uniquely yours?`|`What trade-off did you consciously accept?`","Fake KPIs/unverifiable prestige; blaming-only answers; jargon without definitions; unethical shortcuts presented as heroic; contradictory timelines; exaggerated titles; mocking users/teammates"
"IC-Technical-0034","Technical","Explain/process aloud: integer overflow caution.","Think Aloud + Clarifiers","[Point] Brief truthful headline for your situation. [Proof] One concrete artifact you owned. [Integrity] Mention VERIFY anywhere numbers aren't confirmed. [Close] Invite one thread. [Set 4] Replace bracket fields with truthful details; omit unknowns rather than guessing.","Use Think Aloud + Clarifiers: keep Situation/Task short; expand Actions YOU took; Results honest (metric or qualitative); Technology only where necessary (STAR+T). End with polite branch offer. Only substitute facts you can verify; say VERIFY for numbers.","[degree_major]; [graduation_month_year]; [location_constraints]; [top_project_hook]; [one_metric_or_VERIFY]; [one_failure_learning]; [one_tool_you_can_define]; Do not use scripts to cheat on live assessments—practice and communication rehearsal only.","`Drill-down: quantify impact?`|`Who else was involved—what was uniquely yours?`|`What trade-off did you consciously accept?`","Fake KPIs/unverifiable prestige; blaming-only answers; jargon without definitions; unethical shortcuts presented as heroic; contradictory timelines; exaggerated titles; mocking users/teammates"
"IC-Technical-0035","Technical","During technical practice conversation, demonstrate null/empty distinctions.","Think Aloud","[Point] Brief truthful headline for your situation. [Proof] One concrete artifact you owned. [Integrity] Mention VERIFY anywhere numbers aren't confirmed. [Close] Invite one thread. [Set 5] Replace bracket fields with truthful details; omit unknowns rather than guessing.","Use Think Aloud: keep Situation/Task short; expand Actions YOU took; Results honest (metric or qualitative); Technology only where necessary (STAR+T). End with polite branch offer. Only substitute facts you can verify; say VERIFY for numbers.","[degree_major]; [graduation_month_year]; [location_constraints]; [top_project_hook]; [one_metric_or_VERIFY]; [one_failure_learning]; [one_tool_you_can_define]; Do not use scripts to cheat on live assessments—practice and communication rehearsal only.","`Drill-down: quantify impact?`|`Who else was involved—what was uniquely yours?`|`What trade-off did you consciously accept?`","Fake KPIs/unverifiable prestige; blaming-only answers; jargon without definitions; unethical shortcuts presented as heroic; contradictory timelines; exaggerated titles; mocking users/teammates"
"IC-Technical-0036","Technical","Explain/process aloud: input validation verbally.","STAR micro for debugging stories","[Point] Brief truthful headline for your situation. [Proof] One concrete artifact you owned. [Integrity] Mention VERIFY anywhere numbers aren't confirmed. [Close] Invite one thread. [Set 6] Replace bracket fields with truthful details; omit unknowns rather than guessing.","Use STAR micro for debugging stories: keep Situation/Task short; expand Actions YOU took; Results honest (metric or qualitative); Technology only where necessary (STAR+T). End with polite branch offer. Only substitute facts you can verify; say VERIFY for numbers.","[degree_major]; [graduation_month_year]; [location_constraints]; [top_project_hook]; [one_metric_or_VERIFY]; [one_failure_learning]; [one_tool_you_can_define]; Do not use scripts to cheat on live assessments—practice and communication rehearsal only.","`Drill-down: quantify impact?`|`Who else was involved—what was uniquely yours?`|`What trade-off did you consciously accept?`","Fake KPIs/unverifiable prestige; blaming-only answers; jargon without definitions; unethical shortcuts presented as heroic; contradictory timelines; exaggerated titles; mocking users/teammates"
"IC-Technical-0037","Technical","During technical practice conversation, demonstrate logging without leaking secrets ethically.","Think Aloud + Clarifiers","[Point] Brief truthful headline for your situation. [Proof] One concrete artifact you owned. [Integrity] Mention VERIFY anywhere numbers aren't confirmed. [Close] Invite one thread. [Set 1] Replace bracket fields with truthful details; omit unknowns rather than guessing.","Use Think Aloud + Clarifiers: keep Situation/Task short; expand Actions YOU took; Results honest (metric or qualitative); Technology only where necessary (STAR+T). End with polite branch offer. Only substitute facts you can verify; say VERIFY for numbers.","[degree_major]; [graduation_month_year]; [location_constraints]; [top_project_hook]; [one_metric_or_VERIFY]; [one_failure_learning]; [one_tool_you_can_define]; Do not use scripts to cheat on live assessments—practice and communication rehearsal only.","`Drill-down: quantify impact?`|`Who else was involved—what was uniquely yours?`|`What trade-off did you consciously accept?`","Fake KPIs/unverifiable prestige; blaming-only answers; jargon without definitions; unethical shortcuts presented as heroic; contradictory timelines; exaggerated titles; mocking users/teammates"
"IC-Technical-0038","Technical","Explain/process aloud: feature flag discussion simply.","Think Aloud","[Point] Brief truthful headline for your situation. [Proof] One concrete artifact you owned. [Integrity] Mention VERIFY anywhere numbers aren't confirmed. [Close] Invite one thread. [Set 2] Replace bracket fields with truthful details; omit unknowns rather than guessing.","Use Think Aloud: keep Situation/Task short; expand Actions YOU took; Results honest (metric or qualitative); Technology only where necessary (STAR+T). End with polite branch offer. Only substitute facts you can verify; say VERIFY for numbers.","[degree_major]; [graduation_month_year]; [location_constraints]; [top_project_hook]; [one_metric_or_VERIFY]; [one_failure_learning]; [one_tool_you_can_define]; Do not use scripts to cheat on live assessments—practice and communication rehearsal only.","`Drill-down: quantify impact?`|`Who else was involved—what was uniquely yours?`|`What trade-off did you consciously accept?`","Fake KPIs/unverifiable prestige; blaming-only answers; jargon without definitions; unethical shortcuts presented as heroic; contradictory timelines; exaggerated titles; mocking users/teammates"
"IC-Technical-0039","Technical","During technical practice conversation, demonstrate observability basics.","STAR micro for debugging stories","[Point] Brief truthful headline for your situation. [Proof] One concrete artifact you owned. [Integrity] Mention VERIFY anywhere numbers aren't confirmed. [Close] Invite one thread. [Set 3] Replace bracket fields with truthful details; omit unknowns rather than guessing.","Use STAR micro for debugging stories: keep Situation/Task short; expand Actions YOU took; Results honest (metric or qualitative); Technology only where necessary (STAR+T). End with polite branch offer. Only substitute facts you can verify; say VERIFY for numbers.","[degree_major]; [graduation_month_year]; [location_constraints]; [top_project_hook]; [one_metric_or_VERIFY]; [one_failure_learning]; [one_tool_you_can_define]; Do not use scripts to cheat on live assessments—practice and communication rehearsal only.","`Drill-down: quantify impact?`|`Who else was involved—what was uniquely yours?`|`What trade-off did you consciously accept?`","Fake KPIs/unverifiable prestige; blaming-only answers; jargon without definitions; unethical shortcuts presented as heroic; contradictory timelines; exaggerated titles; mocking users/teammates"
"IC-Technical-0040","Technical","Explain/process aloud: profiling humility.","Think Aloud + Clarifiers","[Point] Brief truthful headline for your situation. [Proof] One concrete artifact you owned. [Integrity] Mention VERIFY anywhere numbers aren't confirmed. [Close] Invite one thread. [Set 4] Replace bracket fields with truthful details; omit unknowns rather than guessing.","Use Think Aloud + Clarifiers: keep Situation/Task short; expand Actions YOU took; Results honest (metric or qualitative); Technology only where necessary (STAR+T). End with polite branch offer. Only substitute facts you can verify; say VERIFY for numbers.","[degree_major]; [graduation_month_year]; [location_constraints]; [top_project_hook]; [one_metric_or_VERIFY]; [one_failure_learning]; [one_tool_you_can_define]; Do not use scripts to cheat on live assessments—practice and communication rehearsal only.","`Drill-down: quantify impact?`|`Who else was involved—what was uniquely yours?`|`What trade-off did you consciously accept?`","Fake KPIs/unverifiable prestige; blaming-only answers; jargon without definitions; unethical shortcuts presented as heroic; contradictory timelines; exaggerated titles; mocking users/teammates"
"IC-Technical-0041","Technical","During technical practice conversation, demonstrate unit vs integration truthful.","Think Aloud","[Point] Brief truthful headline for your situation. [Proof] One concrete artifact you owned. [Integrity] Mention VERIFY anywhere numbers aren't confirmed. [Close] Invite one thread. [Set 5] Replace bracket fields with truthful details; omit unknowns rather than guessing.","Use Think Aloud: keep Situation/Task short; expand Actions YOU took; Results honest (metric or qualitative); Technology only where necessary (STAR+T). End with polite branch offer. Only substitute facts you can verify; say VERIFY for numbers.","[degree_major]; [graduation_month_year]; [location_constraints]; [top_project_hook]; [one_metric_or_VERIFY]; [one_failure_learning]; [one_tool_you_can_define]; Do not use scripts to cheat on live assessments—practice and communication rehearsal only.","`Drill-down: quantify impact?`|`Who else was involved—what was uniquely yours?`|`What trade-off did you consciously accept?`","Fake KPIs/unverifiable prestige; blaming-only answers; jargon without definitions; unethical shortcuts presented as heroic; contradictory timelines; exaggerated titles; mocking users/teammates"
"IC-Technical-0042","Technical","Explain/process aloud: static typing benefits honest.","STAR micro for debugging stories","[Point] Brief truthful headline for your situation. [Proof] One concrete artifact you owned. [Integrity] Mention VERIFY anywhere numbers aren't confirmed. [Close] Invite one thread. [Set 6] Replace bracket fields with truthful details; omit unknowns rather than guessing.","Use STAR micro for debugging stories: keep Situation/Task short; expand Actions YOU took; Results honest (metric or qualitative); Technology only where necessary (STAR+T). End with polite branch offer. Only substitute facts you can verify; say VERIFY for numbers.","[degree_major]; [graduation_month_year]; [location_constraints]; [top_project_hook]; [one_metric_or_VERIFY]; [one_failure_learning]; [one_tool_you_can_define]; Do not use scripts to cheat on live assessments—practice and communication rehearsal only.","`Drill-down: quantify impact?`|`Who else was involved—what was uniquely yours?`|`What trade-off did you consciously accept?`","Fake KPIs/unverifiable prestige; blaming-only answers; jargon without definitions; unethical shortcuts presented as heroic; contradictory timelines; exaggerated titles; mocking users/teammates"
"IC-Technical-0043","Technical","During technical practice conversation, demonstrate compiler vs interpreter simple.","Think Aloud + Clarifiers","[Point] Brief truthful headline for your situation. [Proof] One concrete artifact you owned. [Integrity] Mention VERIFY anywhere numbers aren't confirmed. [Close] Invite one thread. [Set 1] Replace bracket fields with truthful details; omit unknowns rather than guessing.","Use Think Aloud + Clarifiers: keep Situation/Task short; expand Actions YOU took; Results honest (metric or qualitative); Technology only where necessary (STAR+T). End with polite branch offer. Only substitute facts you can verify; say VERIFY for numbers.","[degree_major]; [graduation_month_year]; [location_constraints]; [top_project_hook]; [one_metric_or_VERIFY]; [one_failure_learning]; [one_tool_you_can_define]; Do not use scripts to cheat on live assessments—practice and communication rehearsal only.","`Drill-down: quantify impact?`|`Who else was involved—what was uniquely yours?`|`What trade-off did you consciously accept?`","Fake KPIs/unverifiable prestige; blaming-only answers; jargon without definitions; unethical shortcuts presented as heroic; contradictory timelines; exaggerated titles; mocking users/teammates"
"IC-Technical-0044","Technical","Explain/process aloud: bash vs scripting humility.","Think Aloud","[Point] Brief truthful headline for your situation. [Proof] One concrete artifact you owned. [Integrity] Mention VERIFY anywhere numbers aren't confirmed. [Close] Invite one thread. [Set 2] Replace bracket fields with truthful details; omit unknowns rather than guessing.","Use Think Aloud: keep Situation/Task short; expand Actions YOU took; Results honest (metric or qualitative); Technology only where necessary (STAR+T). End with polite branch offer. Only substitute facts you can verify; say VERIFY for numbers.","[degree_major]; [graduation_month_year]; [location_constraints]; [top_project_hook]; [one_metric_or_VERIFY]; [one_failure_learning]; [one_tool_you_can_define]; Do not use scripts to cheat on live assessments—practice and communication rehearsal only.","`Drill-down: quantify impact?`|`Who else was involved—what was uniquely yours?`|`What trade-off did you consciously accept?`","Fake KPIs/unverifiable prestige; blaming-only answers; jargon without definitions; unethical shortcuts presented as heroic; contradictory timelines; exaggerated titles; mocking users/teammates"
"IC-Technical-0045","Technical","During technical practice conversation, demonstrate git bisect narration honest.","STAR micro for debugging stories","[Point] Brief truthful headline for your situation. [Proof] One concrete artifact you owned. [Integrity] Mention VERIFY anywhere numbers aren't confirmed. [Close] Invite one thread. [Set 3] Replace bracket fields with truthful details; omit unknowns rather than guessing.","Use STAR micro for debugging stories: keep Situation/Task short; expand Actions YOU took; Results honest (metric or qualitative); Technology only where necessary (STAR+T). End with polite branch offer. Only substitute facts you can verify; say VERIFY for numbers.","[degree_major]; [graduation_month_year]; [location_constraints]; [top_project_hook]; [one_metric_or_VERIFY]; [one_failure_learning]; [one_tool_you_can_define]; Do not use scripts to cheat on live assessments—practice and communication rehearsal only.","`Drill-down: quantify impact?`|`Who else was involved—what was uniquely yours?`|`What trade-off did you consciously accept?`","Fake KPIs/unverifiable prestige; blaming-only answers; jargon without definitions; unethical shortcuts presented as heroic; contradictory timelines; exaggerated titles; mocking users/teammates"
"IC-Technical-0046","Technical","Explain/process aloud: merge conflict narration honest.","Think Aloud + Clarifiers","[Point] Brief truthful headline for your situation. [Proof] One concrete artifact you owned. [Integrity] Mention VERIFY anywhere numbers aren't confirmed. [Close] Invite one thread. [Set 4] Replace bracket fields with truthful details; omit unknowns rather than guessing.","Use Think Aloud + Clarifiers: keep Situation/Task short; expand Actions YOU took; Results honest (metric or qualitative); Technology only where necessary (STAR+T). End with polite branch offer. Only substitute facts you can verify; say VERIFY for numbers.","[degree_major]; [graduation_month_year]; [location_constraints]; [top_project_hook]; [one_metric_or_VERIFY]; [one_failure_learning]; [one_tool_you_can_define]; Do not use scripts to cheat on live assessments—practice and communication rehearsal only.","`Drill-down: quantify impact?`|`Who else was involved—what was uniquely yours?`|`What trade-off did you consciously accept?`","Fake KPIs/unverifiable prestige; blaming-only answers; jargon without definitions; unethical shortcuts presented as heroic; contradictory timelines; exaggerated titles; mocking users/teammates"
"IC-Technical-0047","Technical","During technical practice conversation, demonstrate release checklist verbal.","Think Aloud","[Point] Brief truthful headline for your situation. [Proof] One concrete artifact you owned. [Integrity] Mention VERIFY anywhere numbers aren't confirmed. [Close] Invite one thread. [Set 5] Replace bracket fields with truthful details; omit unknowns rather than guessing.","Use Think Aloud: keep Situation/Task short; expand Actions YOU took; Results honest (metric or qualitative); Technology only where necessary (STAR+T). End with polite branch offer. Only substitute facts you can verify; say VERIFY for numbers.","[degree_major]; [graduation_month_year]; [location_constraints]; [top_project_hook]; [one_metric_or_VERIFY]; [one_failure_learning]; [one_tool_you_can_define]; Do not use scripts to cheat on live assessments—practice and communication rehearsal only.","`Drill-down: quantify impact?`|`Who else was involved—what was uniquely yours?`|`What trade-off did you consciously accept?`","Fake KPIs/unverifiable prestige; blaming-only answers; jargon without definitions; unethical shortcuts presented as heroic; contradictory timelines; exaggerated titles; mocking users/teammates"
"IC-Technical-0048","Technical","Explain/process aloud: rollback plan verbal.","STAR micro for debugging stories","[Point] Brief truthful headline for your situation. [Proof] One concrete artifact you owned. [Integrity] Mention VERIFY anywhere numbers aren't confirmed. [Close] Invite one thread. [Set 6] Replace bracket fields with truthful details; omit unknowns rather than guessing.","Use STAR micro for debugging stories: keep Situation/Task short; expand Actions YOU took; Results honest (metric or qualitative); Technology only where necessary (STAR+T). End with polite branch offer. Only substitute facts you can verify; say VERIFY for numbers.","[degree_major]; [graduation_month_year]; [location_constraints]; [top_project_hook]; [one_metric_or_VERIFY]; [one_failure_learning]; [one_tool_you_can_define]; Do not use scripts to cheat on live assessments—practice and communication rehearsal only.","`Drill-down: quantify impact?`|`Who else was involved—what was uniquely yours?`|`What trade-off did you consciously accept?`","Fake KPIs/unverifiable prestige; blaming-only answers; jargon without definitions; unethical shortcuts presented as heroic; contradictory timelines; exaggerated titles; mocking users/teammates"
"IC-Technical-0049","Technical","During technical practice conversation, demonstrate clarify constraints verbally.","Think Aloud + Clarifiers","[Point] Brief truthful headline for your situation. [Proof] One concrete artifact you owned. [Integrity] Mention VERIFY anywhere numbers aren't confirmed. [Close] Invite one thread. [Set 1] Replace bracket fields with truthful details; omit unknowns rather than guessing.","Use Think Aloud + Clarifiers: keep Situation/Task short; expand Actions YOU took; Results honest (metric or qualitative); Technology only where necessary (STAR+T). End with polite branch offer. Only substitute facts you can verify; say VERIFY for numbers.","[degree_major]; [graduation_month_year]; [location_constraints]; [top_project_hook]; [one_metric_or_VERIFY]; [one_failure_learning]; [one_tool_you_can_define]; Do not use scripts to cheat on live assessments—practice and communication rehearsal only.","`Drill-down: quantify impact?`|`Who else was involved—what was uniquely yours?`|`What trade-off did you consciously accept?`","Fake KPIs/unverifiable prestige; blaming-only answers; jargon without definitions; unethical shortcuts presented as heroic; contradictory timelines; exaggerated titles; mocking users/teammates"
"IC-Technical-0050","Technical","Explain/process aloud: state brute force baseline.","Think Aloud","[Point] Brief truthful headline for your situation. [Proof] One concrete artifact you owned. [Integrity] Mention VERIFY anywhere numbers aren't confirmed. [Close] Invite one thread. [Set 2] Replace bracket fields with truthful details; omit unknowns rather than guessing.","Use Think Aloud: keep Situation/Task short; expand Actions YOU took; Results honest (metric or qualitative); Technology only where necessary (STAR+T). End with polite branch offer. Only substitute facts you can verify; say VERIFY for numbers.","[degree_major]; [graduation_month_year]; [location_constraints]; [top_project_hook]; [one_metric_or_VERIFY]; [one_failure_learning]; [one_tool_you_can_define]; Do not use scripts to cheat on live assessments—practice and communication rehearsal only.","`Drill-down: quantify impact?`|`Who else was involved—what was uniquely yours?`|`What trade-off did you consciously accept?`","Fake KPIs/unverifiable prestige; blaming-only answers; jargon without definitions; unethical shortcuts presented as heroic; contradictory timelines; exaggerated titles; mocking users/teammates"
"IC-Technical-0051","Technical","During technical practice conversation, demonstrate propose better approach verbally.","STAR micro for debugging stories","[Point] Brief truthful headline for your situation. [Proof] One concrete artifact you owned. [Integrity] Mention VERIFY anywhere numbers aren't confirmed. [Close] Invite one thread. [Set 3] Replace bracket fields with truthful details; omit unknowns rather than guessing.","Use STAR micro for debugging stories: keep Situation/Task short; expand Actions YOU took; Results honest (metric or qualitative); Technology only where necessary (STAR+T). End with polite branch offer. Only substitute facts you can verify; say VERIFY for numbers.","[degree_major]; [graduation_month_year]; [location_constraints]; [top_project_hook]; [one_metric_or_VERIFY]; [one_failure_learning]; [one_tool_you_can_define]; Do not use scripts to cheat on live assessments—practice and communication rehearsal only.","`Drill-down: quantify impact?`|`Who else was involved—what was uniquely yours?`|`What trade-off did you consciously accept?`","Fake KPIs/unverifiable prestige; blaming-only answers; jargon without definitions; unethical shortcuts presented as heroic; contradictory timelines; exaggerated titles; mocking users/teammates"
"IC-Technical-0052","Technical","Explain/process aloud: enumerate edge cases.","Think Aloud + Clarifiers","[Point] Brief truthful headline for your situation. [Proof] One concrete artifact you owned. [Integrity] Mention VERIFY anywhere numbers aren't confirmed. [Close] Invite one thread. [Set 4] Replace bracket fields with truthful details; omit unknowns rather than guessing.","Use Think Aloud + Clarifiers: keep Situation/Task short; expand Actions YOU took; Results honest (metric or qualitative); Technology only where necessary (STAR+T). End with polite branch offer. Only substitute facts you can verify; say VERIFY for numbers.","[degree_major]; [graduation_month_year]; [location_constraints]; [top_project_hook]; [one_metric_or_VERIFY]; [one_failure_learning]; [one_tool_you_can_define]; Do not use scripts to cheat on live assessments—practice and communication rehearsal only.","`Drill-down: quantify impact?`|`Who else was involved—what was uniquely yours?`|`What trade-off did you consciously accept?`","Fake KPIs/unverifiable prestige; blaming-only answers; jargon without definitions; unethical shortcuts presented as heroic; contradictory timelines; exaggerated titles; mocking users/teammates"
"IC-Technical-0053","Technical","During technical practice conversation, demonstrate simulate dry run verbally.","Think Aloud","[Point] Brief truthful headline for your situation. [Proof] One concrete artifact you owned. [Integrity] Mention VERIFY anywhere numbers aren't confirmed. [Close] Invite one thread. [Set 5] Replace bracket fields with truthful details; omit unknowns rather than guessing.","Use Think Aloud: keep Situation/Task short; expand Actions YOU took; Results honest (metric or qualitative); Technology only where necessary (STAR+T). End with polite branch offer. Only substitute facts you can verify; say VERIFY for numbers.","[degree_major]; [graduation_month_year]; [location_constraints]; [top_project_hook]; [one_metric_or_VERIFY]; [one_failure_learning]; [one_tool_you_can_define]; Do not use scripts to cheat on live assessments—practice and communication rehearsal only.","`Drill-down: quantify impact?`|`Who else was involved—what was uniquely yours?`|`What trade-off did you consciously accept?`","Fake KPIs/unverifiable prestige; blaming-only answers; jargon without definitions; unethical shortcuts presented as heroic; contradictory timelines; exaggerated titles; mocking users/teammates"
"IC-Technical-0054","Technical","Explain/process aloud: state time complexity cautiously.","STAR micro for debugging stories","[Point] Brief truthful headline for your situation. [Proof] One concrete artifact you owned. [Integrity] Mention VERIFY anywhere numbers aren't confirmed. [Close] Invite one thread. [Set 6] Replace bracket fields with truthful details; omit unknowns rather than guessing.","Use STAR micro for debugging stories: keep Situation/Task short; expand Actions YOU took; Results honest (metric or qualitative); Technology only where necessary (STAR+T). End with polite branch offer. Only substitute facts you can verify; say VERIFY for numbers.","[degree_major]; [graduation_month_year]; [location_constraints]; [top_project_hook]; [one_metric_or_VERIFY]; [one_failure_learning]; [one_tool_you_can_define]; Do not use scripts to cheat on live assessments—practice and communication rehearsal only.","`Drill-down: quantify impact?`|`Who else was involved—what was uniquely yours?`|`What trade-off did you consciously accept?`","Fake KPIs/unverifiable prestige; blaming-only answers; jargon without definitions; unethical shortcuts presented as heroic; contradictory timelines; exaggerated titles; mocking users/teammates"
"IC-Technical-0055","Technical","During technical practice conversation, demonstrate state space complexity cautiously.","Think Aloud + Clarifiers","[Point] Brief truthful headline for your situation. [Proof] One concrete artifact you owned. [Integrity] Mention VERIFY anywhere numbers aren't confirmed. [Close] Invite one thread. [Set 1] Replace bracket fields with truthful details; omit unknowns rather than guessing.","Use Think Aloud + Clarifiers: keep Situation/Task short; expand Actions YOU took; Results honest (metric or qualitative); Technology only where necessary (STAR+T). End with polite branch offer. Only substitute facts you can verify; say VERIFY for numbers.","[degree_major]; [graduation_month_year]; [location_constraints]; [top_project_hook]; [one_metric_or_VERIFY]; [one_failure_learning]; [one_tool_you_can_define]; Do not use scripts to cheat on live assessments—practice and communication rehearsal only.","`Drill-down: quantify impact?`|`Who else was involved—what was uniquely yours?`|`What trade-off did you consciously accept?`","Fake KPIs/unverifiable prestige; blaming-only answers; jargon without definitions; unethical shortcuts presented as heroic; contradictory timelines; exaggerated titles; mocking users/teammates"
"IC-Technical-0056","Technical","Explain/process aloud: receive hint calmly.","Think Aloud","[Point] Brief truthful headline for your situation. [Proof] One concrete artifact you owned. [Integrity] Mention VERIFY anywhere numbers aren't confirmed. [Close] Invite one thread. [Set 2] Replace bracket fields with truthful details; omit unknowns rather than guessing.","Use Think Aloud: keep Situation/Task short; expand Actions YOU took; Results honest (metric or qualitative); Technology only where necessary (STAR+T). End with polite branch offer. Only substitute facts you can verify; say VERIFY for numbers.","[degree_major]; [graduation_month_year]; [location_constraints]; [top_project_hook]; [one_metric_or_VERIFY]; [one_failure_learning]; [one_tool_you_can_define]; Do not use scripts to cheat on live assessments—practice and communication rehearsal only.","`Drill-down: quantify impact?`|`Who else was involved—what was uniquely yours?`|`What trade-off did you consciously accept?`","Fake KPIs/unverifiable prestige; blaming-only answers; jargon without definitions; unethical shortcuts presented as heroic; contradictory timelines; exaggerated titles; mocking users/teammates"
"IC-Technical-0057","Technical","During technical practice conversation, demonstrate when stuck midway.","STAR micro for debugging stories","[Point] Brief truthful headline for your situation. [Proof] One concrete artifact you owned. [Integrity] Mention VERIFY anywhere numbers aren't confirmed. [Close] Invite one thread. [Set 3] Replace bracket fields with truthful details; omit unknowns rather than guessing.","Use STAR micro for debugging stories: keep Situation/Task short; expand Actions YOU took; Results honest (metric or qualitative); Technology only where necessary (STAR+T). End with polite branch offer. Only substitute facts you can verify; say VERIFY for numbers.","[degree_major]; [graduation_month_year]; [location_constraints]; [top_project_hook]; [one_metric_or_VERIFY]; [one_failure_learning]; [one_tool_you_can_define]; Do not use scripts to cheat on live assessments—practice and communication rehearsal only.","`Drill-down: quantify impact?`|`Who else was involved—what was uniquely yours?`|`What trade-off did you consciously accept?`","Fake KPIs/unverifiable prestige; blaming-only answers; jargon without definitions; unethical shortcuts presented as heroic; contradictory timelines; exaggerated titles; mocking users/teammates"
"IC-Technical-0058","Technical","Explain/process aloud: compare two data structures verbally.","Think Aloud + Clarifiers","[Point] Brief truthful headline for your situation. [Proof] One concrete artifact you owned. [Integrity] Mention VERIFY anywhere numbers aren't confirmed. [Close] Invite one thread. [Set 4] Replace bracket fields with truthful details; omit unknowns rather than guessing.","Use Think Aloud + Clarifiers: keep Situation/Task short; expand Actions YOU took; Results honest (metric or qualitative); Technology only where necessary (STAR+T). End with polite branch offer. Only substitute facts you can verify; say VERIFY for numbers.","[degree_major]; [graduation_month_year]; [location_constraints]; [top_project_hook]; [one_metric_or_VERIFY]; [one_failure_learning]; [one_tool_you_can_define]; Do not use scripts to cheat on live assessments—practice and communication rehearsal only.","`Drill-down: quantify impact?`|`Who else was involved—what was uniquely yours?`|`What trade-off did you consciously accept?`","Fake KPIs/unverifiable prestige; blaming-only answers; jargon without definitions; unethical shortcuts presented as heroic; contradictory timelines; exaggerated titles; mocking users/teammates"
"IC-HR-0001","HR","HR screening: discuss why this company role.","PREP","[Point] Brief truthful headline for your situation. [Proof] One concrete artifact you owned. [Integrity] Mention VERIFY anywhere numbers aren't confirmed. [Close] Invite one thread. [Set 1] Replace bracket fields with truthful details; omit unknowns rather than guessing.","Use PREP: keep Situation/Task short; expand Actions YOU took; Results honest (metric or qualitative); Technology only where necessary (STAR+T). End with polite branch offer. Only substitute facts you can verify; say VERIFY for numbers.","[degree_major]; [graduation_month_year]; [location_constraints]; [top_project_hook]; [one_metric_or_VERIFY]; [one_failure_learning]; [one_tool_you_can_define]; Do not use scripts to cheat on live assessments—practice and communication rehearsal only.","`Drill-down: quantify impact?`|`Who else was involved—what was uniquely yours?`|`What trade-off did you consciously accept?`","Fake KPIs/unverifiable prestige; blaming-only answers; jargon without definitions; unethical shortcuts presented as heroic; contradictory timelines; exaggerated titles; mocking users/teammates"
"IC-HR-0002","HR","why hiring you without fake promises? Keep answer structured and truthful.","PREP + STAR snippet","[Point] Brief truthful headline for your situation. [Proof] One concrete artifact you owned. [Integrity] Mention VERIFY anywhere numbers aren't confirmed. [Close] Invite one thread. [Set 2] Replace bracket fields with truthful details; omit unknowns rather than guessing.","Use PREP + STAR snippet: keep Situation/Task short; expand Actions YOU took; Results honest (metric or qualitative); Technology only where necessary (STAR+T). End with polite branch offer. Only substitute facts you can verify; say VERIFY for numbers.","[degree_major]; [graduation_month_year]; [location_constraints]; [top_project_hook]; [one_metric_or_VERIFY]; [one_failure_learning]; [one_tool_you_can_define]; Do not use scripts to cheat on live assessments—practice and communication rehearsal only.","`Drill-down: quantify impact?`|`Who else was involved—what was uniquely yours?`|`What trade-off did you consciously accept?`","Fake KPIs/unverifiable prestige; blaming-only answers; jargon without definitions; unethical shortcuts presented as heroic; contradictory timelines; exaggerated titles; mocking users/teammates"
"IC-HR-0003","HR","HR screening: discuss strength truthful.","PREP lite","[Point] Brief truthful headline for your situation. [Proof] One concrete artifact you owned. [Integrity] Mention VERIFY anywhere numbers aren't confirmed. [Close] Invite one thread. [Set 3] Replace bracket fields with truthful details; omit unknowns rather than guessing.","Use PREP lite: keep Situation/Task short; expand Actions YOU took; Results honest (metric or qualitative); Technology only where necessary (STAR+T). End with polite branch offer. Only substitute facts you can verify; say VERIFY for numbers.","[degree_major]; [graduation_month_year]; [location_constraints]; [top_project_hook]; [one_metric_or_VERIFY]; [one_failure_learning]; [one_tool_you_can_define]; Do not use scripts to cheat on live assessments—practice and communication rehearsal only.","`Drill-down: quantify impact?`|`Who else was involved—what was uniquely yours?`|`What trade-off did you consciously accept?`","Fake KPIs/unverifiable prestige; blaming-only answers; jargon without definitions; unethical shortcuts presented as heroic; contradictory timelines; exaggerated titles; mocking users/teammates"
"IC-HR-0004","HR","weakness truthful + improving? Keep answer structured and truthful.","PREP","[Point] Brief truthful headline for your situation. [Proof] One concrete artifact you owned. [Integrity] Mention VERIFY anywhere numbers aren't confirmed. [Close] Invite one thread. [Set 4] Replace bracket fields with truthful details; omit unknowns rather than guessing.","Use PREP: keep Situation/Task short; expand Actions YOU took; Results honest (metric or qualitative); Technology only where necessary (STAR+T). End with polite branch offer. Only substitute facts you can verify; say VERIFY for numbers.","[degree_major]; [graduation_month_year]; [location_constraints]; [top_project_hook]; [one_metric_or_VERIFY]; [one_failure_learning]; [one_tool_you_can_define]; Do not use scripts to cheat on live assessments—practice and communication rehearsal only.","`Drill-down: quantify impact?`|`Who else was involved—what was uniquely yours?`|`What trade-off did you consciously accept?`","Fake KPIs/unverifiable prestige; blaming-only answers; jargon without definitions; unethical shortcuts presented as heroic; contradictory timelines; exaggerated titles; mocking users/teammates"
"IC-HR-0005","HR","HR screening: discuss gap year honestly.","PREP + STAR snippet","[Point] Brief truthful headline for your situation. [Proof] One concrete artifact you owned. [Integrity] Mention VERIFY anywhere numbers aren't confirmed. [Close] Invite one thread. [Set 5] Replace bracket fields with truthful details; omit unknowns rather than guessing.","Use PREP + STAR snippet: keep Situation/Task short; expand Actions YOU took; Results honest (metric or qualitative); Technology only where necessary (STAR+T). End with polite branch offer. Only substitute facts you can verify; say VERIFY for numbers.","[degree_major]; [graduation_month_year]; [location_constraints]; [top_project_hook]; [one_metric_or_VERIFY]; [one_failure_learning]; [one_tool_you_can_define]; Do not use scripts to cheat on live assessments—practice and communication rehearsal only.","`Drill-down: quantify impact?`|`Who else was involved—what was uniquely yours?`|`What trade-off did you consciously accept?`","Fake KPIs/unverifiable prestige; blaming-only answers; jargon without definitions; unethical shortcuts presented as heroic; contradictory timelines; exaggerated titles; mocking users/teammates"
"IC-HR-0006","HR","relocation openness truth? Keep answer structured and truthful.","PREP lite","[Point] Brief truthful headline for your situation. [Proof] One concrete artifact you owned. [Integrity] Mention VERIFY anywhere numbers aren't confirmed. [Close] Invite one thread. [Set 1] Replace bracket fields with truthful details; omit unknowns rather than guessing.","Use PREP lite: keep Situation/Task short; expand Actions YOU took; Results honest (metric or qualitative); Technology only where necessary (STAR+T). End with polite branch offer. Only substitute facts you can verify; say VERIFY for numbers.","[degree_major]; [graduation_month_year]; [location_constraints]; [top_project_hook]; [one_metric_or_VERIFY]; [one_failure_learning]; [one_tool_you_can_define]; Do not use scripts to cheat on live assessments—practice and communication rehearsal only.","`Drill-down: quantify impact?`|`Who else was involved—what was uniquely yours?`|`What trade-off did you consciously accept?`","Fake KPIs/unverifiable prestige; blaming-only answers; jargon without definitions; unethical shortcuts presented as heroic; contradictory timelines; exaggerated titles; mocking users/teammates"
"IC-HR-0007","HR","HR screening: discuss higher studies plan honesty.","PREP","[Point] Brief truthful headline for your situation. [Proof] One concrete artifact you owned. [Integrity] Mention VERIFY anywhere numbers aren't confirmed. [Close] Invite one thread. [Set 2] Replace bracket fields with truthful details; omit unknowns rather than guessing.","Use PREP: keep Situation/Task short; expand Actions YOU took; Results honest (metric or qualitative); Technology only where necessary (STAR+T). End with polite branch offer. Only substitute facts you can verify; say VERIFY for numbers.","[degree_major]; [graduation_month_year]; [location_constraints]; [top_project_hook]; [one_metric_or_VERIFY]; [one_failure_learning]; [one_tool_you_can_define]; Do not use scripts to cheat on live assessments—practice and communication rehearsal only.","`Drill-down: quantify impact?`|`Who else was involved—what was uniquely yours?`|`What trade-off did you consciously accept?`","Fake KPIs/unverifiable prestige; blaming-only answers; jargon without definitions; unethical shortcuts presented as heroic; contradictory timelines; exaggerated titles; mocking users/teammates"
"IC-HR-0008","HR","notice period factual? Keep answer structured and truthful.","PREP + STAR snippet","[Point] Brief truthful headline for your situation. [Proof] One concrete artifact you owned. [Integrity] Mention VERIFY anywhere numbers aren't confirmed. [Close] Invite one thread. [Set 3] Replace bracket fields with truthful details; omit unknowns rather than guessing.","Use PREP + STAR snippet: keep Situation/Task short; expand Actions YOU took; Results honest (metric or qualitative); Technology only where necessary (STAR+T). End with polite branch offer. Only substitute facts you can verify; say VERIFY for numbers.","[degree_major]; [graduation_month_year]; [location_constraints]; [top_project_hook]; [one_metric_or_VERIFY]; [one_failure_learning]; [one_tool_you_can_define]; Do not use scripts to cheat on live assessments—practice and communication rehearsal only.","`Drill-down: quantify impact?`|`Who else was involved—what was uniquely yours?`|`What trade-off did you consciously accept?`","Fake KPIs/unverifiable prestige; blaming-only answers; jargon without definitions; unethical shortcuts presented as heroic; contradictory timelines; exaggerated titles; mocking users/teammates"
"IC-HR-0009","HR","HR screening: discuss salary expectation neutrality.","PREP lite","[Point] Brief truthful headline for your situation. [Proof] One concrete artifact you owned. [Integrity] Mention VERIFY anywhere numbers aren't confirmed. [Close] Invite one thread. [Set 4] Replace bracket fields with truthful details; omit unknowns rather than guessing.","Use PREP lite: keep Situation/Task short; expand Actions YOU took; Results honest (metric or qualitative); Technology only where necessary (STAR+T). End with polite branch offer. Only substitute facts you can verify; say VERIFY for numbers.","[degree_major]; [graduation_month_year]; [location_constraints]; [top_project_hook]; [one_metric_or_VERIFY]; [one_failure_learning]; [one_tool_you_can_define]; Do not use scripts to cheat on live assessments—practice and communication rehearsal only.","`Drill-down: quantify impact?`|`Who else was involved—what was uniquely yours?`|`What trade-off did you consciously accept?`","Fake KPIs/unverifiable prestige; blaming-only answers; jargon without definitions; unethical shortcuts presented as heroic; contradictory timelines; exaggerated titles; mocking users/teammates"
"IC-HR-0010","HR","handling pressure? Keep answer structured and truthful.","PREP","[Point] Brief truthful headline for your situation. [Proof] One concrete artifact you owned. [Integrity] Mention VERIFY anywhere numbers aren't confirmed. [Close] Invite one thread. [Set 5] Replace bracket fields with truthful details; omit unknowns rather than guessing.","Use PREP: keep Situation/Task short; expand Actions YOU took; Results honest (metric or qualitative); Technology only where necessary (STAR+T). End with polite branch offer. Only substitute facts you can verify; say VERIFY for numbers.","[degree_major]; [graduation_month_year]; [location_constraints]; [top_project_hook]; [one_metric_or_VERIFY]; [one_failure_learning]; [one_tool_you_can_define]; Do not use scripts to cheat on live assessments—practice and communication rehearsal only.","`Drill-down: quantify impact?`|`Who else was involved—what was uniquely yours?`|`What trade-off did you consciously accept?`","Fake KPIs/unverifiable prestige; blaming-only answers; jargon without definitions; unethical shortcuts presented as heroic; contradictory timelines; exaggerated titles; mocking users/teammates"
"IC-HR-0011","HR","HR screening: discuss handling repetitive work.","PREP + STAR snippet","[Point] Brief truthful headline for your situation. [Proof] One concrete artifact you owned. [Integrity] Mention VERIFY anywhere numbers aren't confirmed. [Close] Invite one thread. [Set 1] Replace bracket fields with truthful details; omit unknowns rather than guessing.","Use PREP + STAR snippet: keep Situation/Task short; expand Actions YOU took; Results honest (metric or qualitative); Technology only where necessary (STAR+T). End with polite branch offer. Only substitute facts you can verify; say VERIFY for numbers.","[degree_major]; [graduation_month_year]; [location_constraints]; [top_project_hook]; [one_metric_or_VERIFY]; [one_failure_learning]; [one_tool_you_can_define]; Do not use scripts to cheat on live assessments—practice and communication rehearsal only.","`Drill-down: quantify impact?`|`Who else was involved—what was uniquely yours?`|`What trade-off did you consciously accept?`","Fake KPIs/unverifiable prestige; blaming-only answers; jargon without definitions; unethical shortcuts presented as heroic; contradictory timelines; exaggerated titles; mocking users/teammates"
"IC-HR-0012","HR","values alignment honesty? Keep answer structured and truthful.","PREP lite","[Point] Brief truthful headline for your situation. [Proof] One concrete artifact you owned. [Integrity] Mention VERIFY anywhere numbers aren't confirmed. [Close] Invite one thread. [Set 2] Replace bracket fields with truthful details; omit unknowns rather than guessing.","Use PREP lite: keep Situation/Task short; expand Actions YOU took; Results honest (metric or qualitative); Technology only where necessary (STAR+T). End with polite branch offer. Only substitute facts you can verify; say VERIFY for numbers.","[degree_major]; [graduation_month_year]; [location_constraints]; [top_project_hook]; [one_metric_or_VERIFY]; [one_failure_learning]; [one_tool_you_can_define]; Do not use scripts to cheat on live assessments—practice and communication rehearsal only.","`Drill-down: quantify impact?`|`Who else was involved—what was uniquely yours?`|`What trade-off did you consciously accept?`","Fake KPIs/unverifiable prestige; blaming-only answers; jargon without definitions; unethical shortcuts presented as heroic; contradictory timelines; exaggerated titles; mocking users/teammates"
"IC-HR-0013","HR","HR screening: discuss confidentiality seriousness.","PREP","[Point] Brief truthful headline for your situation. [Proof] One concrete artifact you owned. [Integrity] Mention VERIFY anywhere numbers aren't confirmed. [Close] Invite one thread. [Set 3] Replace bracket fields with truthful details; omit unknowns rather than guessing.","Use PREP: keep Situation/Task short; expand Actions YOU took; Results honest (metric or qualitative); Technology only where necessary (STAR+T). End with polite branch offer. Only substitute facts you can verify; say VERIFY for numbers.","[degree_major]; [graduation_month_year]; [location_constraints]; [top_project_hook]; [one_metric_or_VERIFY]; [one_failure_learning]; [one_tool_you_can_define]; Do not use scripts to cheat on live assessments—practice and communication rehearsal only.","`Drill-down: quantify impact?`|`Who else was involved—what was uniquely yours?`|`What trade-off did you consciously accept?`","Fake KPIs/unverifiable prestige; blaming-only answers; jargon without definitions; unethical shortcuts presented as heroic; contradictory timelines; exaggerated titles; mocking users/teammates"
"IC-HR-0014","HR","integrity story light? Keep answer structured and truthful.","PREP + STAR snippet","[Point] Brief truthful headline for your situation. [Proof] One concrete artifact you owned. [Integrity] Mention VERIFY anywhere numbers aren't confirmed. [Close] Invite one thread. [Set 4] Replace bracket fields with truthful details; omit unknowns rather than guessing.","Use PREP + STAR snippet: keep Situation/Task short; expand Actions YOU took; Results honest (metric or qualitative); Technology only where necessary (STAR+T). End with polite branch offer. Only substitute facts you can verify; say VERIFY for numbers.","[degree_major]; [graduation_month_year]; [location_constraints]; [top_project_hook]; [one_metric_or_VERIFY]; [one_failure_learning]; [one_tool_you_can_define]; Do not use scripts to cheat on live assessments—practice and communication rehearsal only.","`Drill-down: quantify impact?`|`Who else was involved—what was uniquely yours?`|`What trade-off did you consciously accept?`","Fake KPIs/unverifiable prestige; blaming-only answers; jargon without definitions; unethical shortcuts presented as heroic; contradictory timelines; exaggerated titles; mocking users/teammates"
"IC-HR-0015","HR","HR screening: discuss handling criticism from manager hypothetical.","PREP lite","[Point] Brief truthful headline for your situation. [Proof] One concrete artifact you owned. [Integrity] Mention VERIFY anywhere numbers aren't confirmed. [Close] Invite one thread. [Set 5] Replace bracket fields with truthful details; omit unknowns rather than guessing.","Use PREP lite: keep Situation/Task short; expand Actions YOU took; Results honest (metric or qualitative); Technology only where necessary (STAR+T). End with polite branch offer. Only substitute facts you can verify; say VERIFY for numbers.","[degree_major]; [graduation_month_year]; [location_constraints]; [top_project_hook]; [one_metric_or_VERIFY]; [one_failure_learning]; [one_tool_you_can_define]; Do not use scripts to cheat on live assessments—practice and communication rehearsal only.","`Drill-down: quantify impact?`|`Who else was involved—what was uniquely yours?`|`What trade-off did you consciously accept?`","Fake KPIs/unverifiable prestige; blaming-only answers; jargon without definitions; unethical shortcuts presented as heroic; contradictory timelines; exaggerated titles; mocking users/teammates"
"IC-HR-0016","HR","remote vs onsite preference truth? Keep answer structured and truthful.","PREP","[Point] Brief truthful headline for your situation. [Proof] One concrete artifact you owned. [Integrity] Mention VERIFY anywhere numbers aren't confirmed. [Close] Invite one thread. [Set 1] Replace bracket fields with truthful details; omit unknowns rather than guessing.","Use PREP: keep Situation/Task short; expand Actions YOU took; Results honest (metric or qualitative); Technology only where necessary (STAR+T). End with polite branch offer. Only substitute facts you can verify; say VERIFY for numbers.","[degree_major]; [graduation_month_year]; [location_constraints]; [top_project_hook]; [one_metric_or_VERIFY]; [one_failure_learning]; [one_tool_you_can_define]; Do not use scripts to cheat on live assessments—practice and communication rehearsal only.","`Drill-down: quantify impact?`|`Who else was involved—what was uniquely yours?`|`What trade-off did you consciously accept?`","Fake KPIs/unverifiable prestige; blaming-only answers; jargon without definitions; unethical shortcuts presented as heroic; contradictory timelines; exaggerated titles; mocking users/teammates"
"IC-HR-0017","HR","HR screening: discuss shift timing truth.","PREP + STAR snippet","[Point] Brief truthful headline for your situation. [Proof] One concrete artifact you owned. [Integrity] Mention VERIFY anywhere numbers aren't confirmed. [Close] Invite one thread. [Set 2] Replace bracket fields with truthful details; omit unknowns rather than guessing.","Use PREP + STAR snippet: keep Situation/Task short; expand Actions YOU took; Results honest (metric or qualitative); Technology only where necessary (STAR+T). End with polite branch offer. Only substitute facts you can verify; say VERIFY for numbers.","[degree_major]; [graduation_month_year]; [location_constraints]; [top_project_hook]; [one_metric_or_VERIFY]; [one_failure_learning]; [one_tool_you_can_define]; Do not use scripts to cheat on live assessments—practice and communication rehearsal only.","`Drill-down: quantify impact?`|`Who else was involved—what was uniquely yours?`|`What trade-off did you consciously accept?`","Fake KPIs/unverifiable prestige; blaming-only answers; jargon without definitions; unethical shortcuts presented as heroic; contradictory timelines; exaggerated titles; mocking users/teammates"
"IC-HR-0018","HR","certifications truthful? Keep answer structured and truthful.","PREP lite","[Point] Brief truthful headline for your situation. [Proof] One concrete artifact you owned. [Integrity] Mention VERIFY anywhere numbers aren't confirmed. [Close] Invite one thread. [Set 3] Replace bracket fields with truthful details; omit unknowns rather than guessing.","Use PREP lite: keep Situation/Task short; expand Actions YOU took; Results honest (metric or qualitative); Technology only where necessary (STAR+T). End with polite branch offer. Only substitute facts you can verify; say VERIFY for numbers.","[degree_major]; [graduation_month_year]; [location_constraints]; [top_project_hook]; [one_metric_or_VERIFY]; [one_failure_learning]; [one_tool_you_can_define]; Do not use scripts to cheat on live assessments—practice and communication rehearsal only.","`Drill-down: quantify impact?`|`Who else was involved—what was uniquely yours?`|`What trade-off did you consciously accept?`","Fake KPIs/unverifiable prestige; blaming-only answers; jargon without definitions; unethical shortcuts presented as heroic; contradictory timelines; exaggerated titles; mocking users/teammates"
"IC-HR-0019","HR","HR screening: discuss extracurriculars honest.","PREP","[Point] Brief truthful headline for your situation. [Proof] One concrete artifact you owned. [Integrity] Mention VERIFY anywhere numbers aren't confirmed. [Close] Invite one thread. [Set 4] Replace bracket fields with truthful details; omit unknowns rather than guessing.","Use PREP: keep Situation/Task short; expand Actions YOU took; Results honest (metric or qualitative); Technology only where necessary (STAR+T). End with polite branch offer. Only substitute facts you can verify; say VERIFY for numbers.","[degree_major]; [graduation_month_year]; [location_constraints]; [top_project_hook]; [one_metric_or_VERIFY]; [one_failure_learning]; [one_tool_you_can_define]; Do not use scripts to cheat on live assessments—practice and communication rehearsal only.","`Drill-down: quantify impact?`|`Who else was involved—what was uniquely yours?`|`What trade-off did you consciously accept?`","Fake KPIs/unverifiable prestige; blaming-only answers; jargon without definitions; unethical shortcuts presented as heroic; contradictory timelines; exaggerated titles; mocking users/teammates"
"IC-HR-0020","HR","volunteering honest? Keep answer structured and truthful.","PREP + STAR snippet","[Point] Brief truthful headline for your situation. [Proof] One concrete artifact you owned. [Integrity] Mention VERIFY anywhere numbers aren't confirmed. [Close] Invite one thread. [Set 5] Replace bracket fields with truthful details; omit unknowns rather than guessing.","Use PREP + STAR snippet: keep Situation/Task short; expand Actions YOU took; Results honest (metric or qualitative); Technology only where necessary (STAR+T). End with polite branch offer. Only substitute facts you can verify; say VERIFY for numbers.","[degree_major]; [graduation_month_year]; [location_constraints]; [top_project_hook]; [one_metric_or_VERIFY]; [one_failure_learning]; [one_tool_you_can_define]; Do not use scripts to cheat on live assessments—practice and communication rehearsal only.","`Drill-down: quantify impact?`|`Who else was involved—what was uniquely yours?`|`What trade-off did you consciously accept?`","Fake KPIs/unverifiable prestige; blaming-only answers; jargon without definitions; unethical shortcuts presented as heroic; contradictory timelines; exaggerated titles; mocking users/teammates"
"IC-HR-0021","HR","HR screening: discuss discipline maintenance.","PREP lite","[Point] Brief truthful headline for your situation. [Proof] One concrete artifact you owned. [Integrity] Mention VERIFY anywhere numbers aren't confirmed. [Close] Invite one thread. [Set 1] Replace bracket fields with truthful details; omit unknowns rather than guessing.","Use PREP lite: keep Situation/Task short; expand Actions YOU took; Results honest (metric or qualitative); Technology only where necessary (STAR+T). End with polite branch offer. Only substitute facts you can verify; say VERIFY for numbers.","[degree_major]; [graduation_month_year]; [location_constraints]; [top_project_hook]; [one_metric_or_VERIFY]; [one_failure_learning]; [one_tool_you_can_define]; Do not use scripts to cheat on live assessments—practice and communication rehearsal only.","`Drill-down: quantify impact?`|`Who else was involved—what was uniquely yours?`|`What trade-off did you consciously accept?`","Fake KPIs/unverifiable prestige; blaming-only answers; jargon without definitions; unethical shortcuts presented as heroic; contradictory timelines; exaggerated titles; mocking users/teammates"
"IC-HR-0022","HR","what are you optimizing for next 12 months ethically? Keep answer structured and truthful.","PREP","[Point] Brief truthful headline for your situation. [Proof] One concrete artifact you owned. [Integrity] Mention VERIFY anywhere numbers aren't confirmed. [Close] Invite one thread. [Set 2] Replace bracket fields with truthful details; omit unknowns rather than guessing.","Use PREP: keep Situation/Task short; expand Actions YOU took; Results honest (metric or qualitative); Technology only where necessary (STAR+T). End with polite branch offer. Only substitute facts you can verify; say VERIFY for numbers.","[degree_major]; [graduation_month_year]; [location_constraints]; [top_project_hook]; [one_metric_or_VERIFY]; [one_failure_learning]; [one_tool_you_can_define]; Do not use scripts to cheat on live assessments—practice and communication rehearsal only.","`Drill-down: quantify impact?`|`Who else was involved—what was uniquely yours?`|`What trade-off did you consciously accept?`","Fake KPIs/unverifiable prestige; blaming-only answers; jargon without definitions; unethical shortcuts presented as heroic; contradictory timelines; exaggerated titles; mocking users/teammates"
"IC-HR-0023","HR","HR screening: discuss biggest lesson from college honest.","PREP + STAR snippet","[Point] Brief truthful headline for your situation. [Proof] One concrete artifact you owned. [Integrity] Mention VERIFY anywhere numbers aren't confirmed. [Close] Invite one thread. [Set 3] Replace bracket fields with truthful details; omit unknowns rather than guessing.","Use PREP + STAR snippet: keep Situation/Task short; expand Actions YOU took; Results honest (metric or qualitative); Technology only where necessary (STAR+T). End with polite branch offer. Only substitute facts you can verify; say VERIFY for numbers.","[degree_major]; [graduation_month_year]; [location_constraints]; [top_project_hook]; [one_metric_or_VERIFY]; [one_failure_learning]; [one_tool_you_can_define]; Do not use scripts to cheat on live assessments—practice and communication rehearsal only.","`Drill-down: quantify impact?`|`Who else was involved—what was uniquely yours?`|`What trade-off did you consciously accept?`","Fake KPIs/unverifiable prestige; blaming-only answers; jargon without definitions; unethical shortcuts presented as heroic; contradictory timelines; exaggerated titles; mocking users/teammates"
"IC-HR-0024","HR","what kind of mentor you want? Keep answer structured and truthful.","PREP lite","[Point] Brief truthful headline for your situation. [Proof] One concrete artifact you owned. [Integrity] Mention VERIFY anywhere numbers aren't confirmed. [Close] Invite one thread. [Set 4] Replace bracket fields with truthful details; omit unknowns rather than guessing.","Use PREP lite: keep Situation/Task short; expand Actions YOU took; Results honest (metric or qualitative); Technology only where necessary (STAR+T). End with polite branch offer. Only substitute facts you can verify; say VERIFY for numbers.","[degree_major]; [graduation_month_year]; [location_constraints]; [top_project_hook]; [one_metric_or_VERIFY]; [one_failure_learning]; [one_tool_you_can_define]; Do not use scripts to cheat on live assessments—practice and communication rehearsal only.","`Drill-down: quantify impact?`|`Who else was involved—what was uniquely yours?`|`What trade-off did you consciously accept?`","Fake KPIs/unverifiable prestige; blaming-only answers; jargon without definitions; unethical shortcuts presented as heroic; contradictory timelines; exaggerated titles; mocking users/teammates"
"IC-HR-0025","HR","HR screening: discuss how you handle ambiguity.","PREP","[Point] Brief truthful headline for your situation. [Proof] One concrete artifact you owned. [Integrity] Mention VERIFY anywhere numbers aren't confirmed. [Close] Invite one thread. [Set 5] Replace bracket fields with truthful details; omit unknowns rather than guessing.","Use PREP: keep Situation/Task short; expand Actions YOU took; Results honest (metric or qualitative); Technology only where necessary (STAR+T). End with polite branch offer. Only substitute facts you can verify; say VERIFY for numbers.","[degree_major]; [graduation_month_year]; [location_constraints]; [top_project_hook]; [one_metric_or_VERIFY]; [one_failure_learning]; [one_tool_you_can_define]; Do not use scripts to cheat on live assessments—practice and communication rehearsal only.","`Drill-down: quantify impact?`|`Who else was involved—what was uniquely yours?`|`What trade-off did you consciously accept?`","Fake KPIs/unverifiable prestige; blaming-only answers; jargon without definitions; unethical shortcuts presented as heroic; contradictory timelines; exaggerated titles; mocking users/teammates"
"IC-HR-0026","HR","how you prioritize health during exams honestly? Keep answer structured and truthful.","PREP + STAR snippet","[Point] Brief truthful headline for your situation. [Proof] One concrete artifact you owned. [Integrity] Mention VERIFY anywhere numbers aren't confirmed. [Close] Invite one thread. [Set 1] Replace bracket fields with truthful details; omit unknowns rather than guessing.","Use PREP + STAR snippet: keep Situation/Task short; expand Actions YOU took; Results honest (metric or qualitative); Technology only where necessary (STAR+T). End with polite branch offer. Only substitute facts you can verify; say VERIFY for numbers.","[degree_major]; [graduation_month_year]; [location_constraints]; [top_project_hook]; [one_metric_or_VERIFY]; [one_failure_learning]; [one_tool_you_can_define]; Do not use scripts to cheat on live assessments—practice and communication rehearsal only.","`Drill-down: quantify impact?`|`Who else was involved—what was uniquely yours?`|`What trade-off did you consciously accept?`","Fake KPIs/unverifiable prestige; blaming-only answers; jargon without definitions; unethical shortcuts presented as heroic; contradictory timelines; exaggerated titles; mocking users/teammates"
"IC-HR-0027","HR","HR screening: discuss how you learn ethically.","PREP lite","[Point] Brief truthful headline for your situation. [Proof] One concrete artifact you owned. [Integrity] Mention VERIFY anywhere numbers aren't confirmed. [Close] Invite one thread. [Set 2] Replace bracket fields with truthful details; omit unknowns rather than guessing.","Use PREP lite: keep Situation/Task short; expand Actions YOU took; Results honest (metric or qualitative); Technology only where necessary (STAR+T). End with polite branch offer. Only substitute facts you can verify; say VERIFY for numbers.","[degree_major]; [graduation_month_year]; [location_constraints]; [top_project_hook]; [one_metric_or_VERIFY]; [one_failure_learning]; [one_tool_you_can_define]; Do not use scripts to cheat on live assessments—practice and communication rehearsal only.","`Drill-down: quantify impact?`|`Who else was involved—what was uniquely yours?`|`What trade-off did you consciously accept?`","Fake KPIs/unverifiable prestige; blaming-only answers; jargon without definitions; unethical shortcuts presented as heroic; contradictory timelines; exaggerated titles; mocking users/teammates"
"IC-HR-0028","HR","how you disagree respectfully hypothetical? Keep answer structured and truthful.","PREP","[Point] Brief truthful headline for your situation. [Proof] One concrete artifact you owned. [Integrity] Mention VERIFY anywhere numbers aren't confirmed. [Close] Invite one thread. [Set 3] Replace bracket fields with truthful details; omit unknowns rather than guessing.","Use PREP: keep Situation/Task short; expand Actions YOU took; Results honest (metric or qualitative); Technology only where necessary (STAR+T). End with polite branch offer. Only substitute facts you can verify; say VERIFY for numbers.","[degree_major]; [graduation_month_year]; [location_constraints]; [top_project_hook]; [one_metric_or_VERIFY]; [one_failure_learning]; [one_tool_you_can_define]; Do not use scripts to cheat on live assessments—practice and communication rehearsal only.","`Drill-down: quantify impact?`|`Who else was involved—what was uniquely yours?`|`What trade-off did you consciously accept?`","Fake KPIs/unverifiable prestige; blaming-only answers; jargon without definitions; unethical shortcuts presented as heroic; contradictory timelines; exaggerated titles; mocking users/teammates"
"IC-HR-0029","HR","HR screening: discuss boundaries vs overwork unethical expectations.","PREP + STAR snippet","[Point] Brief truthful headline for your situation. [Proof] One concrete artifact you owned. [Integrity] Mention VERIFY anywhere numbers aren't confirmed. [Close] Invite one thread. [Set 4] Replace bracket fields with truthful details; omit unknowns rather than guessing.","Use PREP + STAR snippet: keep Situation/Task short; expand Actions YOU took; Results honest (metric or qualitative); Technology only where necessary (STAR+T). End with polite branch offer. Only substitute facts you can verify; say VERIFY for numbers.","[degree_major]; [graduation_month_year]; [location_constraints]; [top_project_hook]; [one_metric_or_VERIFY]; [one_failure_learning]; [one_tool_you_can_define]; Do not use scripts to cheat on live assessments—practice and communication rehearsal only.","`Drill-down: quantify impact?`|`Who else was involved—what was uniquely yours?`|`What trade-off did you consciously accept?`","Fake KPIs/unverifiable prestige; blaming-only answers; jargon without definitions; unethical shortcuts presented as heroic; contradictory timelines; exaggerated titles; mocking users/teammates"
"IC-HR-0030","HR","handling jealousy comparison trap? Keep answer structured and truthful.","PREP lite","[Point] Brief truthful headline for your situation. [Proof] One concrete artifact you owned. [Integrity] Mention VERIFY anywhere numbers aren't confirmed. [Close] Invite one thread. [Set 5] Replace bracket fields with truthful details; omit unknowns rather than guessing.","Use PREP lite: keep Situation/Task short; expand Actions YOU took; Results honest (metric or qualitative); Technology only where necessary (STAR+T). End with polite branch offer. Only substitute facts you can verify; say VERIFY for numbers.","[degree_major]; [graduation_month_year]; [location_constraints]; [top_project_hook]; [one_metric_or_VERIFY]; [one_failure_learning]; [one_tool_you_can_define]; Do not use scripts to cheat on live assessments—practice and communication rehearsal only.","`Drill-down: quantify impact?`|`Who else was involved—what was uniquely yours?`|`What trade-off did you consciously accept?`","Fake KPIs/unverifiable prestige; blaming-only answers; jargon without definitions; unethical shortcuts presented as heroic; contradictory timelines; exaggerated titles; mocking users/teammates"
"IC-HR-0031","HR","HR screening: discuss handling embarrassment after mistake.","PREP","[Point] Brief truthful headline for your situation. [Proof] One concrete artifact you owned. [Integrity] Mention VERIFY anywhere numbers aren't confirmed. [Close] Invite one thread. [Set 1] Replace bracket fields with truthful details; omit unknowns rather than guessing.","Use PREP: keep Situation/Task short; expand Actions YOU took; Results honest (metric or qualitative); Technology only where necessary (STAR+T). End with polite branch offer. Only substitute facts you can verify; say VERIFY for numbers.","[degree_major]; [graduation_month_year]; [location_constraints]; [top_project_hook]; [one_metric_or_VERIFY]; [one_failure_learning]; [one_tool_you_can_define]; Do not use scripts to cheat on live assessments—practice and communication rehearsal only.","`Drill-down: quantify impact?`|`Who else was involved—what was uniquely yours?`|`What trade-off did you consciously accept?`","Fake KPIs/unverifiable prestige; blaming-only answers; jargon without definitions; unethical shortcuts presented as heroic; contradictory timelines; exaggerated titles; mocking users/teammates"
"IC-HR-0032","HR","handling multilingual workplace basics? Keep answer structured and truthful.","PREP + STAR snippet","[Point] Brief truthful headline for your situation. [Proof] One concrete artifact you owned. [Integrity] Mention VERIFY anywhere numbers aren't confirmed. [Close] Invite one thread. [Set 2] Replace bracket fields with truthful details; omit unknowns rather than guessing.","Use PREP + STAR snippet: keep Situation/Task short; expand Actions YOU took; Results honest (metric or qualitative); Technology only where necessary (STAR+T). End with polite branch offer. Only substitute facts you can verify; say VERIFY for numbers.","[degree_major]; [graduation_month_year]; [location_constraints]; [top_project_hook]; [one_metric_or_VERIFY]; [one_failure_learning]; [one_tool_you_can_define]; Do not use scripts to cheat on live assessments—practice and communication rehearsal only.","`Drill-down: quantify impact?`|`Who else was involved—what was uniquely yours?`|`What trade-off did you consciously accept?`","Fake KPIs/unverifiable prestige; blaming-only answers; jargon without definitions; unethical shortcuts presented as heroic; contradictory timelines; exaggerated titles; mocking users/teammates"
"IC-HR-0033","HR","HR screening: discuss handling constructive feedback academically.","PREP lite","[Point] Brief truthful headline for your situation. [Proof] One concrete artifact you owned. [Integrity] Mention VERIFY anywhere numbers aren't confirmed. [Close] Invite one thread. [Set 3] Replace bracket fields with truthful details; omit unknowns rather than guessing.","Use PREP lite: keep Situation/Task short; expand Actions YOU took; Results honest (metric or qualitative); Technology only where necessary (STAR+T). End with polite branch offer. Only substitute facts you can verify; say VERIFY for numbers.","[degree_major]; [graduation_month_year]; [location_constraints]; [top_project_hook]; [one_metric_or_VERIFY]; [one_failure_learning]; [one_tool_you_can_define]; Do not use scripts to cheat on live assessments—practice and communication rehearsal only.","`Drill-down: quantify impact?`|`Who else was involved—what was uniquely yours?`|`What trade-off did you consciously accept?`","Fake KPIs/unverifiable prestige; blaming-only answers; jargon without definitions; unethical shortcuts presented as heroic; contradictory timelines; exaggerated titles; mocking users/teammates"
"IC-HR-0034","HR","handling plagiarism temptation ethically refusal? Keep answer structured and truthful.","PREP","[Point] Brief truthful headline for your situation. [Proof] One concrete artifact you owned. [Integrity] Mention VERIFY anywhere numbers aren't confirmed. [Close] Invite one thread. [Set 4] Replace bracket fields with truthful details; omit unknowns rather than guessing.","Use PREP: keep Situation/Task short; expand Actions YOU took; Results honest (metric or qualitative); Technology only where necessary (STAR+T). End with polite branch offer. Only substitute facts you can verify; say VERIFY for numbers.","[degree_major]; [graduation_month_year]; [location_constraints]; [top_project_hook]; [one_metric_or_VERIFY]; [one_failure_learning]; [one_tool_you_can_define]; Do not use scripts to cheat on live assessments—practice and communication rehearsal only.","`Drill-down: quantify impact?`|`Who else was involved—what was uniquely yours?`|`What trade-off did you consciously accept?`","Fake KPIs/unverifiable prestige; blaming-only answers; jargon without definitions; unethical shortcuts presented as heroic; contradictory timelines; exaggerated titles; mocking users/teammates"
"IC-HR-0035","HR","HR screening: discuss handling burnout signs responsibly.","PREP + STAR snippet","[Point] Brief truthful headline for your situation. [Proof] One concrete artifact you owned. [Integrity] Mention VERIFY anywhere numbers aren't confirmed. [Close] Invite one thread. [Set 5] Replace bracket fields with truthful details; omit unknowns rather than guessing.","Use PREP + STAR snippet: keep Situation/Task short; expand Actions YOU took; Results honest (metric or qualitative); Technology only where necessary (STAR+T). End with polite branch offer. Only substitute facts you can verify; say VERIFY for numbers.","[degree_major]; [graduation_month_year]; [location_constraints]; [top_project_hook]; [one_metric_or_VERIFY]; [one_failure_learning]; [one_tool_you_can_define]; Do not use scripts to cheat on live assessments—practice and communication rehearsal only.","`Drill-down: quantify impact?`|`Who else was involved—what was uniquely yours?`|`What trade-off did you consciously accept?`","Fake KPIs/unverifiable prestige; blaming-only answers; jargon without definitions; unethical shortcuts presented as heroic; contradictory timelines; exaggerated titles; mocking users/teammates"
"IC-HR-0036","HR","handling loneliness during prep? Keep answer structured and truthful.","PREP lite","[Point] Brief truthful headline for your situation. [Proof] One concrete artifact you owned. [Integrity] Mention VERIFY anywhere numbers aren't confirmed. [Close] Invite one thread. [Set 1] Replace bracket fields with truthful details; omit unknowns rather than guessing.","Use PREP lite: keep Situation/Task short; expand Actions YOU took; Results honest (metric or qualitative); Technology only where necessary (STAR+T). End with polite branch offer. Only substitute facts you can verify; say VERIFY for numbers.","[degree_major]; [graduation_month_year]; [location_constraints]; [top_project_hook]; [one_metric_or_VERIFY]; [one_failure_learning]; [one_tool_you_can_define]; Do not use scripts to cheat on live assessments—practice and communication rehearsal only.","`Drill-down: quantify impact?`|`Who else was involved—what was uniquely yours?`|`What trade-off did you consciously accept?`","Fake KPIs/unverifiable prestige; blaming-only answers; jargon without definitions; unethical shortcuts presented as heroic; contradictory timelines; exaggerated titles; mocking users/teammates"
"IC-HR-0037","HR","HR screening: discuss handling teamwork credit ethics.","PREP","[Point] Brief truthful headline for your situation. [Proof] One concrete artifact you owned. [Integrity] Mention VERIFY anywhere numbers aren't confirmed. [Close] Invite one thread. [Set 2] Replace bracket fields with truthful details; omit unknowns rather than guessing.","Use PREP: keep Situation/Task short; expand Actions YOU took; Results honest (metric or qualitative); Technology only where necessary (STAR+T). End with polite branch offer. Only substitute facts you can verify; say VERIFY for numbers.","[degree_major]; [graduation_month_year]; [location_constraints]; [top_project_hook]; [one_metric_or_VERIFY]; [one_failure_learning]; [one_tool_you_can_define]; Do not use scripts to cheat on live assessments—practice and communication rehearsal only.","`Drill-down: quantify impact?`|`Who else was involved—what was uniquely yours?`|`What trade-off did you consciously accept?`","Fake KPIs/unverifiable prestige; blaming-only answers; jargon without definitions; unethical shortcuts presented as heroic; contradictory timelines; exaggerated titles; mocking users/teammates"
"IC-HR-0038","HR","handling secrecy around offers honesty? Keep answer structured and truthful.","PREP + STAR snippet","[Point] Brief truthful headline for your situation. [Proof] One concrete artifact you owned. [Integrity] Mention VERIFY anywhere numbers aren't confirmed. [Close] Invite one thread. [Set 3] Replace bracket fields with truthful details; omit unknowns rather than guessing.","Use PREP + STAR snippet: keep Situation/Task short; expand Actions YOU took; Results honest (metric or qualitative); Technology only where necessary (STAR+T). End with polite branch offer. Only substitute facts you can verify; say VERIFY for numbers.","[degree_major]; [graduation_month_year]; [location_constraints]; [top_project_hook]; [one_metric_or_VERIFY]; [one_failure_learning]; [one_tool_you_can_define]; Do not use scripts to cheat on live assessments—practice and communication rehearsal only.","`Drill-down: quantify impact?`|`Who else was involved—what was uniquely yours?`|`What trade-off did you consciously accept?`","Fake KPIs/unverifiable prestige; blaming-only answers; jargon without definitions; unethical shortcuts presented as heroic; contradictory timelines; exaggerated titles; mocking users/teammates"
"IC-HR-0039","HR","HR screening: discuss handling conflicting advice from seniors.","PREP lite","[Point] Brief truthful headline for your situation. [Proof] One concrete artifact you owned. [Integrity] Mention VERIFY anywhere numbers aren't confirmed. [Close] Invite one thread. [Set 4] Replace bracket fields with truthful details; omit unknowns rather than guessing.","Use PREP lite: keep Situation/Task short; expand Actions YOU took; Results honest (metric or qualitative); Technology only where necessary (STAR+T). End with polite branch offer. Only substitute facts you can verify; say VERIFY for numbers.","[degree_major]; [graduation_month_year]; [location_constraints]; [top_project_hook]; [one_metric_or_VERIFY]; [one_failure_learning]; [one_tool_you_can_define]; Do not use scripts to cheat on live assessments—practice and communication rehearsal only.","`Drill-down: quantify impact?`|`Who else was involved—what was uniquely yours?`|`What trade-off did you consciously accept?`","Fake KPIs/unverifiable prestige; blaming-only answers; jargon without definitions; unethical shortcuts presented as heroic; contradictory timelines; exaggerated titles; mocking users/teammates"
"IC-HR-0040","HR","why long term interest field honest? Keep answer structured and truthful.","PREP","[Point] Brief truthful headline for your situation. [Proof] One concrete artifact you owned. [Integrity] Mention VERIFY anywhere numbers aren't confirmed. [Close] Invite one thread. [Set 5] Replace bracket fields with truthful details; omit unknowns rather than guessing.","Use PREP: keep Situation/Task short; expand Actions YOU took; Results honest (metric or qualitative); Technology only where necessary (STAR+T). End with polite branch offer. Only substitute facts you can verify; say VERIFY for numbers.","[degree_major]; [graduation_month_year]; [location_constraints]; [top_project_hook]; [one_metric_or_VERIFY]; [one_failure_learning]; [one_tool_you_can_define]; Do not use scripts to cheat on live assessments—practice and communication rehearsal only.","`Drill-down: quantify impact?`|`Who else was involved—what was uniquely yours?`|`What trade-off did you consciously accept?`","Fake KPIs/unverifiable prestige; blaming-only answers; jargon without definitions; unethical shortcuts presented as heroic; contradictory timelines; exaggerated titles; mocking users/teammates"
"IC-HR-0041","HR","HR screening: discuss what you read/watch to learn truthful.","PREP + STAR snippet","[Point] Brief truthful headline for your situation. [Proof] One concrete artifact you owned. [Integrity] Mention VERIFY anywhere numbers aren't confirmed. [Close] Invite one thread. [Set 1] Replace bracket fields with truthful details; omit unknowns rather than guessing.","Use PREP + STAR snippet: keep Situation/Task short; expand Actions YOU took; Results honest (metric or qualitative); Technology only where necessary (STAR+T). End with polite branch offer. Only substitute facts you can verify; say VERIFY for numbers.","[degree_major]; [graduation_month_year]; [location_constraints]; [top_project_hook]; [one_metric_or_VERIFY]; [one_failure_learning]; [one_tool_you_can_define]; Do not use scripts to cheat on live assessments—practice and communication rehearsal only.","`Drill-down: quantify impact?`|`Who else was involved—what was uniquely yours?`|`What trade-off did you consciously accept?`","Fake KPIs/unverifiable prestige; blaming-only answers; jargon without definitions; unethical shortcuts presented as heroic; contradictory timelines; exaggerated titles; mocking users/teammates"
"IC-HR-0042","HR","what you avoid dishonesty about? Keep answer structured and truthful.","PREP lite","[Point] Brief truthful headline for your situation. [Proof] One concrete artifact you owned. [Integrity] Mention VERIFY anywhere numbers aren't confirmed. [Close] Invite one thread. [Set 2] Replace bracket fields with truthful details; omit unknowns rather than guessing.","Use PREP lite: keep Situation/Task short; expand Actions YOU took; Results honest (metric or qualitative); Technology only where necessary (STAR+T). End with polite branch offer. Only substitute facts you can verify; say VERIFY for numbers.","[degree_major]; [graduation_month_year]; [location_constraints]; [top_project_hook]; [one_metric_or_VERIFY]; [one_failure_learning]; [one_tool_you_can_define]; Do not use scripts to cheat on live assessments—practice and communication rehearsal only.","`Drill-down: quantify impact?`|`Who else was involved—what was uniquely yours?`|`What trade-off did you consciously accept?`","Fake KPIs/unverifiable prestige; blaming-only answers; jargon without definitions; unethical shortcuts presented as heroic; contradictory timelines; exaggerated titles; mocking users/teammates"
"IC-HR-0043","HR","HR screening: discuss what success means for you ethically humble.","PREP","[Point] Brief truthful headline for your situation. [Proof] One concrete artifact you owned. [Integrity] Mention VERIFY anywhere numbers aren't confirmed. [Close] Invite one thread. [Set 3] Replace bracket fields with truthful details; omit unknowns rather than guessing.","Use PREP: keep Situation/Task short; expand Actions YOU took; Results honest (metric or qualitative); Technology only where necessary (STAR+T). End with polite branch offer. Only substitute facts you can verify; say VERIFY for numbers.","[degree_major]; [graduation_month_year]; [location_constraints]; [top_project_hook]; [one_metric_or_VERIFY]; [one_failure_learning]; [one_tool_you_can_define]; Do not use scripts to cheat on live assessments—practice and communication rehearsal only.","`Drill-down: quantify impact?`|`Who else was involved—what was uniquely yours?`|`What trade-off did you consciously accept?`","Fake KPIs/unverifiable prestige; blaming-only answers; jargon without definitions; unethical shortcuts presented as heroic; contradictory timelines; exaggerated titles; mocking users/teammates"
"IC-HR-0044","HR","what failure taught you ethically? Keep answer structured and truthful.","PREP + STAR snippet","[Point] Brief truthful headline for your situation. [Proof] One concrete artifact you owned. [Integrity] Mention VERIFY anywhere numbers aren't confirmed. [Close] Invite one thread. [Set 4] Replace bracket fields with truthful details; omit unknowns rather than guessing.","Use PREP + STAR snippet: keep Situation/Task short; expand Actions YOU took; Results honest (metric or qualitative); Technology only where necessary (STAR+T). End with polite branch offer. Only substitute facts you can verify; say VERIFY for numbers.","[degree_major]; [graduation_month_year]; [location_constraints]; [top_project_hook]; [one_metric_or_VERIFY]; [one_failure_learning]; [one_tool_you_can_define]; Do not use scripts to cheat on live assessments—practice and communication rehearsal only.","`Drill-down: quantify impact?`|`Who else was involved—what was uniquely yours?`|`What trade-off did you consciously accept?`","Fake KPIs/unverifiable prestige; blaming-only answers; jargon without definitions; unethical shortcuts presented as heroic; contradictory timelines; exaggerated titles; mocking users/teammates"
"IC-HR-0045","HR","HR screening: discuss what would coworkers say ethically.","PREP lite","[Point] Brief truthful headline for your situation. [Proof] One concrete artifact you owned. [Integrity] Mention VERIFY anywhere numbers aren't confirmed. [Close] Invite one thread. [Set 5] Replace bracket fields with truthful details; omit unknowns rather than guessing.","Use PREP lite: keep Situation/Task short; expand Actions YOU took; Results honest (metric or qualitative); Technology only where necessary (STAR+T). End with polite branch offer. Only substitute facts you can verify; say VERIFY for numbers.","[degree_major]; [graduation_month_year]; [location_constraints]; [top_project_hook]; [one_metric_or_VERIFY]; [one_failure_learning]; [one_tool_you_can_define]; Do not use scripts to cheat on live assessments—practice and communication rehearsal only.","`Drill-down: quantify impact?`|`Who else was involved—what was uniquely yours?`|`What trade-off did you consciously accept?`","Fake KPIs/unverifiable prestige; blaming-only answers; jargon without definitions; unethical shortcuts presented as heroic; contradictory timelines; exaggerated titles; mocking users/teammates"
"IC-HR-0046","HR","what would supervisors say ethically? Keep answer structured and truthful.","PREP","[Point] Brief truthful headline for your situation. [Proof] One concrete artifact you owned. [Integrity] Mention VERIFY anywhere numbers aren't confirmed. [Close] Invite one thread. [Set 1] Replace bracket fields with truthful details; omit unknowns rather than guessing.","Use PREP: keep Situation/Task short; expand Actions YOU took; Results honest (metric or qualitative); Technology only where necessary (STAR+T). End with polite branch offer. Only substitute facts you can verify; say VERIFY for numbers.","[degree_major]; [graduation_month_year]; [location_constraints]; [top_project_hook]; [one_metric_or_VERIFY]; [one_failure_learning]; [one_tool_you_can_define]; Do not use scripts to cheat on live assessments—practice and communication rehearsal only.","`Drill-down: quantify impact?`|`Who else was involved—what was uniquely yours?`|`What trade-off did you consciously accept?`","Fake KPIs/unverifiable prestige; blaming-only answers; jargon without definitions; unethical shortcuts presented as heroic; contradictory timelines; exaggerated titles; mocking users/teammates"
"IC-HR-0047","HR","HR screening: discuss what would juniors say ethically.","PREP + STAR snippet","[Point] Brief truthful headline for your situation. [Proof] One concrete artifact you owned. [Integrity] Mention VERIFY anywhere numbers aren't confirmed. [Close] Invite one thread. [Set 2] Replace bracket fields with truthful details; omit unknowns rather than guessing.","Use PREP + STAR snippet: keep Situation/Task short; expand Actions YOU took; Results honest (metric or qualitative); Technology only where necessary (STAR+T). End with polite branch offer. Only substitute facts you can verify; say VERIFY for numbers.","[degree_major]; [graduation_month_year]; [location_constraints]; [top_project_hook]; [one_metric_or_VERIFY]; [one_failure_learning]; [one_tool_you_can_define]; Do not use scripts to cheat on live assessments—practice and communication rehearsal only.","`Drill-down: quantify impact?`|`Who else was involved—what was uniquely yours?`|`What trade-off did you consciously accept?`","Fake KPIs/unverifiable prestige; blaming-only answers; jargon without definitions; unethical shortcuts presented as heroic; contradictory timelines; exaggerated titles; mocking users/teammates"
"IC-HR-0048","HR","what would classmates say ethically? Keep answer structured and truthful.","PREP lite","[Point] Brief truthful headline for your situation. [Proof] One concrete artifact you owned. [Integrity] Mention VERIFY anywhere numbers aren't confirmed. [Close] Invite one thread. [Set 3] Replace bracket fields with truthful details; omit unknowns rather than guessing.","Use PREP lite: keep Situation/Task short; expand Actions YOU took; Results honest (metric or qualitative); Technology only where necessary (STAR+T). End with polite branch offer. Only substitute facts you can verify; say VERIFY for numbers.","[degree_major]; [graduation_month_year]; [location_constraints]; [top_project_hook]; [one_metric_or_VERIFY]; [one_failure_learning]; [one_tool_you_can_define]; Do not use scripts to cheat on live assessments—practice and communication rehearsal only.","`Drill-down: quantify impact?`|`Who else was involved—what was uniquely yours?`|`What trade-off did you consciously accept?`","Fake KPIs/unverifiable prestige; blaming-only answers; jargon without definitions; unethical shortcuts presented as heroic; contradictory timelines; exaggerated titles; mocking users/teammates"
"IC-HR-0049","HR","HR screening: discuss what would collaborators say ethically.","PREP","[Point] Brief truthful headline for your situation. [Proof] One concrete artifact you owned. [Integrity] Mention VERIFY anywhere numbers aren't confirmed. [Close] Invite one thread. [Set 4] Replace bracket fields with truthful details; omit unknowns rather than guessing.","Use PREP: keep Situation/Task short; expand Actions YOU took; Results honest (metric or qualitative); Technology only where necessary (STAR+T). End with polite branch offer. Only substitute facts you can verify; say VERIFY for numbers.","[degree_major]; [graduation_month_year]; [location_constraints]; [top_project_hook]; [one_metric_or_VERIFY]; [one_failure_learning]; [one_tool_you_can_define]; Do not use scripts to cheat on live assessments—practice and communication rehearsal only.","`Drill-down: quantify impact?`|`Who else was involved—what was uniquely yours?`|`What trade-off did you consciously accept?`","Fake KPIs/unverifiable prestige; blaming-only answers; jargon without definitions; unethical shortcuts presented as heroic; contradictory timelines; exaggerated titles; mocking users/teammates"
"IC-HR-0050","HR","what would reviewers say ethically? Keep answer structured and truthful.","PREP + STAR snippet","[Point] Brief truthful headline for your situation. [Proof] One concrete artifact you owned. [Integrity] Mention VERIFY anywhere numbers aren't confirmed. [Close] Invite one thread. [Set 5] Replace bracket fields with truthful details; omit unknowns rather than guessing.","Use PREP + STAR snippet: keep Situation/Task short; expand Actions YOU took; Results honest (metric or qualitative); Technology only where necessary (STAR+T). End with polite branch offer. Only substitute facts you can verify; say VERIFY for numbers.","[degree_major]; [graduation_month_year]; [location_constraints]; [top_project_hook]; [one_metric_or_VERIFY]; [one_failure_learning]; [one_tool_you_can_define]; Do not use scripts to cheat on live assessments—practice and communication rehearsal only.","`Drill-down: quantify impact?`|`Who else was involved—what was uniquely yours?`|`What trade-off did you consciously accept?`","Fake KPIs/unverifiable prestige; blaming-only answers; jargon without definitions; unethical shortcuts presented as heroic; contradictory timelines; exaggerated titles; mocking users/teammates"
"IC-HR-0051","HR","HR screening: discuss preferred team size truthful.","PREP lite","[Point] Brief truthful headline for your situation. [Proof] One concrete artifact you owned. [Integrity] Mention VERIFY anywhere numbers aren't confirmed. [Close] Invite one thread. [Set 1] Replace bracket fields with truthful details; omit unknowns rather than guessing.","Use PREP lite: keep Situation/Task short; expand Actions YOU took; Results honest (metric or qualitative); Technology only where necessary (STAR+T). End with polite branch offer. Only substitute facts you can verify; say VERIFY for numbers.","[degree_major]; [graduation_month_year]; [location_constraints]; [top_project_hook]; [one_metric_or_VERIFY]; [one_failure_learning]; [one_tool_you_can_define]; Do not use scripts to cheat on live assessments—practice and communication rehearsal only.","`Drill-down: quantify impact?`|`Who else was involved—what was uniquely yours?`|`What trade-off did you consciously accept?`","Fake KPIs/unverifiable prestige; blaming-only answers; jargon without definitions; unethical shortcuts presented as heroic; contradictory timelines; exaggerated titles; mocking users/teammates"
"IC-HR-0052","HR","preferred stack honesty? Keep answer structured and truthful.","PREP","[Point] Brief truthful headline for your situation. [Proof] One concrete artifact you owned. [Integrity] Mention VERIFY anywhere numbers aren't confirmed. [Close] Invite one thread. [Set 2] Replace bracket fields with truthful details; omit unknowns rather than guessing.","Use PREP: keep Situation/Task short; expand Actions YOU took; Results honest (metric or qualitative); Technology only where necessary (STAR+T). End with polite branch offer. Only substitute facts you can verify; say VERIFY for numbers.","[degree_major]; [graduation_month_year]; [location_constraints]; [top_project_hook]; [one_metric_or_VERIFY]; [one_failure_learning]; [one_tool_you_can_define]; Do not use scripts to cheat on live assessments—practice and communication rehearsal only.","`Drill-down: quantify impact?`|`Who else was involved—what was uniquely yours?`|`What trade-off did you consciously accept?`","Fake KPIs/unverifiable prestige; blaming-only answers; jargon without definitions; unethical shortcuts presented as heroic; contradictory timelines; exaggerated titles; mocking users/teammates"
"IC-HR-0053","HR","HR screening: discuss preferred learning style truthful.","PREP + STAR snippet","[Point] Brief truthful headline for your situation. [Proof] One concrete artifact you owned. [Integrity] Mention VERIFY anywhere numbers aren't confirmed. [Close] Invite one thread. [Set 3] Replace bracket fields with truthful details; omit unknowns rather than guessing.","Use PREP + STAR snippet: keep Situation/Task short; expand Actions YOU took; Results honest (metric or qualitative); Technology only where necessary (STAR+T). End with polite branch offer. Only substitute facts you can verify; say VERIFY for numbers.","[degree_major]; [graduation_month_year]; [location_constraints]; [top_project_hook]; [one_metric_or_VERIFY]; [one_failure_learning]; [one_tool_you_can_define]; Do not use scripts to cheat on live assessments—practice and communication rehearsal only.","`Drill-down: quantify impact?`|`Who else was involved—what was uniquely yours?`|`What trade-off did you consciously accept?`","Fake KPIs/unverifiable prestige; blaming-only answers; jargon without definitions; unethical shortcuts presented as heroic; contradictory timelines; exaggerated titles; mocking users/teammates"
"IC-HR-0054","HR","preferred feedback frequency truthful? Keep answer structured and truthful.","PREP lite","[Point] Brief truthful headline for your situation. [Proof] One concrete artifact you owned. [Integrity] Mention VERIFY anywhere numbers aren't confirmed. [Close] Invite one thread. [Set 4] Replace bracket fields with truthful details; omit unknowns rather than guessing.","Use PREP lite: keep Situation/Task short; expand Actions YOU took; Results honest (metric or qualitative); Technology only where necessary (STAR+T). End with polite branch offer. Only substitute facts you can verify; say VERIFY for numbers.","[degree_major]; [graduation_month_year]; [location_constraints]; [top_project_hook]; [one_metric_or_VERIFY]; [one_failure_learning]; [one_tool_you_can_define]; Do not use scripts to cheat on live assessments—practice and communication rehearsal only.","`Drill-down: quantify impact?`|`Who else was involved—what was uniquely yours?`|`What trade-off did you consciously accept?`","Fake KPIs/unverifiable prestige; blaming-only answers; jargon without definitions; unethical shortcuts presented as heroic; contradictory timelines; exaggerated titles; mocking users/teammates"
"IC-HR-0055","HR","HR screening: discuss why this company role.","PREP","[Point] Brief truthful headline for your situation. [Proof] One concrete artifact you owned. [Integrity] Mention VERIFY anywhere numbers aren't confirmed. [Close] Invite one thread. [Set 5] Replace bracket fields with truthful details; omit unknowns rather than guessing.","Use PREP: keep Situation/Task short; expand Actions YOU took; Results honest (metric or qualitative); Technology only where necessary (STAR+T). End with polite branch offer. Only substitute facts you can verify; say VERIFY for numbers.","[degree_major]; [graduation_month_year]; [location_constraints]; [top_project_hook]; [one_metric_or_VERIFY]; [one_failure_learning]; [one_tool_you_can_define]; Do not use scripts to cheat on live assessments—practice and communication rehearsal only.","`Drill-down: quantify impact?`|`Who else was involved—what was uniquely yours?`|`What trade-off did you consciously accept?`","Fake KPIs/unverifiable prestige; blaming-only answers; jargon without definitions; unethical shortcuts presented as heroic; contradictory timelines; exaggerated titles; mocking users/teammates"
"IC-HR-0056","HR","why hiring you without fake promises? Keep answer structured and truthful.","PREP + STAR snippet","[Point] Brief truthful headline for your situation. [Proof] One concrete artifact you owned. [Integrity] Mention VERIFY anywhere numbers aren't confirmed. [Close] Invite one thread. [Set 1] Replace bracket fields with truthful details; omit unknowns rather than guessing.","Use PREP + STAR snippet: keep Situation/Task short; expand Actions YOU took; Results honest (metric or qualitative); Technology only where necessary (STAR+T). End with polite branch offer. Only substitute facts you can verify; say VERIFY for numbers.","[degree_major]; [graduation_month_year]; [location_constraints]; [top_project_hook]; [one_metric_or_VERIFY]; [one_failure_learning]; [one_tool_you_can_define]; Do not use scripts to cheat on live assessments—practice and communication rehearsal only.","`Drill-down: quantify impact?`|`Who else was involved—what was uniquely yours?`|`What trade-off did you consciously accept?`","Fake KPIs/unverifiable prestige; blaming-only answers; jargon without definitions; unethical shortcuts presented as heroic; contradictory timelines; exaggerated titles; mocking users/teammates"
"IC-HR-0057","HR","HR screening: discuss strength truthful.","PREP lite","[Point] Brief truthful headline for your situation. [Proof] One concrete artifact you owned. [Integrity] Mention VERIFY anywhere numbers aren't confirmed. [Close] Invite one thread. [Set 2] Replace bracket fields with truthful details; omit unknowns rather than guessing.","Use PREP lite: keep Situation/Task short; expand Actions YOU took; Results honest (metric or qualitative); Technology only where necessary (STAR+T). End with polite branch offer. Only substitute facts you can verify; say VERIFY for numbers.","[degree_major]; [graduation_month_year]; [location_constraints]; [top_project_hook]; [one_metric_or_VERIFY]; [one_failure_learning]; [one_tool_you_can_define]; Do not use scripts to cheat on live assessments—practice and communication rehearsal only.","`Drill-down: quantify impact?`|`Who else was involved—what was uniquely yours?`|`What trade-off did you consciously accept?`","Fake KPIs/unverifiable prestige; blaming-only answers; jargon without definitions; unethical shortcuts presented as heroic; contradictory timelines; exaggerated titles; mocking users/teammates"
"IC-HR-0058","HR","weakness truthful + improving? Keep answer structured and truthful.","PREP","[Point] Brief truthful headline for your situation. [Proof] One concrete artifact you owned. [Integrity] Mention VERIFY anywhere numbers aren't confirmed. [Close] Invite one thread. [Set 3] Replace bracket fields with truthful details; omit unknowns rather than guessing.","Use PREP: keep Situation/Task short; expand Actions YOU took; Results honest (metric or qualitative); Technology only where necessary (STAR+T). End with polite branch offer. Only substitute facts you can verify; say VERIFY for numbers.","[degree_major]; [graduation_month_year]; [location_constraints]; [top_project_hook]; [one_metric_or_VERIFY]; [one_failure_learning]; [one_tool_you_can_define]; Do not use scripts to cheat on live assessments—practice and communication rehearsal only.","`Drill-down: quantify impact?`|`Who else was involved—what was uniquely yours?`|`What trade-off did you consciously accept?`","Fake KPIs/unverifiable prestige; blaming-only answers; jargon without definitions; unethical shortcuts presented as heroic; contradictory timelines; exaggerated titles; mocking users/teammates"
"IC-HR-0059","HR","HR screening: discuss gap year honestly.","PREP + STAR snippet","[Point] Brief truthful headline for your situation. [Proof] One concrete artifact you owned. [Integrity] Mention VERIFY anywhere numbers aren't confirmed. [Close] Invite one thread. [Set 4] Replace bracket fields with truthful details; omit unknowns rather than guessing.","Use PREP + STAR snippet: keep Situation/Task short; expand Actions YOU took; Results honest (metric or qualitative); Technology only where necessary (STAR+T). End with polite branch offer. Only substitute facts you can verify; say VERIFY for numbers.","[degree_major]; [graduation_month_year]; [location_constraints]; [top_project_hook]; [one_metric_or_VERIFY]; [one_failure_learning]; [one_tool_you_can_define]; Do not use scripts to cheat on live assessments—practice and communication rehearsal only.","`Drill-down: quantify impact?`|`Who else was involved—what was uniquely yours?`|`What trade-off did you consciously accept?`","Fake KPIs/unverifiable prestige; blaming-only answers; jargon without definitions; unethical shortcuts presented as heroic; contradictory timelines; exaggerated titles; mocking users/teammates"
"IC-HR-0060","HR","relocation openness truth? Keep answer structured and truthful.","PREP lite","[Point] Brief truthful headline for your situation. [Proof] One concrete artifact you owned. [Integrity] Mention VERIFY anywhere numbers aren't confirmed. [Close] Invite one thread. [Set 5] Replace bracket fields with truthful details; omit unknowns rather than guessing.","Use PREP lite: keep Situation/Task short; expand Actions YOU took; Results honest (metric or qualitative); Technology only where necessary (STAR+T). End with polite branch offer. Only substitute facts you can verify; say VERIFY for numbers.","[degree_major]; [graduation_month_year]; [location_constraints]; [top_project_hook]; [one_metric_or_VERIFY]; [one_failure_learning]; [one_tool_you_can_define]; Do not use scripts to cheat on live assessments—practice and communication rehearsal only.","`Drill-down: quantify impact?`|`Who else was involved—what was uniquely yours?`|`What trade-off did you consciously accept?`","Fake KPIs/unverifiable prestige; blaming-only answers; jargon without definitions; unethical shortcuts presented as heroic; contradictory timelines; exaggerated titles; mocking users/teammates"
"IC-HR-0061","HR","HR screening: discuss higher studies plan honesty.","PREP","[Point] Brief truthful headline for your situation. [Proof] One concrete artifact you owned. [Integrity] Mention VERIFY anywhere numbers aren't confirmed. [Close] Invite one thread. [Set 1] Replace bracket fields with truthful details; omit unknowns rather than guessing.","Use PREP: keep Situation/Task short; expand Actions YOU took; Results honest (metric or qualitative); Technology only where necessary (STAR+T). End with polite branch offer. Only substitute facts you can verify; say VERIFY for numbers.","[degree_major]; [graduation_month_year]; [location_constraints]; [top_project_hook]; [one_metric_or_VERIFY]; [one_failure_learning]; [one_tool_you_can_define]; Do not use scripts to cheat on live assessments—practice and communication rehearsal only.","`Drill-down: quantify impact?`|`Who else was involved—what was uniquely yours?`|`What trade-off did you consciously accept?`","Fake KPIs/unverifiable prestige; blaming-only answers; jargon without definitions; unethical shortcuts presented as heroic; contradictory timelines; exaggerated titles; mocking users/teammates"
"IC-HR-0062","HR","notice period factual? Keep answer structured and truthful.","PREP + STAR snippet","[Point] Brief truthful headline for your situation. [Proof] One concrete artifact you owned. [Integrity] Mention VERIFY anywhere numbers aren't confirmed. [Close] Invite one thread. [Set 2] Replace bracket fields with truthful details; omit unknowns rather than guessing.","Use PREP + STAR snippet: keep Situation/Task short; expand Actions YOU took; Results honest (metric or qualitative); Technology only where necessary (STAR+T). End with polite branch offer. Only substitute facts you can verify; say VERIFY for numbers.","[degree_major]; [graduation_month_year]; [location_constraints]; [top_project_hook]; [one_metric_or_VERIFY]; [one_failure_learning]; [one_tool_you_can_define]; Do not use scripts to cheat on live assessments—practice and communication rehearsal only.","`Drill-down: quantify impact?`|`Who else was involved—what was uniquely yours?`|`What trade-off did you consciously accept?`","Fake KPIs/unverifiable prestige; blaming-only answers; jargon without definitions; unethical shortcuts presented as heroic; contradictory timelines; exaggerated titles; mocking users/teammates"
"IC-HR-0063","HR","HR screening: discuss salary expectation neutrality.","PREP lite","[Point] Brief truthful headline for your situation. [Proof] One concrete artifact you owned. [Integrity] Mention VERIFY anywhere numbers aren't confirmed. [Close] Invite one thread. [Set 3] Replace bracket fields with truthful details; omit unknowns rather than guessing.","Use PREP lite: keep Situation/Task short; expand Actions YOU took; Results honest (metric or qualitative); Technology only where necessary (STAR+T). End with polite branch offer. Only substitute facts you can verify; say VERIFY for numbers.","[degree_major]; [graduation_month_year]; [location_constraints]; [top_project_hook]; [one_metric_or_VERIFY]; [one_failure_learning]; [one_tool_you_can_define]; Do not use scripts to cheat on live assessments—practice and communication rehearsal only.","`Drill-down: quantify impact?`|`Who else was involved—what was uniquely yours?`|`What trade-off did you consciously accept?`","Fake KPIs/unverifiable prestige; blaming-only answers; jargon without definitions; unethical shortcuts presented as heroic; contradictory timelines; exaggerated titles; mocking users/teammates"
"IC-HR-0064","HR","handling pressure? Keep answer structured and truthful.","PREP","[Point] Brief truthful headline for your situation. [Proof] One concrete artifact you owned. [Integrity] Mention VERIFY anywhere numbers aren't confirmed. [Close] Invite one thread. [Set 4] Replace bracket fields with truthful details; omit unknowns rather than guessing.","Use PREP: keep Situation/Task short; expand Actions YOU took; Results honest (metric or qualitative); Technology only where necessary (STAR+T). End with polite branch offer. Only substitute facts you can verify; say VERIFY for numbers.","[degree_major]; [graduation_month_year]; [location_constraints]; [top_project_hook]; [one_metric_or_VERIFY]; [one_failure_learning]; [one_tool_you_can_define]; Do not use scripts to cheat on live assessments—practice and communication rehearsal only.","`Drill-down: quantify impact?`|`Who else was involved—what was uniquely yours?`|`What trade-off did you consciously accept?`","Fake KPIs/unverifiable prestige; blaming-only answers; jargon without definitions; unethical shortcuts presented as heroic; contradictory timelines; exaggerated titles; mocking users/teammates"
"IC-HR-0065","HR","HR screening: discuss handling repetitive work.","PREP + STAR snippet","[Point] Brief truthful headline for your situation. [Proof] One concrete artifact you owned. [Integrity] Mention VERIFY anywhere numbers aren't confirmed. [Close] Invite one thread. [Set 5] Replace bracket fields with truthful details; omit unknowns rather than guessing.","Use PREP + STAR snippet: keep Situation/Task short; expand Actions YOU took; Results honest (metric or qualitative); Technology only where necessary (STAR+T). End with polite branch offer. Only substitute facts you can verify; say VERIFY for numbers.","[degree_major]; [graduation_month_year]; [location_constraints]; [top_project_hook]; [one_metric_or_VERIFY]; [one_failure_learning]; [one_tool_you_can_define]; Do not use scripts to cheat on live assessments—practice and communication rehearsal only.","`Drill-down: quantify impact?`|`Who else was involved—what was uniquely yours?`|`What trade-off did you consciously accept?`","Fake KPIs/unverifiable prestige; blaming-only answers; jargon without definitions; unethical shortcuts presented as heroic; contradictory timelines; exaggerated titles; mocking users/teammates"
"IC-HR-0066","HR","values alignment honesty? Keep answer structured and truthful.","PREP lite","[Point] Brief truthful headline for your situation. [Proof] One concrete artifact you owned. [Integrity] Mention VERIFY anywhere numbers aren't confirmed. [Close] Invite one thread. [Set 1] Replace bracket fields with truthful details; omit unknowns rather than guessing.","Use PREP lite: keep Situation/Task short; expand Actions YOU took; Results honest (metric or qualitative); Technology only where necessary (STAR+T). End with polite branch offer. Only substitute facts you can verify; say VERIFY for numbers.","[degree_major]; [graduation_month_year]; [location_constraints]; [top_project_hook]; [one_metric_or_VERIFY]; [one_failure_learning]; [one_tool_you_can_define]; Do not use scripts to cheat on live assessments—practice and communication rehearsal only.","`Drill-down: quantify impact?`|`Who else was involved—what was uniquely yours?`|`What trade-off did you consciously accept?`","Fake KPIs/unverifiable prestige; blaming-only answers; jargon without definitions; unethical shortcuts presented as heroic; contradictory timelines; exaggerated titles; mocking users/teammates"
"IC-HR-0067","HR","HR screening: discuss confidentiality seriousness.","PREP","[Point] Brief truthful headline for your situation. [Proof] One concrete artifact you owned. [Integrity] Mention VERIFY anywhere numbers aren't confirmed. [Close] Invite one thread. [Set 2] Replace bracket fields with truthful details; omit unknowns rather than guessing.","Use PREP: keep Situation/Task short; expand Actions YOU took; Results honest (metric or qualitative); Technology only where necessary (STAR+T). End with polite branch offer. Only substitute facts you can verify; say VERIFY for numbers.","[degree_major]; [graduation_month_year]; [location_constraints]; [top_project_hook]; [one_metric_or_VERIFY]; [one_failure_learning]; [one_tool_you_can_define]; Do not use scripts to cheat on live assessments—practice and communication rehearsal only.","`Drill-down: quantify impact?`|`Who else was involved—what was uniquely yours?`|`What trade-off did you consciously accept?`","Fake KPIs/unverifiable prestige; blaming-only answers; jargon without definitions; unethical shortcuts presented as heroic; contradictory timelines; exaggerated titles; mocking users/teammates"
"IC-HR-0068","HR","integrity story light? Keep answer structured and truthful.","PREP + STAR snippet","[Point] Brief truthful headline for your situation. [Proof] One concrete artifact you owned. [Integrity] Mention VERIFY anywhere numbers aren't confirmed. [Close] Invite one thread. [Set 3] Replace bracket fields with truthful details; omit unknowns rather than guessing.","Use PREP + STAR snippet: keep Situation/Task short; expand Actions YOU took; Results honest (metric or qualitative); Technology only where necessary (STAR+T). End with polite branch offer. Only substitute facts you can verify; say VERIFY for numbers.","[degree_major]; [graduation_month_year]; [location_constraints]; [top_project_hook]; [one_metric_or_VERIFY]; [one_failure_learning]; [one_tool_you_can_define]; Do not use scripts to cheat on live assessments—practice and communication rehearsal only.","`Drill-down: quantify impact?`|`Who else was involved—what was uniquely yours?`|`What trade-off did you consciously accept?`","Fake KPIs/unverifiable prestige; blaming-only answers; jargon without definitions; unethical shortcuts presented as heroic; contradictory timelines; exaggerated titles; mocking users/teammates"
"IC-HR-0069","HR","HR screening: discuss handling criticism from manager hypothetical.","PREP lite","[Point] Brief truthful headline for your situation. [Proof] One concrete artifact you owned. [Integrity] Mention VERIFY anywhere numbers aren't confirmed. [Close] Invite one thread. [Set 4] Replace bracket fields with truthful details; omit unknowns rather than guessing.","Use PREP lite: keep Situation/Task short; expand Actions YOU took; Results honest (metric or qualitative); Technology only where necessary (STAR+T). End with polite branch offer. Only substitute facts you can verify; say VERIFY for numbers.","[degree_major]; [graduation_month_year]; [location_constraints]; [top_project_hook]; [one_metric_or_VERIFY]; [one_failure_learning]; [one_tool_you_can_define]; Do not use scripts to cheat on live assessments—practice and communication rehearsal only.","`Drill-down: quantify impact?`|`Who else was involved—what was uniquely yours?`|`What trade-off did you consciously accept?`","Fake KPIs/unverifiable prestige; blaming-only answers; jargon without definitions; unethical shortcuts presented as heroic; contradictory timelines; exaggerated titles; mocking users/teammates"
"IC-HR-0070","HR","remote vs onsite preference truth? Keep answer structured and truthful.","PREP","[Point] Brief truthful headline for your situation. [Proof] One concrete artifact you owned. [Integrity] Mention VERIFY anywhere numbers aren't confirmed. [Close] Invite one thread. [Set 5] Replace bracket fields with truthful details; omit unknowns rather than guessing.","Use PREP: keep Situation/Task short; expand Actions YOU took; Results honest (metric or qualitative); Technology only where necessary (STAR+T). End with polite branch offer. Only substitute facts you can verify; say VERIFY for numbers.","[degree_major]; [graduation_month_year]; [location_constraints]; [top_project_hook]; [one_metric_or_VERIFY]; [one_failure_learning]; [one_tool_you_can_define]; Do not use scripts to cheat on live assessments—practice and communication rehearsal only.","`Drill-down: quantify impact?`|`Who else was involved—what was uniquely yours?`|`What trade-off did you consciously accept?`","Fake KPIs/unverifiable prestige; blaming-only answers; jargon without definitions; unethical shortcuts presented as heroic; contradictory timelines; exaggerated titles; mocking users/teammates"
"IC-HR-0071","HR","HR screening: discuss shift timing truth.","PREP + STAR snippet","[Point] Brief truthful headline for your situation. [Proof] One concrete artifact you owned. [Integrity] Mention VERIFY anywhere numbers aren't confirmed. [Close] Invite one thread. [Set 1] Replace bracket fields with truthful details; omit unknowns rather than guessing.","Use PREP + STAR snippet: keep Situation/Task short; expand Actions YOU took; Results honest (metric or qualitative); Technology only where necessary (STAR+T). End with polite branch offer. Only substitute facts you can verify; say VERIFY for numbers.","[degree_major]; [graduation_month_year]; [location_constraints]; [top_project_hook]; [one_metric_or_VERIFY]; [one_failure_learning]; [one_tool_you_can_define]; Do not use scripts to cheat on live assessments—practice and communication rehearsal only.","`Drill-down: quantify impact?`|`Who else was involved—what was uniquely yours?`|`What trade-off did you consciously accept?`","Fake KPIs/unverifiable prestige; blaming-only answers; jargon without definitions; unethical shortcuts presented as heroic; contradictory timelines; exaggerated titles; mocking users/teammates"
"IC-HR-0072","HR","certifications truthful? Keep answer structured and truthful.","PREP lite","[Point] Brief truthful headline for your situation. [Proof] One concrete artifact you owned. [Integrity] Mention VERIFY anywhere numbers aren't confirmed. [Close] Invite one thread. [Set 2] Replace bracket fields with truthful details; omit unknowns rather than guessing.","Use PREP lite: keep Situation/Task short; expand Actions YOU took; Results honest (metric or qualitative); Technology only where necessary (STAR+T). End with polite branch offer. Only substitute facts you can verify; say VERIFY for numbers.","[degree_major]; [graduation_month_year]; [location_constraints]; [top_project_hook]; [one_metric_or_VERIFY]; [one_failure_learning]; [one_tool_you_can_define]; Do not use scripts to cheat on live assessments—practice and communication rehearsal only.","`Drill-down: quantify impact?`|`Who else was involved—what was uniquely yours?`|`What trade-off did you consciously accept?`","Fake KPIs/unverifiable prestige; blaming-only answers; jargon without definitions; unethical shortcuts presented as heroic; contradictory timelines; exaggerated titles; mocking users/teammates"
"IC-HR-0073","HR","HR screening: discuss extracurriculars honest.","PREP","[Point] Brief truthful headline for your situation. [Proof] One concrete artifact you owned. [Integrity] Mention VERIFY anywhere numbers aren't confirmed. [Close] Invite one thread. [Set 3] Replace bracket fields with truthful details; omit unknowns rather than guessing.","Use PREP: keep Situation/Task short; expand Actions YOU took; Results honest (metric or qualitative); Technology only where necessary (STAR+T). End with polite branch offer. Only substitute facts you can verify; say VERIFY for numbers.","[degree_major]; [graduation_month_year]; [location_constraints]; [top_project_hook]; [one_metric_or_VERIFY]; [one_failure_learning]; [one_tool_you_can_define]; Do not use scripts to cheat on live assessments—practice and communication rehearsal only.","`Drill-down: quantify impact?`|`Who else was involved—what was uniquely yours?`|`What trade-off did you consciously accept?`","Fake KPIs/unverifiable prestige; blaming-only answers; jargon without definitions; unethical shortcuts presented as heroic; contradictory timelines; exaggerated titles; mocking users/teammates"
"IC-HR-0074","HR","volunteering honest? Keep answer structured and truthful.","PREP + STAR snippet","[Point] Brief truthful headline for your situation. [Proof] One concrete artifact you owned. [Integrity] Mention VERIFY anywhere numbers aren't confirmed. [Close] Invite one thread. [Set 4] Replace bracket fields with truthful details; omit unknowns rather than guessing.","Use PREP + STAR snippet: keep Situation/Task short; expand Actions YOU took; Results honest (metric or qualitative); Technology only where necessary (STAR+T). End with polite branch offer. Only substitute facts you can verify; say VERIFY for numbers.","[degree_major]; [graduation_month_year]; [location_constraints]; [top_project_hook]; [one_metric_or_VERIFY]; [one_failure_learning]; [one_tool_you_can_define]; Do not use scripts to cheat on live assessments—practice and communication rehearsal only.","`Drill-down: quantify impact?`|`Who else was involved—what was uniquely yours?`|`What trade-off did you consciously accept?`","Fake KPIs/unverifiable prestige; blaming-only answers; jargon without definitions; unethical shortcuts presented as heroic; contradictory timelines; exaggerated titles; mocking users/teammates"
"IC-HR-0075","HR","HR screening: discuss discipline maintenance.","PREP lite","[Point] Brief truthful headline for your situation. [Proof] One concrete artifact you owned. [Integrity] Mention VERIFY anywhere numbers aren't confirmed. [Close] Invite one thread. [Set 5] Replace bracket fields with truthful details; omit unknowns rather than guessing.","Use PREP lite: keep Situation/Task short; expand Actions YOU took; Results honest (metric or qualitative); Technology only where necessary (STAR+T). End with polite branch offer. Only substitute facts you can verify; say VERIFY for numbers.","[degree_major]; [graduation_month_year]; [location_constraints]; [top_project_hook]; [one_metric_or_VERIFY]; [one_failure_learning]; [one_tool_you_can_define]; Do not use scripts to cheat on live assessments—practice and communication rehearsal only.","`Drill-down: quantify impact?`|`Who else was involved—what was uniquely yours?`|`What trade-off did you consciously accept?`","Fake KPIs/unverifiable prestige; blaming-only answers; jargon without definitions; unethical shortcuts presented as heroic; contradictory timelines; exaggerated titles; mocking users/teammates"
"IC-HR-0076","HR","what are you optimizing for next 12 months ethically? Keep answer structured and truthful.","PREP","[Point] Brief truthful headline for your situation. [Proof] One concrete artifact you owned. [Integrity] Mention VERIFY anywhere numbers aren't confirmed. [Close] Invite one thread. [Set 1] Replace bracket fields with truthful details; omit unknowns rather than guessing.","Use PREP: keep Situation/Task short; expand Actions YOU took; Results honest (metric or qualitative); Technology only where necessary (STAR+T). End with polite branch offer. Only substitute facts you can verify; say VERIFY for numbers.","[degree_major]; [graduation_month_year]; [location_constraints]; [top_project_hook]; [one_metric_or_VERIFY]; [one_failure_learning]; [one_tool_you_can_define]; Do not use scripts to cheat on live assessments—practice and communication rehearsal only.","`Drill-down: quantify impact?`|`Who else was involved—what was uniquely yours?`|`What trade-off did you consciously accept?`","Fake KPIs/unverifiable prestige; blaming-only answers; jargon without definitions; unethical shortcuts presented as heroic; contradictory timelines; exaggerated titles; mocking users/teammates"
"IC-HR-0077","HR","HR screening: discuss biggest lesson from college honest.","PREP + STAR snippet","[Point] Brief truthful headline for your situation. [Proof] One concrete artifact you owned. [Integrity] Mention VERIFY anywhere numbers aren't confirmed. [Close] Invite one thread. [Set 2] Replace bracket fields with truthful details; omit unknowns rather than guessing.","Use PREP + STAR snippet: keep Situation/Task short; expand Actions YOU took; Results honest (metric or qualitative); Technology only where necessary (STAR+T). End with polite branch offer. Only substitute facts you can verify; say VERIFY for numbers.","[degree_major]; [graduation_month_year]; [location_constraints]; [top_project_hook]; [one_metric_or_VERIFY]; [one_failure_learning]; [one_tool_you_can_define]; Do not use scripts to cheat on live assessments—practice and communication rehearsal only.","`Drill-down: quantify impact?`|`Who else was involved—what was uniquely yours?`|`What trade-off did you consciously accept?`","Fake KPIs/unverifiable prestige; blaming-only answers; jargon without definitions; unethical shortcuts presented as heroic; contradictory timelines; exaggerated titles; mocking users/teammates"
"IC-HR-0078","HR","what kind of mentor you want? Keep answer structured and truthful.","PREP lite","[Point] Brief truthful headline for your situation. [Proof] One concrete artifact you owned. [Integrity] Mention VERIFY anywhere numbers aren't confirmed. [Close] Invite one thread. [Set 3] Replace bracket fields with truthful details; omit unknowns rather than guessing.","Use PREP lite: keep Situation/Task short; expand Actions YOU took; Results honest (metric or qualitative); Technology only where necessary (STAR+T). End with polite branch offer. Only substitute facts you can verify; say VERIFY for numbers.","[degree_major]; [graduation_month_year]; [location_constraints]; [top_project_hook]; [one_metric_or_VERIFY]; [one_failure_learning]; [one_tool_you_can_define]; Do not use scripts to cheat on live assessments—practice and communication rehearsal only.","`Drill-down: quantify impact?`|`Who else was involved—what was uniquely yours?`|`What trade-off did you consciously accept?`","Fake KPIs/unverifiable prestige; blaming-only answers; jargon without definitions; unethical shortcuts presented as heroic; contradictory timelines; exaggerated titles; mocking users/teammates"
"IC-HR-0079","HR","HR screening: discuss how you handle ambiguity.","PREP","[Point] Brief truthful headline for your situation. [Proof] One concrete artifact you owned. [Integrity] Mention VERIFY anywhere numbers aren't confirmed. [Close] Invite one thread. [Set 4] Replace bracket fields with truthful details; omit unknowns rather than guessing.","Use PREP: keep Situation/Task short; expand Actions YOU took; Results honest (metric or qualitative); Technology only where necessary (STAR+T). End with polite branch offer. Only substitute facts you can verify; say VERIFY for numbers.","[degree_major]; [graduation_month_year]; [location_constraints]; [top_project_hook]; [one_metric_or_VERIFY]; [one_failure_learning]; [one_tool_you_can_define]; Do not use scripts to cheat on live assessments—practice and communication rehearsal only.","`Drill-down: quantify impact?`|`Who else was involved—what was uniquely yours?`|`What trade-off did you consciously accept?`","Fake KPIs/unverifiable prestige; blaming-only answers; jargon without definitions; unethical shortcuts presented as heroic; contradictory timelines; exaggerated titles; mocking users/teammates"
"IC-HR-0080","HR","how you prioritize health during exams honestly? Keep answer structured and truthful.","PREP + STAR snippet","[Point] Brief truthful headline for your situation. [Proof] One concrete artifact you owned. [Integrity] Mention VERIFY anywhere numbers aren't confirmed. [Close] Invite one thread. [Set 5] Replace bracket fields with truthful details; omit unknowns rather than guessing.","Use PREP + STAR snippet: keep Situation/Task short; expand Actions YOU took; Results honest (metric or qualitative); Technology only where necessary (STAR+T). End with polite branch offer. Only substitute facts you can verify; say VERIFY for numbers.","[degree_major]; [graduation_month_year]; [location_constraints]; [top_project_hook]; [one_metric_or_VERIFY]; [one_failure_learning]; [one_tool_you_can_define]; Do not use scripts to cheat on live assessments—practice and communication rehearsal only.","`Drill-down: quantify impact?`|`Who else was involved—what was uniquely yours?`|`What trade-off did you consciously accept?`","Fake KPIs/unverifiable prestige; blaming-only answers; jargon without definitions; unethical shortcuts presented as heroic; contradictory timelines; exaggerated titles; mocking users/teammates"
"IC-HR-0081","HR","HR screening: discuss how you learn ethically.","PREP lite","[Point] Brief truthful headline for your situation. [Proof] One concrete artifact you owned. [Integrity] Mention VERIFY anywhere numbers aren't confirmed. [Close] Invite one thread. [Set 1] Replace bracket fields with truthful details; omit unknowns rather than guessing.","Use PREP lite: keep Situation/Task short; expand Actions YOU took; Results honest (metric or qualitative); Technology only where necessary (STAR+T). End with polite branch offer. Only substitute facts you can verify; say VERIFY for numbers.","[degree_major]; [graduation_month_year]; [location_constraints]; [top_project_hook]; [one_metric_or_VERIFY]; [one_failure_learning]; [one_tool_you_can_define]; Do not use scripts to cheat on live assessments—practice and communication rehearsal only.","`Drill-down: quantify impact?`|`Who else was involved—what was uniquely yours?`|`What trade-off did you consciously accept?`","Fake KPIs/unverifiable prestige; blaming-only answers; jargon without definitions; unethical shortcuts presented as heroic; contradictory timelines; exaggerated titles; mocking users/teammates"
"IC-HR-0082","HR","how you disagree respectfully hypothetical? Keep answer structured and truthful.","PREP","[Point] Brief truthful headline for your situation. [Proof] One concrete artifact you owned. [Integrity] Mention VERIFY anywhere numbers aren't confirmed. [Close] Invite one thread. [Set 2] Replace bracket fields with truthful details; omit unknowns rather than guessing.","Use PREP: keep Situation/Task short; expand Actions YOU took; Results honest (metric or qualitative); Technology only where necessary (STAR+T). End with polite branch offer. Only substitute facts you can verify; say VERIFY for numbers.","[degree_major]; [graduation_month_year]; [location_constraints]; [top_project_hook]; [one_metric_or_VERIFY]; [one_failure_learning]; [one_tool_you_can_define]; Do not use scripts to cheat on live assessments—practice and communication rehearsal only.","`Drill-down: quantify impact?`|`Who else was involved—what was uniquely yours?`|`What trade-off did you consciously accept?`","Fake KPIs/unverifiable prestige; blaming-only answers; jargon without definitions; unethical shortcuts presented as heroic; contradictory timelines; exaggerated titles; mocking users/teammates"
"IC-ClosingQuestions-0001","ClosingQuestions","Interview closing phase: formulate questions about success first 90 days.","QUEST map + PREP","[Point] Brief truthful headline for your situation. [Proof] One concrete artifact you owned. [Integrity] Mention VERIFY anywhere numbers aren't confirmed. [Close] Invite one thread. [Set 1] Replace bracket fields with truthful details; omit unknowns rather than guessing.","Use QUEST map + PREP: keep Situation/Task short; expand Actions YOU took; Results honest (metric or qualitative); Technology only where necessary (STAR+T). End with polite branch offer. Only substitute facts you can verify; say VERIFY for numbers.","[degree_major]; [graduation_month_year]; [location_constraints]; [top_project_hook]; [one_metric_or_VERIFY]; [one_failure_learning]; [one_tool_you_can_define]; Do not use scripts to cheat on live assessments—practice and communication rehearsal only.","`Drill-down: quantify impact?`|`Who else was involved—what was uniquely yours?`|`What trade-off did you consciously accept?`","Fake KPIs/unverifiable prestige; blaming-only answers; jargon without definitions; unethical shortcuts presented as heroic; contradictory timelines; exaggerated titles; mocking users/teammates"
"IC-ClosingQuestions-0002","ClosingQuestions","Interview closing phase: formulate questions about onboarding.","QUEST map","[Point] Brief truthful headline for your situation. [Proof] One concrete artifact you owned. [Integrity] Mention VERIFY anywhere numbers aren't confirmed. [Close] Invite one thread. [Set 2] Replace bracket fields with truthful details; omit unknowns rather than guessing.","Use QUEST map: keep Situation/Task short; expand Actions YOU took; Results honest (metric or qualitative); Technology only where necessary (STAR+T). End with polite branch offer. Only substitute facts you can verify; say VERIFY for numbers.","[degree_major]; [graduation_month_year]; [location_constraints]; [top_project_hook]; [one_metric_or_VERIFY]; [one_failure_learning]; [one_tool_you_can_define]; Do not use scripts to cheat on live assessments—practice and communication rehearsal only.","`Drill-down: quantify impact?`|`Who else was involved—what was uniquely yours?`|`What trade-off did you consciously accept?`","Fake KPIs/unverifiable prestige; blaming-only answers; jargon without definitions; unethical shortcuts presented as heroic; contradictory timelines; exaggerated titles; mocking users/teammates"
"IC-ClosingQuestions-0003","ClosingQuestions","Interview closing phase: formulate questions about mentoring.","Elevator recap + QUEST","[Point] Brief truthful headline for your situation. [Proof] One concrete artifact you owned. [Integrity] Mention VERIFY anywhere numbers aren't confirmed. [Close] Invite one thread. [Set 3] Replace bracket fields with truthful details; omit unknowns rather than guessing.","Use Elevator recap + QUEST: keep Situation/Task short; expand Actions YOU took; Results honest (metric or qualitative); Technology only where necessary (STAR+T). End with polite branch offer. Only substitute facts you can verify; say VERIFY for numbers.","[degree_major]; [graduation_month_year]; [location_constraints]; [top_project_hook]; [one_metric_or_VERIFY]; [one_failure_learning]; [one_tool_you_can_define]; Do not use scripts to cheat on live assessments—practice and communication rehearsal only.","`Drill-down: quantify impact?`|`Who else was involved—what was uniquely yours?`|`What trade-off did you consciously accept?`","Fake KPIs/unverifiable prestige; blaming-only answers; jargon without definitions; unethical shortcuts presented as heroic; contradictory timelines; exaggerated titles; mocking users/teammates"
"IC-ClosingQuestions-0004","ClosingQuestions","Interview closing phase: formulate questions about codebase reality.","QUEST map + PREP","[Point] Brief truthful headline for your situation. [Proof] One concrete artifact you owned. [Integrity] Mention VERIFY anywhere numbers aren't confirmed. [Close] Invite one thread. [Set 4] Replace bracket fields with truthful details; omit unknowns rather than guessing.","Use QUEST map + PREP: keep Situation/Task short; expand Actions YOU took; Results honest (metric or qualitative); Technology only where necessary (STAR+T). End with polite branch offer. Only substitute facts you can verify; say VERIFY for numbers.","[degree_major]; [graduation_month_year]; [location_constraints]; [top_project_hook]; [one_metric_or_VERIFY]; [one_failure_learning]; [one_tool_you_can_define]; Do not use scripts to cheat on live assessments—practice and communication rehearsal only.","`Drill-down: quantify impact?`|`Who else was involved—what was uniquely yours?`|`What trade-off did you consciously accept?`","Fake KPIs/unverifiable prestige; blaming-only answers; jargon without definitions; unethical shortcuts presented as heroic; contradictory timelines; exaggerated titles; mocking users/teammates"
"IC-ClosingQuestions-0005","ClosingQuestions","Interview closing phase: formulate questions about tooling stack reality.","QUEST map","[Point] Brief truthful headline for your situation. [Proof] One concrete artifact you owned. [Integrity] Mention VERIFY anywhere numbers aren't confirmed. [Close] Invite one thread. [Set 1] Replace bracket fields with truthful details; omit unknowns rather than guessing.","Use QUEST map: keep Situation/Task short; expand Actions YOU took; Results honest (metric or qualitative); Technology only where necessary (STAR+T). End with polite branch offer. Only substitute facts you can verify; say VERIFY for numbers.","[degree_major]; [graduation_month_year]; [location_constraints]; [top_project_hook]; [one_metric_or_VERIFY]; [one_failure_learning]; [one_tool_you_can_define]; Do not use scripts to cheat on live assessments—practice and communication rehearsal only.","`Drill-down: quantify impact?`|`Who else was involved—what was uniquely yours?`|`What trade-off did you consciously accept?`","Fake KPIs/unverifiable prestige; blaming-only answers; jargon without definitions; unethical shortcuts presented as heroic; contradictory timelines; exaggerated titles; mocking users/teammates"
"IC-ClosingQuestions-0006","ClosingQuestions","Interview closing phase: formulate questions about QA practices.","Elevator recap + QUEST","[Point] Brief truthful headline for your situation. [Proof] One concrete artifact you owned. [Integrity] Mention VERIFY anywhere numbers aren't confirmed. [Close] Invite one thread. [Set 2] Replace bracket fields with truthful details; omit unknowns rather than guessing.","Use Elevator recap + QUEST: keep Situation/Task short; expand Actions YOU took; Results honest (metric or qualitative); Technology only where necessary (STAR+T). End with polite branch offer. Only substitute facts you can verify; say VERIFY for numbers.","[degree_major]; [graduation_month_year]; [location_constraints]; [top_project_hook]; [one_metric_or_VERIFY]; [one_failure_learning]; [one_tool_you_can_define]; Do not use scripts to cheat on live assessments—practice and communication rehearsal only.","`Drill-down: quantify impact?`|`Who else was involved—what was uniquely yours?`|`What trade-off did you consciously accept?`","Fake KPIs/unverifiable prestige; blaming-only answers; jargon without definitions; unethical shortcuts presented as heroic; contradictory timelines; exaggerated titles; mocking users/teammates"
"IC-ClosingQuestions-0007","ClosingQuestions","Interview closing phase: formulate questions about observability seriousness.","QUEST map + PREP","[Point] Brief truthful headline for your situation. [Proof] One concrete artifact you owned. [Integrity] Mention VERIFY anywhere numbers aren't confirmed. [Close] Invite one thread. [Set 3] Replace bracket fields with truthful details; omit unknowns rather than guessing.","Use QUEST map + PREP: keep Situation/Task short; expand Actions YOU took; Results honest (metric or qualitative); Technology only where necessary (STAR+T). End with polite branch offer. Only substitute facts you can verify; say VERIFY for numbers.","[degree_major]; [graduation_month_year]; [location_constraints]; [top_project_hook]; [one_metric_or_VERIFY]; [one_failure_learning]; [one_tool_you_can_define]; Do not use scripts to cheat on live assessments—practice and communication rehearsal only.","`Drill-down: quantify impact?`|`Who else was involved—what was uniquely yours?`|`What trade-off did you consciously accept?`","Fake KPIs/unverifiable prestige; blaming-only answers; jargon without definitions; unethical shortcuts presented as heroic; contradictory timelines; exaggerated titles; mocking users/teammates"
"IC-ClosingQuestions-0008","ClosingQuestions","Interview closing phase: formulate questions about incidents culture.","QUEST map","[Point] Brief truthful headline for your situation. [Proof] One concrete artifact you owned. [Integrity] Mention VERIFY anywhere numbers aren't confirmed. [Close] Invite one thread. [Set 4] Replace bracket fields with truthful details; omit unknowns rather than guessing.","Use QUEST map: keep Situation/Task short; expand Actions YOU took; Results honest (metric or qualitative); Technology only where necessary (STAR+T). End with polite branch offer. Only substitute facts you can verify; say VERIFY for numbers.","[degree_major]; [graduation_month_year]; [location_constraints]; [top_project_hook]; [one_metric_or_VERIFY]; [one_failure_learning]; [one_tool_you_can_define]; Do not use scripts to cheat on live assessments—practice and communication rehearsal only.","`Drill-down: quantify impact?`|`Who else was involved—what was uniquely yours?`|`What trade-off did you consciously accept?`","Fake KPIs/unverifiable prestige; blaming-only answers; jargon without definitions; unethical shortcuts presented as heroic; contradictory timelines; exaggerated titles; mocking users/teammates"
"IC-ClosingQuestions-0009","ClosingQuestions","Interview closing phase: formulate questions about ethics reporting.","Elevator recap + QUEST","[Point] Brief truthful headline for your situation. [Proof] One concrete artifact you owned. [Integrity] Mention VERIFY anywhere numbers aren't confirmed. [Close] Invite one thread. [Set 1] Replace bracket fields with truthful details; omit unknowns rather than guessing.","Use Elevator recap + QUEST: keep Situation/Task short; expand Actions YOU took; Results honest (metric or qualitative); Technology only where necessary (STAR+T). End with polite branch offer. Only substitute facts you can verify; say VERIFY for numbers.","[degree_major]; [graduation_month_year]; [location_constraints]; [top_project_hook]; [one_metric_or_VERIFY]; [one_failure_learning]; [one_tool_you_can_define]; Do not use scripts to cheat on live assessments—practice and communication rehearsal only.","`Drill-down: quantify impact?`|`Who else was involved—what was uniquely yours?`|`What trade-off did you consciously accept?`","Fake KPIs/unverifiable prestige; blaming-only answers; jargon without definitions; unethical shortcuts presented as heroic; contradictory timelines; exaggerated titles; mocking users/teammates"
"IC-ClosingQuestions-0010","ClosingQuestions","Interview closing phase: formulate questions about sustainability of pace.","QUEST map + PREP","[Point] Brief truthful headline for your situation. [Proof] One concrete artifact you owned. [Integrity] Mention VERIFY anywhere numbers aren't confirmed. [Close] Invite one thread. [Set 2] Replace bracket fields with truthful details; omit unknowns rather than guessing.","Use QUEST map + PREP: keep Situation/Task short; expand Actions YOU took; Results honest (metric or qualitative); Technology only where necessary (STAR+T). End with polite branch offer. Only substitute facts you can verify; say VERIFY for numbers.","[degree_major]; [graduation_month_year]; [location_constraints]; [top_project_hook]; [one_metric_or_VERIFY]; [one_failure_learning]; [one_tool_you_can_define]; Do not use scripts to cheat on live assessments—practice and communication rehearsal only.","`Drill-down: quantify impact?`|`Who else was involved—what was uniquely yours?`|`What trade-off did you consciously accept?`","Fake KPIs/unverifiable prestige; blaming-only answers; jargon without definitions; unethical shortcuts presented as heroic; contradictory timelines; exaggerated titles; mocking users/teammates"
"IC-ClosingQuestions-0011","ClosingQuestions","Interview closing phase: formulate questions about perf review fairness.","QUEST map","[Point] Brief truthful headline for your situation. [Proof] One concrete artifact you owned. [Integrity] Mention VERIFY anywhere numbers aren't confirmed. [Close] Invite one thread. [Set 3] Replace bracket fields with truthful details; omit unknowns rather than guessing.","Use QUEST map: keep Situation/Task short; expand Actions YOU took; Results honest (metric or qualitative); Technology only where necessary (STAR+T). End with polite branch offer. Only substitute facts you can verify; say VERIFY for numbers.","[degree_major]; [graduation_month_year]; [location_constraints]; [top_project_hook]; [one_metric_or_VERIFY]; [one_failure_learning]; [one_tool_you_can_define]; Do not use scripts to cheat on live assessments—practice and communication rehearsal only.","`Drill-down: quantify impact?`|`Who else was involved—what was uniquely yours?`|`What trade-off did you consciously accept?`","Fake KPIs/unverifiable prestige; blaming-only answers; jargon without definitions; unethical shortcuts presented as heroic; contradictory timelines; exaggerated titles; mocking users/teammates"
"IC-ClosingQuestions-0012","ClosingQuestions","Interview closing phase: formulate questions about docs culture.","Elevator recap + QUEST","[Point] Brief truthful headline for your situation. [Proof] One concrete artifact you owned. [Integrity] Mention VERIFY anywhere numbers aren't confirmed. [Close] Invite one thread. [Set 4] Replace bracket fields with truthful details; omit unknowns rather than guessing.","Use Elevator recap + QUEST: keep Situation/Task short; expand Actions YOU took; Results honest (metric or qualitative); Technology only where necessary (STAR+T). End with polite branch offer. Only substitute facts you can verify; say VERIFY for numbers.","[degree_major]; [graduation_month_year]; [location_constraints]; [top_project_hook]; [one_metric_or_VERIFY]; [one_failure_learning]; [one_tool_you_can_define]; Do not use scripts to cheat on live assessments—practice and communication rehearsal only.","`Drill-down: quantify impact?`|`Who else was involved—what was uniquely yours?`|`What trade-off did you consciously accept?`","Fake KPIs/unverifiable prestige; blaming-only answers; jargon without definitions; unethical shortcuts presented as heroic; contradictory timelines; exaggerated titles; mocking users/teammates"
"IC-ClosingQuestions-0013","ClosingQuestions","Interview closing phase: formulate questions about teamwork rituals.","QUEST map + PREP","[Point] Brief truthful headline for your situation. [Proof] One concrete artifact you owned. [Integrity] Mention VERIFY anywhere numbers aren't confirmed. [Close] Invite one thread. [Set 1] Replace bracket fields with truthful details; omit unknowns rather than guessing.","Use QUEST map + PREP: keep Situation/Task short; expand Actions YOU took; Results honest (metric or qualitative); Technology only where necessary (STAR+T). End with polite branch offer. Only substitute facts you can verify; say VERIFY for numbers.","[degree_major]; [graduation_month_year]; [location_constraints]; [top_project_hook]; [one_metric_or_VERIFY]; [one_failure_learning]; [one_tool_you_can_define]; Do not use scripts to cheat on live assessments—practice and communication rehearsal only.","`Drill-down: quantify impact?`|`Who else was involved—what was uniquely yours?`|`What trade-off did you consciously accept?`","Fake KPIs/unverifiable prestige; blaming-only answers; jargon without definitions; unethical shortcuts presented as heroic; contradictory timelines; exaggerated titles; mocking users/teammates"
"IC-ClosingQuestions-0014","ClosingQuestions","Interview closing phase: formulate questions about autonomy vs guidance.","QUEST map","[Point] Brief truthful headline for your situation. [Proof] One concrete artifact you owned. [Integrity] Mention VERIFY anywhere numbers aren't confirmed. [Close] Invite one thread. [Set 2] Replace bracket fields with truthful details; omit unknowns rather than guessing.","Use QUEST map: keep Situation/Task short; expand Actions YOU took; Results honest (metric or qualitative); Technology only where necessary (STAR+T). End with polite branch offer. Only substitute facts you can verify; say VERIFY for numbers.","[degree_major]; [graduation_month_year]; [location_constraints]; [top_project_hook]; [one_metric_or_VERIFY]; [one_failure_learning]; [one_tool_you_can_define]; Do not use scripts to cheat on live assessments—practice and communication rehearsal only.","`Drill-down: quantify impact?`|`Who else was involved—what was uniquely yours?`|`What trade-off did you consciously accept?`","Fake KPIs/unverifiable prestige; blaming-only answers; jargon without definitions; unethical shortcuts presented as heroic; contradictory timelines; exaggerated titles; mocking users/teammates"
"IC-ClosingQuestions-0015","ClosingQuestions","Interview closing phase: formulate questions about roadmap realism.","Elevator recap + QUEST","[Point] Brief truthful headline for your situation. [Proof] One concrete artifact you owned. [Integrity] Mention VERIFY anywhere numbers aren't confirmed. [Close] Invite one thread. [Set 3] Replace bracket fields with truthful details; omit unknowns rather than guessing.","Use Elevator recap + QUEST: keep Situation/Task short; expand Actions YOU took; Results honest (metric or qualitative); Technology only where necessary (STAR+T). End with polite branch offer. Only substitute facts you can verify; say VERIFY for numbers.","[degree_major]; [graduation_month_year]; [location_constraints]; [top_project_hook]; [one_metric_or_VERIFY]; [one_failure_learning]; [one_tool_you_can_define]; Do not use scripts to cheat on live assessments—practice and communication rehearsal only.","`Drill-down: quantify impact?`|`Who else was involved—what was uniquely yours?`|`What trade-off did you consciously accept?`","Fake KPIs/unverifiable prestige; blaming-only answers; jargon without definitions; unethical shortcuts presented as heroic; contradictory timelines; exaggerated titles; mocking users/teammates"
"IC-ClosingQuestions-0016","ClosingQuestions","Interview closing phase: formulate questions about stakeholder pressure.","QUEST map + PREP","[Point] Brief truthful headline for your situation. [Proof] One concrete artifact you owned. [Integrity] Mention VERIFY anywhere numbers aren't confirmed. [Close] Invite one thread. [Set 4] Replace bracket fields with truthful details; omit unknowns rather than guessing.","Use QUEST map + PREP: keep Situation/Task short; expand Actions YOU took; Results honest (metric or qualitative); Technology only where necessary (STAR+T). End with polite branch offer. Only substitute facts you can verify; say VERIFY for numbers.","[degree_major]; [graduation_month_year]; [location_constraints]; [top_project_hook]; [one_metric_or_VERIFY]; [one_failure_learning]; [one_tool_you_can_define]; Do not use scripts to cheat on live assessments—practice and communication rehearsal only.","`Drill-down: quantify impact?`|`Who else was involved—what was uniquely yours?`|`What trade-off did you consciously accept?`","Fake KPIs/unverifiable prestige; blaming-only answers; jargon without definitions; unethical shortcuts presented as heroic; contradictory timelines; exaggerated titles; mocking users/teammates"
"IC-ClosingQuestions-0017","ClosingQuestions","Interview closing phase: formulate questions about experimentation safety.","QUEST map","[Point] Brief truthful headline for your situation. [Proof] One concrete artifact you owned. [Integrity] Mention VERIFY anywhere numbers aren't confirmed. [Close] Invite one thread. [Set 1] Replace bracket fields with truthful details; omit unknowns rather than guessing.","Use QUEST map: keep Situation/Task short; expand Actions YOU took; Results honest (metric or qualitative); Technology only where necessary (STAR+T). End with polite branch offer. Only substitute facts you can verify; say VERIFY for numbers.","[degree_major]; [graduation_month_year]; [location_constraints]; [top_project_hook]; [one_metric_or_VERIFY]; [one_failure_learning]; [one_tool_you_can_define]; Do not use scripts to cheat on live assessments—practice and communication rehearsal only.","`Drill-down: quantify impact?`|`Who else was involved—what was uniquely yours?`|`What trade-off did you consciously accept?`","Fake KPIs/unverifiable prestige; blaming-only answers; jargon without definitions; unethical shortcuts presented as heroic; contradictory timelines; exaggerated titles; mocking users/teammates"
"IC-ClosingQuestions-0018","ClosingQuestions","Interview closing phase: formulate questions about deadlines norms.","Elevator recap + QUEST","[Point] Brief truthful headline for your situation. [Proof] One concrete artifact you owned. [Integrity] Mention VERIFY anywhere numbers aren't confirmed. [Close] Invite one thread. [Set 2] Replace bracket fields with truthful details; omit unknowns rather than guessing.","Use Elevator recap + QUEST: keep Situation/Task short; expand Actions YOU took; Results honest (metric or qualitative); Technology only where necessary (STAR+T). End with polite branch offer. Only substitute facts you can verify; say VERIFY for numbers.","[degree_major]; [graduation_month_year]; [location_constraints]; [top_project_hook]; [one_metric_or_VERIFY]; [one_failure_learning]; [one_tool_you_can_define]; Do not use scripts to cheat on live assessments—practice and communication rehearsal only.","`Drill-down: quantify impact?`|`Who else was involved—what was uniquely yours?`|`What trade-off did you consciously accept?`","Fake KPIs/unverifiable prestige; blaming-only answers; jargon without definitions; unethical shortcuts presented as heroic; contradictory timelines; exaggerated titles; mocking users/teammates"
"IC-ClosingQuestions-0019","ClosingQuestions","Interview closing phase: formulate questions about accessibility seriousness.","QUEST map + PREP","[Point] Brief truthful headline for your situation. [Proof] One concrete artifact you owned. [Integrity] Mention VERIFY anywhere numbers aren't confirmed. [Close] Invite one thread. [Set 3] Replace bracket fields with truthful details; omit unknowns rather than guessing.","Use QUEST map + PREP: keep Situation/Task short; expand Actions YOU took; Results honest (metric or qualitative); Technology only where necessary (STAR+T). End with polite branch offer. Only substitute facts you can verify; say VERIFY for numbers.","[degree_major]; [graduation_month_year]; [location_constraints]; [top_project_hook]; [one_metric_or_VERIFY]; [one_failure_learning]; [one_tool_you_can_define]; Do not use scripts to cheat on live assessments—practice and communication rehearsal only.","`Drill-down: quantify impact?`|`Who else was involved—what was uniquely yours?`|`What trade-off did you consciously accept?`","Fake KPIs/unverifiable prestige; blaming-only answers; jargon without definitions; unethical shortcuts presented as heroic; contradictory timelines; exaggerated titles; mocking users/teammates"
"IC-ClosingQuestions-0020","ClosingQuestions","Interview closing phase: formulate questions about accessibility commitment.","QUEST map","[Point] Brief truthful headline for your situation. [Proof] One concrete artifact you owned. [Integrity] Mention VERIFY anywhere numbers aren't confirmed. [Close] Invite one thread. [Set 4] Replace bracket fields with truthful details; omit unknowns rather than guessing.","Use QUEST map: keep Situation/Task short; expand Actions YOU took; Results honest (metric or qualitative); Technology only where necessary (STAR+T). End with polite branch offer. Only substitute facts you can verify; say VERIFY for numbers.","[degree_major]; [graduation_month_year]; [location_constraints]; [top_project_hook]; [one_metric_or_VERIFY]; [one_failure_learning]; [one_tool_you_can_define]; Do not use scripts to cheat on live assessments—practice and communication rehearsal only.","`Drill-down: quantify impact?`|`Who else was involved—what was uniquely yours?`|`What trade-off did you consciously accept?`","Fake KPIs/unverifiable prestige; blaming-only answers; jargon without definitions; unethical shortcuts presented as heroic; contradictory timelines; exaggerated titles; mocking users/teammates"
"IC-ClosingQuestions-0021","ClosingQuestions","Interview closing phase: formulate questions about internship conversion transparency.","Elevator recap + QUEST","[Point] Brief truthful headline for your situation. [Proof] One concrete artifact you owned. [Integrity] Mention VERIFY anywhere numbers aren't confirmed. [Close] Invite one thread. [Set 1] Replace bracket fields with truthful details; omit unknowns rather than guessing.","Use Elevator recap + QUEST: keep Situation/Task short; expand Actions YOU took; Results honest (metric or qualitative); Technology only where necessary (STAR+T). End with polite branch offer. Only substitute facts you can verify; say VERIFY for numbers.","[degree_major]; [graduation_month_year]; [location_constraints]; [top_project_hook]; [one_metric_or_VERIFY]; [one_failure_learning]; [one_tool_you_can_define]; Do not use scripts to cheat on live assessments—practice and communication rehearsal only.","`Drill-down: quantify impact?`|`Who else was involved—what was uniquely yours?`|`What trade-off did you consciously accept?`","Fake KPIs/unverifiable prestige; blaming-only answers; jargon without definitions; unethical shortcuts presented as heroic; contradictory timelines; exaggerated titles; mocking users/teammates"
"IC-ClosingQuestions-0022","ClosingQuestions","Interview closing phase: formulate questions about internship project ownership.","QUEST map + PREP","[Point] Brief truthful headline for your situation. [Proof] One concrete artifact you owned. [Integrity] Mention VERIFY anywhere numbers aren't confirmed. [Close] Invite one thread. [Set 2] Replace bracket fields with truthful details; omit unknowns rather than guessing.","Use QUEST map + PREP: keep Situation/Task short; expand Actions YOU took; Results honest (metric or qualitative); Technology only where necessary (STAR+T). End with polite branch offer. Only substitute facts you can verify; say VERIFY for numbers.","[degree_major]; [graduation_month_year]; [location_constraints]; [top_project_hook]; [one_metric_or_VERIFY]; [one_failure_learning]; [one_tool_you_can_define]; Do not use scripts to cheat on live assessments—practice and communication rehearsal only.","`Drill-down: quantify impact?`|`Who else was involved—what was uniquely yours?`|`What trade-off did you consciously accept?`","Fake KPIs/unverifiable prestige; blaming-only answers; jargon without definitions; unethical shortcuts presented as heroic; contradictory timelines; exaggerated titles; mocking users/teammates"
"IC-ClosingQuestions-0023","ClosingQuestions","Interview closing phase: formulate questions about internship evaluation metrics.","QUEST map","[Point] Brief truthful headline for your situation. [Proof] One concrete artifact you owned. [Integrity] Mention VERIFY anywhere numbers aren't confirmed. [Close] Invite one thread. [Set 3] Replace bracket fields with truthful details; omit unknowns rather than guessing.","Use QUEST map: keep Situation/Task short; expand Actions YOU took; Results honest (metric or qualitative); Technology only where necessary (STAR+T). End with polite branch offer. Only substitute facts you can verify; say VERIFY for numbers.","[degree_major]; [graduation_month_year]; [location_constraints]; [top_project_hook]; [one_metric_or_VERIFY]; [one_failure_learning]; [one_tool_you_can_define]; Do not use scripts to cheat on live assessments—practice and communication rehearsal only.","`Drill-down: quantify impact?`|`Who else was involved—what was uniquely yours?`|`What trade-off did you consciously accept?`","Fake KPIs/unverifiable prestige; blaming-only answers; jargon without definitions; unethical shortcuts presented as heroic; contradictory timelines; exaggerated titles; mocking users/teammates"
"IC-ClosingQuestions-0024","ClosingQuestions","Interview closing phase: formulate questions about sponsorship constraints VERIFY.","Elevator recap + QUEST","[Point] Brief truthful headline for your situation. [Proof] One concrete artifact you owned. [Integrity] Mention VERIFY anywhere numbers aren't confirmed. [Close] Invite one thread. [Set 4] Replace bracket fields with truthful details; omit unknowns rather than guessing.","Use Elevator recap + QUEST: keep Situation/Task short; expand Actions YOU took; Results honest (metric or qualitative); Technology only where necessary (STAR+T). End with polite branch offer. Only substitute facts you can verify; say VERIFY for numbers.","[degree_major]; [graduation_month_year]; [location_constraints]; [top_project_hook]; [one_metric_or_VERIFY]; [one_failure_learning]; [one_tool_you_can_define]; Do not use scripts to cheat on live assessments—practice and communication rehearsal only.","`Drill-down: quantify impact?`|`Who else was involved—what was uniquely yours?`|`What trade-off did you consciously accept?`","Fake KPIs/unverifiable prestige; blaming-only answers; jargon without definitions; unethical shortcuts presented as heroic; contradictory timelines; exaggerated titles; mocking users/teammates"
"IC-ClosingQuestions-0025","ClosingQuestions","Interview closing phase: formulate questions about relocation support VERIFY.","QUEST map + PREP","[Point] Brief truthful headline for your situation. [Proof] One concrete artifact you owned. [Integrity] Mention VERIFY anywhere numbers aren't confirmed. [Close] Invite one thread. [Set 1] Replace bracket fields with truthful details; omit unknowns rather than guessing.","Use QUEST map + PREP: keep Situation/Task short; expand Actions YOU took; Results honest (metric or qualitative); Technology only where necessary (STAR+T). End with polite branch offer. Only substitute facts you can verify; say VERIFY for numbers.","[degree_major]; [graduation_month_year]; [location_constraints]; [top_project_hook]; [one_metric_or_VERIFY]; [one_failure_learning]; [one_tool_you_can_define]; Do not use scripts to cheat on live assessments—practice and communication rehearsal only.","`Drill-down: quantify impact?`|`Who else was involved—what was uniquely yours?`|`What trade-off did you consciously accept?`","Fake KPIs/unverifiable prestige; blaming-only answers; jargon without definitions; unethical shortcuts presented as heroic; contradictory timelines; exaggerated titles; mocking users/teammates"
"IC-ClosingQuestions-0026","ClosingQuestions","Interview closing phase: formulate questions about timeline next steps politely.","QUEST map","[Point] Brief truthful headline for your situation. [Proof] One concrete artifact you owned. [Integrity] Mention VERIFY anywhere numbers aren't confirmed. [Close] Invite one thread. [Set 2] Replace bracket fields with truthful details; omit unknowns rather than guessing.","Use QUEST map: keep Situation/Task short; expand Actions YOU took; Results honest (metric or qualitative); Technology only where necessary (STAR+T). End with polite branch offer. Only substitute facts you can verify; say VERIFY for numbers.","[degree_major]; [graduation_month_year]; [location_constraints]; [top_project_hook]; [one_metric_or_VERIFY]; [one_failure_learning]; [one_tool_you_can_define]; Do not use scripts to cheat on live assessments—practice and communication rehearsal only.","`Drill-down: quantify impact?`|`Who else was involved—what was uniquely yours?`|`What trade-off did you consciously accept?`","Fake KPIs/unverifiable prestige; blaming-only answers; jargon without definitions; unethical shortcuts presented as heroic; contradictory timelines; exaggerated titles; mocking users/teammates"
"IC-ClosingQuestions-0027","ClosingQuestions","Interview closing phase: formulate questions about interviewer personal journey lightly appropriate.","Elevator recap + QUEST","[Point] Brief truthful headline for your situation. [Proof] One concrete artifact you owned. [Integrity] Mention VERIFY anywhere numbers aren't confirmed. [Close] Invite one thread. [Set 3] Replace bracket fields with truthful details; omit unknowns rather than guessing.","Use Elevator recap + QUEST: keep Situation/Task short; expand Actions YOU took; Results honest (metric or qualitative); Technology only where necessary (STAR+T). End with polite branch offer. Only substitute facts you can verify; say VERIFY for numbers.","[degree_major]; [graduation_month_year]; [location_constraints]; [top_project_hook]; [one_metric_or_VERIFY]; [one_failure_learning]; [one_tool_you_can_define]; Do not use scripts to cheat on live assessments—practice and communication rehearsal only.","`Drill-down: quantify impact?`|`Who else was involved—what was uniquely yours?`|`What trade-off did you consciously accept?`","Fake KPIs/unverifiable prestige; blaming-only answers; jargon without definitions; unethical shortcuts presented as heroic; contradictory timelines; exaggerated titles; mocking users/teammates"
"IC-ClosingQuestions-0028","ClosingQuestions","Interview closing phase: formulate questions about team's biggest challenge honestly curiosity.","QUEST map + PREP","[Point] Brief truthful headline for your situation. [Proof] One concrete artifact you owned. [Integrity] Mention VERIFY anywhere numbers aren't confirmed. [Close] Invite one thread. [Set 4] Replace bracket fields with truthful details; omit unknowns rather than guessing.","Use QUEST map + PREP: keep Situation/Task short; expand Actions YOU took; Results honest (metric or qualitative); Technology only where necessary (STAR+T). End with polite branch offer. Only substitute facts you can verify; say VERIFY for numbers.","[degree_major]; [graduation_month_year]; [location_constraints]; [top_project_hook]; [one_metric_or_VERIFY]; [one_failure_learning]; [one_tool_you_can_define]; Do not use scripts to cheat on live assessments—practice and communication rehearsal only.","`Drill-down: quantify impact?`|`Who else was involved—what was uniquely yours?`|`What trade-off did you consciously accept?`","Fake KPIs/unverifiable prestige; blaming-only answers; jargon without definitions; unethical shortcuts presented as heroic; contradictory timelines; exaggerated titles; mocking users/teammates"
"IC-ClosingQuestions-0029","ClosingQuestions","Interview closing phase: formulate questions about team's recent win genuinely.","QUEST map","[Point] Brief truthful headline for your situation. [Proof] One concrete artifact you owned. [Integrity] Mention VERIFY anywhere numbers aren't confirmed. [Close] Invite one thread. [Set 1] Replace bracket fields with truthful details; omit unknowns rather than guessing.","Use QUEST map: keep Situation/Task short; expand Actions YOU took; Results honest (metric or qualitative); Technology only where necessary (STAR+T). End with polite branch offer. Only substitute facts you can verify; say VERIFY for numbers.","[degree_major]; [graduation_month_year]; [location_constraints]; [top_project_hook]; [one_metric_or_VERIFY]; [one_failure_learning]; [one_tool_you_can_define]; Do not use scripts to cheat on live assessments—practice and communication rehearsal only.","`Drill-down: quantify impact?`|`Who else was involved—what was uniquely yours?`|`What trade-off did you consciously accept?`","Fake KPIs/unverifiable prestige; blaming-only answers; jargon without definitions; unethical shortcuts presented as heroic; contradictory timelines; exaggerated titles; mocking users/teammates"
"IC-ClosingQuestions-0030","ClosingQuestions","Interview closing phase: formulate questions about cross-team friction tactfully phrased.","Elevator recap + QUEST","[Point] Brief truthful headline for your situation. [Proof] One concrete artifact you owned. [Integrity] Mention VERIFY anywhere numbers aren't confirmed. [Close] Invite one thread. [Set 2] Replace bracket fields with truthful details; omit unknowns rather than guessing.","Use Elevator recap + QUEST: keep Situation/Task short; expand Actions YOU took; Results honest (metric or qualitative); Technology only where necessary (STAR+T). End with polite branch offer. Only substitute facts you can verify; say VERIFY for numbers.","[degree_major]; [graduation_month_year]; [location_constraints]; [top_project_hook]; [one_metric_or_VERIFY]; [one_failure_learning]; [one_tool_you_can_define]; Do not use scripts to cheat on live assessments—practice and communication rehearsal only.","`Drill-down: quantify impact?`|`Who else was involved—what was uniquely yours?`|`What trade-off did you consciously accept?`","Fake KPIs/unverifiable prestige; blaming-only answers; jargon without definitions; unethical shortcuts presented as heroic; contradictory timelines; exaggerated titles; mocking users/teammates"
"IC-ClosingQuestions-0031","ClosingQuestions","Interview closing phase: formulate thank-you + recap micro appropriate.","QUEST map + PREP","[Point] Brief truthful headline for your situation. [Proof] One concrete artifact you owned. [Integrity] Mention VERIFY anywhere numbers aren't confirmed. [Close] Invite one thread. [Set 3] Replace bracket fields with truthful details; omit unknowns rather than guessing.","Use QUEST map + PREP: keep Situation/Task short; expand Actions YOU took; Results honest (metric or qualitative); Technology only where necessary (STAR+T). End with polite branch offer. Only substitute facts you can verify; say VERIFY for numbers.","[degree_major]; [graduation_month_year]; [location_constraints]; [top_project_hook]; [one_metric_or_VERIFY]; [one_failure_learning]; [one_tool_you_can_define]; Do not use scripts to cheat on live assessments—practice and communication rehearsal only.","`Drill-down: quantify impact?`|`Who else was involved—what was uniquely yours?`|`What trade-off did you consciously accept?`","Fake KPIs/unverifiable prestige; blaming-only answers; jargon without definitions; unethical shortcuts presented as heroic; contradictory timelines; exaggerated titles; mocking users/teammates"
"IC-ClosingQuestions-0032","ClosingQuestions","Interview closing phase: formulate closing gratitude template.","QUEST map","[Point] Brief truthful headline for your situation. [Proof] One concrete artifact you owned. [Integrity] Mention VERIFY anywhere numbers aren't confirmed. [Close] Invite one thread. [Set 4] Replace bracket fields with truthful details; omit unknowns rather than guessing.","Use QUEST map: keep Situation/Task short; expand Actions YOU took; Results honest (metric or qualitative); Technology only where necessary (STAR+T). End with polite branch offer. Only substitute facts you can verify; say VERIFY for numbers.","[degree_major]; [graduation_month_year]; [location_constraints]; [top_project_hook]; [one_metric_or_VERIFY]; [one_failure_learning]; [one_tool_you_can_define]; Do not use scripts to cheat on live assessments—practice and communication rehearsal only.","`Drill-down: quantify impact?`|`Who else was involved—what was uniquely yours?`|`What trade-off did you consciously accept?`","Fake KPIs/unverifiable prestige; blaming-only answers; jargon without definitions; unethical shortcuts presented as heroic; contradictory timelines; exaggerated titles; mocking users/teammates"
"IC-ClosingQuestions-0033","ClosingQuestions","Interview closing phase: formulate final impression reinforcement ethical.","Elevator recap + QUEST","[Point] Brief truthful headline for your situation. [Proof] One concrete artifact you owned. [Integrity] Mention VERIFY anywhere numbers aren't confirmed. [Close] Invite one thread. [Set 1] Replace bracket fields with truthful details; omit unknowns rather than guessing.","Use Elevator recap + QUEST: keep Situation/Task short; expand Actions YOU took; Results honest (metric or qualitative); Technology only where necessary (STAR+T). End with polite branch offer. Only substitute facts you can verify; say VERIFY for numbers.","[degree_major]; [graduation_month_year]; [location_constraints]; [top_project_hook]; [one_metric_or_VERIFY]; [one_failure_learning]; [one_tool_you_can_define]; Do not use scripts to cheat on live assessments—practice and communication rehearsal only.","`Drill-down: quantify impact?`|`Who else was involved—what was uniquely yours?`|`What trade-off did you consciously accept?`","Fake KPIs/unverifiable prestige; blaming-only answers; jargon without definitions; unethical shortcuts presented as heroic; contradictory timelines; exaggerated titles; mocking users/teammates"
"IC-ClosingQuestions-0034","ClosingQuestions","Interview closing phase: formulate when no time remains micro question polite.","QUEST map + PREP","[Point] Brief truthful headline for your situation. [Proof] One concrete artifact you owned. [Integrity] Mention VERIFY anywhere numbers aren't confirmed. [Close] Invite one thread. [Set 2] Replace bracket fields with truthful details; omit unknowns rather than guessing.","Use QUEST map + PREP: keep Situation/Task short; expand Actions YOU took; Results honest (metric or qualitative); Technology only where necessary (STAR+T). End with polite branch offer. Only substitute facts you can verify; say VERIFY for numbers.","[degree_major]; [graduation_month_year]; [location_constraints]; [top_project_hook]; [one_metric_or_VERIFY]; [one_failure_learning]; [one_tool_you_can_define]; Do not use scripts to cheat on live assessments—practice and communication rehearsal only.","`Drill-down: quantify impact?`|`Who else was involved—what was uniquely yours?`|`What trade-off did you consciously accept?`","Fake KPIs/unverifiable prestige; blaming-only answers; jargon without definitions; unethical shortcuts presented as heroic; contradictory timelines; exaggerated titles; mocking users/teammates"
"IC-ClosingQuestions-0035","ClosingQuestions","Interview closing phase: formulate when panel silent politely offer close.","QUEST map","[Point] Brief truthful headline for your situation. [Proof] One concrete artifact you owned. [Integrity] Mention VERIFY anywhere numbers aren't confirmed. [Close] Invite one thread. [Set 3] Replace bracket fields with truthful details; omit unknowns rather than guessing.","Use QUEST map: keep Situation/Task short; expand Actions YOU took; Results honest (metric or qualitative); Technology only where necessary (STAR+T). End with polite branch offer. Only substitute facts you can verify; say VERIFY for numbers.","[degree_major]; [graduation_month_year]; [location_constraints]; [top_project_hook]; [one_metric_or_VERIFY]; [one_failure_learning]; [one_tool_you_can_define]; Do not use scripts to cheat on live assessments—practice and communication rehearsal only.","`Drill-down: quantify impact?`|`Who else was involved—what was uniquely yours?`|`What trade-off did you consciously accept?`","Fake KPIs/unverifiable prestige; blaming-only answers; jargon without definitions; unethical shortcuts presented as heroic; contradictory timelines; exaggerated titles; mocking users/teammates"
"IC-ClosingQuestions-0036","ClosingQuestions","Interview closing phase: formulate when remote onboarding differences curiosity.","Elevator recap + QUEST","[Point] Brief truthful headline for your situation. [Proof] One concrete artifact you owned. [Integrity] Mention VERIFY anywhere numbers aren't confirmed. [Close] Invite one thread. [Set 4] Replace bracket fields with truthful details; omit unknowns rather than guessing.","Use Elevator recap + QUEST: keep Situation/Task short; expand Actions YOU took; Results honest (metric or qualitative); Technology only where necessary (STAR+T). End with polite branch offer. Only substitute facts you can verify; say VERIFY for numbers.","[degree_major]; [graduation_month_year]; [location_constraints]; [top_project_hook]; [one_metric_or_VERIFY]; [one_failure_learning]; [one_tool_you_can_define]; Do not use scripts to cheat on live assessments—practice and communication rehearsal only.","`Drill-down: quantify impact?`|`Who else was involved—what was uniquely yours?`|`What trade-off did you consciously accept?`","Fake KPIs/unverifiable prestige; blaming-only answers; jargon without definitions; unethical shortcuts presented as heroic; contradictory timelines; exaggerated titles; mocking users/teammates"
"IC-ClosingQuestions-0037","ClosingQuestions","Interview closing phase: formulate when hybrid norms curiosity.","QUEST map + PREP","[Point] Brief truthful headline for your situation. [Proof] One concrete artifact you owned. [Integrity] Mention VERIFY anywhere numbers aren't confirmed. [Close] Invite one thread. [Set 1] Replace bracket fields with truthful details; omit unknowns rather than guessing.","Use QUEST map + PREP: keep Situation/Task short; expand Actions YOU took; Results honest (metric or qualitative); Technology only where necessary (STAR+T). End with polite branch offer. Only substitute facts you can verify; say VERIFY for numbers.","[degree_major]; [graduation_month_year]; [location_constraints]; [top_project_hook]; [one_metric_or_VERIFY]; [one_failure_learning]; [one_tool_you_can_define]; Do not use scripts to cheat on live assessments—practice and communication rehearsal only.","`Drill-down: quantify impact?`|`Who else was involved—what was uniquely yours?`|`What trade-off did you consciously accept?`","Fake KPIs/unverifiable prestige; blaming-only answers; jargon without definitions; unethical shortcuts presented as heroic; contradictory timelines; exaggerated titles; mocking users/teammates"
"IC-ClosingQuestions-0038","ClosingQuestions","Interview closing phase: formulate when security constraints curiosity.","QUEST map","[Point] Brief truthful headline for your situation. [Proof] One concrete artifact you owned. [Integrity] Mention VERIFY anywhere numbers aren't confirmed. [Close] Invite one thread. [Set 2] Replace bracket fields with truthful details; omit unknowns rather than guessing.","Use QUEST map: keep Situation/Task short; expand Actions YOU took; Results honest (metric or qualitative); Technology only where necessary (STAR+T). End with polite branch offer. Only substitute facts you can verify; say VERIFY for numbers.","[degree_major]; [graduation_month_year]; [location_constraints]; [top_project_hook]; [one_metric_or_VERIFY]; [one_failure_learning]; [one_tool_you_can_define]; Do not use scripts to cheat on live assessments—practice and communication rehearsal only.","`Drill-down: quantify impact?`|`Who else was involved—what was uniquely yours?`|`What trade-off did you consciously accept?`","Fake KPIs/unverifiable prestige; blaming-only answers; jargon without definitions; unethical shortcuts presented as heroic; contradictory timelines; exaggerated titles; mocking users/teammates"
"IC-ClosingQuestions-0039","ClosingQuestions","Interview closing phase: formulate when learning budget curiosity.","Elevator recap + QUEST","[Point] Brief truthful headline for your situation. [Proof] One concrete artifact you owned. [Integrity] Mention VERIFY anywhere numbers aren't confirmed. [Close] Invite one thread. [Set 3] Replace bracket fields with truthful details; omit unknowns rather than guessing.","Use Elevator recap + QUEST: keep Situation/Task short; expand Actions YOU took; Results honest (metric or qualitative); Technology only where necessary (STAR+T). End with polite branch offer. Only substitute facts you can verify; say VERIFY for numbers.","[degree_major]; [graduation_month_year]; [location_constraints]; [top_project_hook]; [one_metric_or_VERIFY]; [one_failure_learning]; [one_tool_you_can_define]; Do not use scripts to cheat on live assessments—practice and communication rehearsal only.","`Drill-down: quantify impact?`|`Who else was involved—what was uniquely yours?`|`What trade-off did you consciously accept?`","Fake KPIs/unverifiable prestige; blaming-only answers; jargon without definitions; unethical shortcuts presented as heroic; contradictory timelines; exaggerated titles; mocking users/teammates"
"IC-ClosingQuestions-0040","ClosingQuestions","Interview closing phase: formulate when conference/education perks curiosity VERIFY HR policy.","QUEST map + PREP","[Point] Brief truthful headline for your situation. [Proof] One concrete artifact you owned. [Integrity] Mention VERIFY anywhere numbers aren't confirmed. [Close] Invite one thread. [Set 4] Replace bracket fields with truthful details; omit unknowns rather than guessing.","Use QUEST map + PREP: keep Situation/Task short; expand Actions YOU took; Results honest (metric or qualitative); Technology only where necessary (STAR+T). End with polite branch offer. Only substitute facts you can verify; say VERIFY for numbers.","[degree_major]; [graduation_month_year]; [location_constraints]; [top_project_hook]; [one_metric_or_VERIFY]; [one_failure_learning]; [one_tool_you_can_define]; Do not use scripts to cheat on live assessments—practice and communication rehearsal only.","`Drill-down: quantify impact?`|`Who else was involved—what was uniquely yours?`|`What trade-off did you consciously accept?`","Fake KPIs/unverifiable prestige; blaming-only answers; jargon without definitions; unethical shortcuts presented as heroic; contradictory timelines; exaggerated titles; mocking users/teammates"
"IC-ClosingQuestions-0041","ClosingQuestions","Interview closing phase: formulate when community involvement curiosity.","QUEST map","[Point] Brief truthful headline for your situation. [Proof] One concrete artifact you owned. [Integrity] Mention VERIFY anywhere numbers aren't confirmed. [Close] Invite one thread. [Set 1] Replace bracket fields with truthful details; omit unknowns rather than guessing.","Use QUEST map: keep Situation/Task short; expand Actions YOU took; Results honest (metric or qualitative); Technology only where necessary (STAR+T). End with polite branch offer. Only substitute facts you can verify; say VERIFY for numbers.","[degree_major]; [graduation_month_year]; [location_constraints]; [top_project_hook]; [one_metric_or_VERIFY]; [one_failure_learning]; [one_tool_you_can_define]; Do not use scripts to cheat on live assessments—practice and communication rehearsal only.","`Drill-down: quantify impact?`|`Who else was involved—what was uniquely yours?`|`What trade-off did you consciously accept?`","Fake KPIs/unverifiable prestige; blaming-only answers; jargon without definitions; unethical shortcuts presented as heroic; contradictory timelines; exaggerated titles; mocking users/teammates"
"IC-ClosingQuestions-0042","ClosingQuestions","Interview closing phase: formulate closing humble confidence line truthful.","Elevator recap + QUEST","[Point] Brief truthful headline for your situation. [Proof] One concrete artifact you owned. [Integrity] Mention VERIFY anywhere numbers aren't confirmed. [Close] Invite one thread. [Set 2] Replace bracket fields with truthful details; omit unknowns rather than guessing.","Use Elevator recap + QUEST: keep Situation/Task short; expand Actions YOU took; Results honest (metric or qualitative); Technology only where necessary (STAR+T). End with polite branch offer. Only substitute facts you can verify; say VERIFY for numbers.","[degree_major]; [graduation_month_year]; [location_constraints]; [top_project_hook]; [one_metric_or_VERIFY]; [one_failure_learning]; [one_tool_you_can_define]; Do not use scripts to cheat on live assessments—practice and communication rehearsal only.","`Drill-down: quantify impact?`|`Who else was involved—what was uniquely yours?`|`What trade-off did you consciously accept?`","Fake KPIs/unverifiable prestige; blaming-only answers; jargon without definitions; unethical shortcuts presented as heroic; contradictory timelines; exaggerated titles; mocking users/teammates"
"IC-ClosingQuestions-0043","ClosingQuestions","Interview closing phase: formulate offer to summarize one strength ethically.","QUEST map + PREP","[Point] Brief truthful headline for your situation. [Proof] One concrete artifact you owned. [Integrity] Mention VERIFY anywhere numbers aren't confirmed. [Close] Invite one thread. [Set 3] Replace bracket fields with truthful details; omit unknowns rather than guessing.","Use QUEST map + PREP: keep Situation/Task short; expand Actions YOU took; Results honest (metric or qualitative); Technology only where necessary (STAR+T). End with polite branch offer. Only substitute facts you can verify; say VERIFY for numbers.","[degree_major]; [graduation_month_year]; [location_constraints]; [top_project_hook]; [one_metric_or_VERIFY]; [one_failure_learning]; [one_tool_you_can_define]; Do not use scripts to cheat on live assessments—practice and communication rehearsal only.","`Drill-down: quantify impact?`|`Who else was involved—what was uniquely yours?`|`What trade-off did you consciously accept?`","Fake KPIs/unverifiable prestige; blaming-only answers; jargon without definitions; unethical shortcuts presented as heroic; contradictory timelines; exaggerated titles; mocking users/teammates"
"IC-ClosingQuestions-0044","ClosingQuestions","Interview closing phase: formulate offer to clarify one detail politely.","QUEST map","[Point] Brief truthful headline for your situation. [Proof] One concrete artifact you owned. [Integrity] Mention VERIFY anywhere numbers aren't confirmed. [Close] Invite one thread. [Set 4] Replace bracket fields with truthful details; omit unknowns rather than guessing.","Use QUEST map: keep Situation/Task short; expand Actions YOU took; Results honest (metric or qualitative); Technology only where necessary (STAR+T). End with polite branch offer. Only substitute facts you can verify; say VERIFY for numbers.","[degree_major]; [graduation_month_year]; [location_constraints]; [top_project_hook]; [one_metric_or_VERIFY]; [one_failure_learning]; [one_tool_you_can_define]; Do not use scripts to cheat on live assessments—practice and communication rehearsal only.","`Drill-down: quantify impact?`|`Who else was involved—what was uniquely yours?`|`What trade-off did you consciously accept?`","Fake KPIs/unverifiable prestige; blaming-only answers; jargon without definitions; unethical shortcuts presented as heroic; contradictory timelines; exaggerated titles; mocking users/teammates"
"IC-ClosingQuestions-0045","ClosingQuestions","Interview closing phase: formulate offer to sync async preferences politely.","Elevator recap + QUEST","[Point] Brief truthful headline for your situation. [Proof] One concrete artifact you owned. [Integrity] Mention VERIFY anywhere numbers aren't confirmed. [Close] Invite one thread. [Set 1] Replace bracket fields with truthful details; omit unknowns rather than guessing.","Use Elevator recap + QUEST: keep Situation/Task short; expand Actions YOU took; Results honest (metric or qualitative); Technology only where necessary (STAR+T). End with polite branch offer. Only substitute facts you can verify; say VERIFY for numbers.","[degree_major]; [graduation_month_year]; [location_constraints]; [top_project_hook]; [one_metric_or_VERIFY]; [one_failure_learning]; [one_tool_you_can_define]; Do not use scripts to cheat on live assessments—practice and communication rehearsal only.","`Drill-down: quantify impact?`|`Who else was involved—what was uniquely yours?`|`What trade-off did you consciously accept?`","Fake KPIs/unverifiable prestige; blaming-only answers; jargon without definitions; unethical shortcuts presented as heroic; contradictory timelines; exaggerated titles; mocking users/teammates"
"IC-ClosingQuestions-0046","ClosingQuestions","Interview closing phase: formulate questions about success first 90 days.","QUEST map + PREP","[Point] Brief truthful headline for your situation. [Proof] One concrete artifact you owned. [Integrity] Mention VERIFY anywhere numbers aren't confirmed. [Close] Invite one thread. [Set 2] Replace bracket fields with truthful details; omit unknowns rather than guessing.","Use QUEST map + PREP: keep Situation/Task short; expand Actions YOU took; Results honest (metric or qualitative); Technology only where necessary (STAR+T). End with polite branch offer. Only substitute facts you can verify; say VERIFY for numbers.","[degree_major]; [graduation_month_year]; [location_constraints]; [top_project_hook]; [one_metric_or_VERIFY]; [one_failure_learning]; [one_tool_you_can_define]; Do not use scripts to cheat on live assessments—practice and communication rehearsal only.","`Drill-down: quantify impact?`|`Who else was involved—what was uniquely yours?`|`What trade-off did you consciously accept?`","Fake KPIs/unverifiable prestige; blaming-only answers; jargon without definitions; unethical shortcuts presented as heroic; contradictory timelines; exaggerated titles; mocking users/teammates"
"IC-ClosingQuestions-0047","ClosingQuestions","Interview closing phase: formulate questions about onboarding.","QUEST map","[Point] Brief truthful headline for your situation. [Proof] One concrete artifact you owned. [Integrity] Mention VERIFY anywhere numbers aren't confirmed. [Close] Invite one thread. [Set 3] Replace bracket fields with truthful details; omit unknowns rather than guessing.","Use QUEST map: keep Situation/Task short; expand Actions YOU took; Results honest (metric or qualitative); Technology only where necessary (STAR+T). End with polite branch offer. Only substitute facts you can verify; say VERIFY for numbers.","[degree_major]; [graduation_month_year]; [location_constraints]; [top_project_hook]; [one_metric_or_VERIFY]; [one_failure_learning]; [one_tool_you_can_define]; Do not use scripts to cheat on live assessments—practice and communication rehearsal only.","`Drill-down: quantify impact?`|`Who else was involved—what was uniquely yours?`|`What trade-off did you consciously accept?`","Fake KPIs/unverifiable prestige; blaming-only answers; jargon without definitions; unethical shortcuts presented as heroic; contradictory timelines; exaggerated titles; mocking users/teammates"
"IC-ClosingQuestions-0048","ClosingQuestions","Interview closing phase: formulate questions about mentoring.","Elevator recap + QUEST","[Point] Brief truthful headline for your situation. [Proof] One concrete artifact you owned. [Integrity] Mention VERIFY anywhere numbers aren't confirmed. [Close] Invite one thread. [Set 4] Replace bracket fields with truthful details; omit unknowns rather than guessing.","Use Elevator recap + QUEST: keep Situation/Task short; expand Actions YOU took; Results honest (metric or qualitative); Technology only where necessary (STAR+T). End with polite branch offer. Only substitute facts you can verify; say VERIFY for numbers.","[degree_major]; [graduation_month_year]; [location_constraints]; [top_project_hook]; [one_metric_or_VERIFY]; [one_failure_learning]; [one_tool_you_can_define]; Do not use scripts to cheat on live assessments—practice and communication rehearsal only.","`Drill-down: quantify impact?`|`Who else was involved—what was uniquely yours?`|`What trade-off did you consciously accept?`","Fake KPIs/unverifiable prestige; blaming-only answers; jargon without definitions; unethical shortcuts presented as heroic; contradictory timelines; exaggerated titles; mocking users/teammates"
"IC-ClosingQuestions-0049","ClosingQuestions","Interview closing phase: formulate questions about codebase reality.","QUEST map + PREP","[Point] Brief truthful headline for your situation. [Proof] One concrete artifact you owned. [Integrity] Mention VERIFY anywhere numbers aren't confirmed. [Close] Invite one thread. [Set 1] Replace bracket fields with truthful details; omit unknowns rather than guessing.","Use QUEST map + PREP: keep Situation/Task short; expand Actions YOU took; Results honest (metric or qualitative); Technology only where necessary (STAR+T). End with polite branch offer. Only substitute facts you can verify; say VERIFY for numbers.","[degree_major]; [graduation_month_year]; [location_constraints]; [top_project_hook]; [one_metric_or_VERIFY]; [one_failure_learning]; [one_tool_you_can_define]; Do not use scripts to cheat on live assessments—practice and communication rehearsal only.","`Drill-down: quantify impact?`|`Who else was involved—what was uniquely yours?`|`What trade-off did you consciously accept?`","Fake KPIs/unverifiable prestige; blaming-only answers; jargon without definitions; unethical shortcuts presented as heroic; contradictory timelines; exaggerated titles; mocking users/teammates"
"IC-ClosingQuestions-0050","ClosingQuestions","Interview closing phase: formulate questions about tooling stack reality.","QUEST map","[Point] Brief truthful headline for your situation. [Proof] One concrete artifact you owned. [Integrity] Mention VERIFY anywhere numbers aren't confirmed. [Close] Invite one thread. [Set 2] Replace bracket fields with truthful details; omit unknowns rather than guessing.","Use QUEST map: keep Situation/Task short; expand Actions YOU took; Results honest (metric or qualitative); Technology only where necessary (STAR+T). End with polite branch offer. Only substitute facts you can verify; say VERIFY for numbers.","[degree_major]; [graduation_month_year]; [location_constraints]; [top_project_hook]; [one_metric_or_VERIFY]; [one_failure_learning]; [one_tool_you_can_define]; Do not use scripts to cheat on live assessments—practice and communication rehearsal only.","`Drill-down: quantify impact?`|`Who else was involved—what was uniquely yours?`|`What trade-off did you consciously accept?`","Fake KPIs/unverifiable prestige; blaming-only answers; jargon without definitions; unethical shortcuts presented as heroic; contradictory timelines; exaggerated titles; mocking users/teammates"
"IC-ClosingQuestions-0051","ClosingQuestions","Interview closing phase: formulate questions about QA practices.","Elevator recap + QUEST","[Point] Brief truthful headline for your situation. [Proof] One concrete artifact you owned. [Integrity] Mention VERIFY anywhere numbers aren't confirmed. [Close] Invite one thread. [Set 3] Replace bracket fields with truthful details; omit unknowns rather than guessing.","Use Elevator recap + QUEST: keep Situation/Task short; expand Actions YOU took; Results honest (metric or qualitative); Technology only where necessary (STAR+T). End with polite branch offer. Only substitute facts you can verify; say VERIFY for numbers.","[degree_major]; [graduation_month_year]; [location_constraints]; [top_project_hook]; [one_metric_or_VERIFY]; [one_failure_learning]; [one_tool_you_can_define]; Do not use scripts to cheat on live assessments—practice and communication rehearsal only.","`Drill-down: quantify impact?`|`Who else was involved—what was uniquely yours?`|`What trade-off did you consciously accept?`","Fake KPIs/unverifiable prestige; blaming-only answers; jargon without definitions; unethical shortcuts presented as heroic; contradictory timelines; exaggerated titles; mocking users/teammates"
"IC-ClosingQuestions-0052","ClosingQuestions","Interview closing phase: formulate questions about observability seriousness.","QUEST map + PREP","[Point] Brief truthful headline for your situation. [Proof] One concrete artifact you owned. [Integrity] Mention VERIFY anywhere numbers aren't confirmed. [Close] Invite one thread. [Set 4] Replace bracket fields with truthful details; omit unknowns rather than guessing.","Use QUEST map + PREP: keep Situation/Task short; expand Actions YOU took; Results honest (metric or qualitative); Technology only where necessary (STAR+T). End with polite branch offer. Only substitute facts you can verify; say VERIFY for numbers.","[degree_major]; [graduation_month_year]; [location_constraints]; [top_project_hook]; [one_metric_or_VERIFY]; [one_failure_learning]; [one_tool_you_can_define]; Do not use scripts to cheat on live assessments—practice and communication rehearsal only.","`Drill-down: quantify impact?`|`Who else was involved—what was uniquely yours?`|`What trade-off did you consciously accept?`","Fake KPIs/unverifiable prestige; blaming-only answers; jargon without definitions; unethical shortcuts presented as heroic; contradictory timelines; exaggerated titles; mocking users/teammates"
"IC-ClosingQuestions-0053","ClosingQuestions","Interview closing phase: formulate questions about incidents culture.","QUEST map","[Point] Brief truthful headline for your situation. [Proof] One concrete artifact you owned. [Integrity] Mention VERIFY anywhere numbers aren't confirmed. [Close] Invite one thread. [Set 1] Replace bracket fields with truthful details; omit unknowns rather than guessing.","Use QUEST map: keep Situation/Task short; expand Actions YOU took; Results honest (metric or qualitative); Technology only where necessary (STAR+T). End with polite branch offer. Only substitute facts you can verify; say VERIFY for numbers.","[degree_major]; [graduation_month_year]; [location_constraints]; [top_project_hook]; [one_metric_or_VERIFY]; [one_failure_learning]; [one_tool_you_can_define]; Do not use scripts to cheat on live assessments—practice and communication rehearsal only.","`Drill-down: quantify impact?`|`Who else was involved—what was uniquely yours?`|`What trade-off did you consciously accept?`","Fake KPIs/unverifiable prestige; blaming-only answers; jargon without definitions; unethical shortcuts presented as heroic; contradictory timelines; exaggerated titles; mocking users/teammates"
"IC-ClosingQuestions-0054","ClosingQuestions","Interview closing phase: formulate questions about ethics reporting.","Elevator recap + QUEST","[Point] Brief truthful headline for your situation. [Proof] One concrete artifact you owned. [Integrity] Mention VERIFY anywhere numbers aren't confirmed. [Close] Invite one thread. [Set 2] Replace bracket fields with truthful details; omit unknowns rather than guessing.","Use Elevator recap + QUEST: keep Situation/Task short; expand Actions YOU took; Results honest (metric or qualitative); Technology only where necessary (STAR+T). End with polite branch offer. Only substitute facts you can verify; say VERIFY for numbers.","[degree_major]; [graduation_month_year]; [location_constraints]; [top_project_hook]; [one_metric_or_VERIFY]; [one_failure_learning]; [one_tool_you_can_define]; Do not use scripts to cheat on live assessments—practice and communication rehearsal only.","`Drill-down: quantify impact?`|`Who else was involved—what was uniquely yours?`|`What trade-off did you consciously accept?`","Fake KPIs/unverifiable prestige; blaming-only answers; jargon without definitions; unethical shortcuts presented as heroic; contradictory timelines; exaggerated titles; mocking users/teammates"